Workbook

Sheet Base_Painel
A1: CodigoMunicipio | B1: Município | C1: Ano-Referência | D1: IQE | E1: IQEF | F1: P | G1: IMEG | H1: IQ2 | I1: IQ5 | J1: IDE2 | K1: IDE5 | L1: DeltaIDEN2 | M1: DeltaIDEN5 | N1: PMNLP2 | O1: PMNMT2 | P1: PMNLP5 | Q1: PMNMT5 | R1: IDALP2 | S1: ABLP2 | T1: BLP2 | U1: PLP2 | V1: AVLP2 | W1: IDAMT2 | X1: ABMT2 | Y1: BMT2 | Z1: PMT2 | AA1: AVMT2 | AB1: IDALP5 | AC1: ABLP5 | AD1: BLP5 | AE1: PLP5 | AF1: AVLP5 | AG1: IDAMT5 | AH1: ABMT5 | AI1: BMT5 | AJ1: PMT5 | AK1: AVMT5 | AL1: TPLP2 | AM1: TPMT2 | AN1: TPLP5 | AO1: TPMT5 | AP1: IVEC | AQ1: IEQLP2 | AR1: ΔDESVFSEtLP2 | AS1: IEQMT2 | AT1: ΔDESVFSEtMT2 | AU1: IEQLP5 | AV1: ΔDESVFSEtLP5 | AW1: IEQMT5 | AX1: ΔDESVFSEtMT5 | AY1: ICMS_Educacional_Estimado
A2: 3200102 | B2: AFONSO CLAUDIO | C2: 2022 | D2: - | E2: - | F2: - | G2: - | H2: - | I2: - | J2: 0.74825865 | K2: 0.6827254 | L2: - | M2: - | N2: 0.60096826 | O2: 0.57938126 | P2: 0.58199833 | Q2: 0.59946105 | R2: 0.8968523 | S2: 0.050847458 | T2: 0.091525424 | U2: 0.40677966 | V2: 0.45084746 | W2: 0.86093972 | X2: 0.03654485 | Y2: 0.17940199 | Z2: 0.40531561 | AA2: 0.37873754 | AB2: 0.74570447 | AC2: 0.089347079 | AD2: 0.28865979 | AE2: 0.35738832 | AF2: 0.26460481 | AG2: 0.68973981 | AH2: 0.12371134 | AI2: 0.32646048 | AJ2: 0.36082474 | AK2: 0.18900344 | AL2: 0.921875 | AM2: 0.93188854 | AN2: 0.89538462 | AO2: 0.89538462 | AP2: - | AQ2: 0.91790376 | AR2: - | AS2: 0.92690307 | AT2: - | AU2: 0.88649627 | AV2: - | AW2: 0.83540873 | AX2: - | AY2: -
A3: 3201159 | B3: BREJETUBA | C3: 2022 | D3: - | E3: - | F3: - | G3: - | H3: - | I3: - | J3: 0.7111989 | K3: 0.65880913 | L3: - | M3: - | N3: 0.55690662 | O3: 0.5389999 | P3: 0.58448261 | Q3: 0.60258826 | R3: 0.83608059 | S3: 0.10897436 | T3: 0.096153846 | U3: 0.42948718 | V3: 0.36538462 | W3: 0.80737327 | X3: 0.04516129 | Y3: 0.25806452 | Z3: 0.49032258 | AA3: 0.20645161 | AB3: 0.71517857 | AC3: 0.10625 | AD3: 0.3125 | AE3: 0.375 | AF3: 0.20625 | AG3: 0.65357143 | AH3: 0.175 | AI3: 0.3 | AJ3: 0.34375 | AK3: 0.18125 | AL3: 0.92307692 | AM3: 0.91715976 | AN3: 0.89385475 | AO3: 0.89385475 | AP3: - | AQ3: 0.93373938 | AR3: - | AS3: 0.87182917 | AT3: - | AU3: 0.86063656 | AV3: - | AW3: 0.80334643 | AX3: - | AY3: -
A4: 3201704 | B4: CONCEICAO DO CASTELO | C4: 2022 | D4: - | E4: - | F4: - | G4: - | H4: - | I4: - | J4: 0.73164138 | K4: 0.67116384 | L4: - | M4: - | N4: 0.55571326 | O4: 0.57266833 | P4: 0.59801013 | Q4: 0.59257901 | R4: 0.85634029 | S4: 0.073033708 | T4: 0.12359551 | U4: 0.46629213 | V4: 0.33707865 | W4: 0.86763519 | X4: 0.06779661 | Y4: 0.11299435 | Z4: 0.48587571 | AA4: 0.33333333 | AB4: 0.73015873 | AC4: 0.086419753 | AD4: 0.32098765 | AE4: 0.38271605 | AF4: 0.20987654 | AG4: 0.63227513 | AH4: 0.14197531 | AI4: 0.39506173 | AJ4: 0.2962963 | AK4: 0.16666667 | AL4: 0.94680851 | AM4: 0.93157895 | AN4: 0.93103448 | AO4: 0.93103448 | AP4: - | AQ4: 0.93683854 | AR4: - | AS4: 0.97416883 | AT4: - | AU4: 0.77095501 | AV4: - | AW4: 0.80216006 | AX4: - | AY4: -
A5: 3201902 | B5: DOMINGOS MARTINS | C5: 2022 | D5: - | E5: - | F5: - | G5: - | H5: - | I5: - | J5: 0.72099132 | K5: 0.67934124 | L5: - | M5: - | N5: 0.56772369 | O5: 0.54786692 | P5: 0.57649123 | Q5: 0.588835 | R5: 0.856469 | S5: 0.051886793 | T5: 0.16037736 | U5: 0.42216981 | V5: 0.36556604 | W5: 0.84439973 | X5: 0.037558685 | Y5: 0.20657277 | Z5: 0.55164319 | AA5: 0.20422535 | AB5: 0.73054306 | AC5: 0.10895884 | AD5: 0.28087167 | AE5: 0.36319613 | AF5: 0.24697337 | AG5: 0.68107921 | AH5: 0.15012107 | AI5: 0.29539952 | AJ5: 0.40435835 | AK5: 0.15012107 | AL5: 0.91182796 | AM5: 0.91416309 | AN5: 0.93650794 | AO5: 0.93650794 | AP5: - | AQ5: 0.9351304 | AR5: - | AS5: 0.96676415 | AT5: - | AU5: 0.79323416 | AV5: - | AW5: 0.81311659 | AX5: - | AY5: -
A6: 3203163 | B6: LARANJA DA TERRA | C6: 2022 | D6: - | E6: - | F6: - | G6: - | H6: - | I6: - | J6: 0.71908685 | K6: 0.73431521 | L6: - | M6: - | N6: 0.53966271 | O6: 0.60130263 | P6: 0.61580712 | Q6: 0.64321047 | R6: 0.79675994 | S6: 0.06185567 | T6: 0.24742268 | U6: 0.37113402 | V6: 0.31958763 | W6: 0.89583333 | X6: 0.020833333 | Y6: 0.14583333 | Z6: 0.41666667 | AA6: 0.41666667 | AB6: 0.82491944 | AC6: 0.037593985 | AD6: 0.2406015 | AE6: 0.37593985 | AF6: 0.34586466 | AG6: 0.74113856 | AH6: 0.14285714 | AI6: 0.20300752 | AJ6: 0.42105263 | AK6: 0.23308271 | AL6: 0.91509434 | AM6: 0.90566038 | AN6: 0.97794118 | AO6: 0.97794118 | AP6: - | AQ6: 0.98162813 | AR6: - | AS6: 0.93954081 | AT6: - | AU6: 0.8412602 | AV6: - | AW6: 0.83099047 | AX6: - | AY6: -
A7: 3204559 | B7: SANTA MARIA DE JETIBA | C7: 2022 | D7: - | E7: - | F7: - | G7: - | H7: - | I7: - | J7: 0.69549616 | K7: 0.69312225 | L7: - | M7: - | N7: 0.52039299 | O7: 0.54486482 | P7: 0.56962657 | Q7: 0.60638514 | R7: 0.77074129 | S7: 0.11340206 | T7: 0.20274914 | U7: 0.39862543 | V7: 0.28522337 | W7: 0.80338983 | X7: 0.047457627 | Y7: 0.26101695 | Z7: 0.38305085 | AA7: 0.30847458 | AB7: 0.77898551 | AC7: 0.047101449 | AD7: 0.30434783 | AE7: 0.4057971 | AF7: 0.24275362 | AG7: 0.7173913 | AH7: 0.094202899 | AI7: 0.32971014 | AJ7: 0.39130435 | AK7: 0.18478261 | AL7: 0.93269231 | AM7: 0.94551282 | AN7: 0.90789474 | AO7: 0.90789474 | AP7: - | AQ7: 0.90413969 | AR7: - | AS7: 0.88035499 | AT7: - | AU7: 0.84891931 | AV7: - | AW7: 0.87910863 | AX7: - | AY7: -
A8: 3205069 | B8: VENDA NOVA DO IMIGRANTE | C8: 2022 | D8: - | E8: - | F8: - | G8: - | H8: - | I8: - | J8: 0.6356028 | K8: 0.66116827 | L8: - | M8: - | N8: 0.5235051 | O8: 0.46452719 | P8: 0.59353826 | Q8: 0.54659175 | R8: 0.78030303 | S8: 0.098484848 | T8: 0.21212121 | U8: 0.39393939 | V8: 0.29545455 | W8: 0.69805195 | X8: 0.098484848 | Y8: 0.35606061 | Z8: 0.46969697 | AA8: 0.075757576 | AB8: 0.75490196 | AC8: 0.088235294 | AD8: 0.2745098 | AE8: 0.32352941 | AF8: 0.31372549 | AG8: 0.57563025 | AH8: 0.24509804 | AI8: 0.31372549 | AJ8: 0.29411765 | AK8: 0.14705882 | AL8: 0.79518072 | AM8: 0.79518072 | AN8: 0.91891892 | AO8: 0.91891892 | AP8: - | AQ8: 0.91869945 | AR8: - | AS8: 0.86189458 | AT8: - | AU8: 0.89585812 | AV8: - | AW8: 0.79437171 | AX8: - | AY8: -
A9: 3200169 | B9: AGUA DOCE DO NORTE | C9: 2022 | D9: - | E9: - | F9: - | G9: - | H9: - | I9: - | J9: 0.62524939 | K9: 0.6709889 | L9: - | M9: - | N9: 0.48144048 | O9: 0.44001546 | P9: 0.54112124 | Q9: 0.56226083 | R9: 0.72216749 | S9: 0.17931034 | T9: 0.17241379 | U9: 0.48275862 | V9: 0.16551724 | W9: 0.62575453 | X9: 0.14084507 | Y9: 0.4084507 | Z9: 0.38028169 | AA9: 0.070422535 | AB9: 0.69340017 | AC9: 0.12280702 | AD9: 0.32163743 | AE9: 0.29239766 | AF9: 0.26315789 | AG9: 0.67418546 | AH9: 0.12865497 | AI9: 0.34502924 | AJ9: 0.39766082 | AK9: 0.12865497 | AL9: 0.89506173 | AM9: 0.87654321 | AN9: 0.93442623 | AO9: 0.93442623 | AP9: - | AQ9: 0.92156326 | AR9: - | AS9: 0.87421364 | AT9: - | AU9: 0.82217351 | AV9: - | AW9: 0.81148686 | AX9: - | AY9: -
A10: 3200136 | B10: AGUIA BRANCA | C10: 2022 | D10: - | E10: - | F10: - | G10: - | H10: - | I10: - | J10: 0.73520252 | K10: 0.68938087 | L10: - | M10: - | N10: 0.55065345 | O10: 0.63731135 | P10: 0.58175715 | Q10: 0.60145127 | R10: 0.83443709 | S10: 0.059602649 | T10: 0.18543046 | U10: 0.47019868 | V10: 0.28476821 | W10: 0.90571429 | X10: 0.033333333 | Y10: 0.10666667 | Z10: 0.32666667 | AA10: 0.53333333 | AB10: 0.75159915 | AC10: 0.1119403 | AD10: 0.23880597 | AE10: 0.44029851 | AF10: 0.20895522 | AG10: 0.69296375 | AH10: 0.11940299 | AI10: 0.32835821 | AJ10: 0.37313433 | AK10: 0.17910448 | AL10: 0.90963855 | AM10: 0.90361446 | AN10: 0.94366197 | AO10: 0.94366197 | AP10: - | AQ10: 0.9487138 | AR10: - | AS10: 0.9275986 | AT10: - | AU10: 0.85650231 | AV10: - | AW10: 0.80262861 | AX10: - | AY10: -
A11: 3200904 | B11: BARRA DE SAO FRANCISCO | C11: 2022 | D11: - | E11: - | F11: - | G11: - | H11: - | I11: - | J11: 0.70381805 | K11: 0.68165564 | L11: - | M11: - | N11: 0.52923382 | O11: 0.54447862 | P11: 0.58475927 | Q11: 0.59127394 | R11: 0.80357143 | S11: 0.099137931 | T11: 0.17025862 | U11: 0.46982759 | V11: 0.26077586 | W11: 0.81650246 | X11: 0.051724138 | Y11: 0.23060345 | Z11: 0.45689655 | AA11: 0.26077586 | AB11: 0.72718894 | AC11: 0.12043011 | AD11: 0.26666667 | AE11: 0.35268817 | AF11: 0.26021505 | AG11: 0.66973886 | AH11: 0.1483871 | AI11: 0.31827957 | AJ11: 0.36344086 | AK11: 0.16989247 | AL11: 0.93737374 | AM11: 0.93360161 | AN11: 0.94704684 | AO11: 0.94704684 | AP11: - | AQ11: 0.90404639 | AR11: - | AS11: 0.9332801 | AT11: - | AU11: 0.8022961 | AV11: - | AW11: 0.85569436 | AX11: - | AY11: -
A12: 3202108 | B12: ECOPORANGA | C12: 2022 | D12: - | E12: - | F12: - | G12: - | H12: - | I12: - | J12: 0.64913312 | K12: 0.62676123 | L12: - | M12: - | N12: 0.49175788 | O12: 0.46100961 | P12: 0.57052822 | Q12: 0.56043936 | R12: 0.7351752 | S12: 0.14622642 | T12: 0.20754717 | U12: 0.46698113 | V12: 0.17924528 | W12: 0.67142857 | X12: 0.1 | Y12: 0.4 | Z12: 0.38571429 | AA12: 0.11428571 | AB12: 0.6592775 | AC12: 0.16666667 | AD12: 0.3045977 | AE12: 0.29310345 | AF12: 0.23563218 | AG12: 0.5444898 | AH12: 0.24 | AI12: 0.37714286 | AJ12: 0.25142857 | AK12: 0.13142857 | AL12: 0.92982456 | AM12: 0.92511013 | AN12: 0.89690722 | AO12: 0.90206186 | AP12: - | AQ12: 0.96547421 | AR12: - | AS12: 0.95086573 | AT12: - | AU12: 0.82064893 | AV12: - | AW12: 0.84721129 | AX12: - | AY12: -
A13: 3203304 | B13: MANTENOPOLIS | C13: 2022 | D13: - | E13: - | F13: - | G13: - | H13: - | I13: - | J13: 0.71994735 | K13: 0.68626777 | L13: - | M13: - | N13: 0.55527388 | O13: 0.59514401 | P13: 0.63596866 | Q13: 0.67259528 | R13: 0.83600583 | S13: 0.096938776 | T13: 0.11734694 | U13: 0.41836735 | V13: 0.36734694 | W13: 0.81958763 | X13: 0.056701031 | Y13: 0.21649485 | Z13: 0.28350515 | AA13: 0.44329897 | AB13: 0.76554622 | AC13: 0.1 | AD13: 0.23529412 | AE13: 0.36470588 | AF13: 0.3 | AG13: 0.73361345 | AH13: 0.088235294 | AI13: 0.31176471 | AJ13: 0.4 | AK13: 0.2 | AL13: 0.91162791 | AM13: 0.90232558 | AN13: 0.85427136 | AO13: 0.85427136 | AP13: - | AQ13: 0.89851486 | AR13: - | AS13: 0.92425143 | AT13: - | AU13: 0.85637419 | AV13: - | AW13: 0.86691978 | AX13: - | AY13: -
... A79: 3205200 | B79: VILA VELHA | C79: 2022 | D79: - | E79: - | F79: - | G79: - | H79: - | I79: - | J79: 0.64547748 | K79: 0.62198228 | L79: - | M79: - | N79: 0.49395491 | O79: 0.49351657 | P79: 0.52984255 | Q79: 0.51760035 | R79: 0.72086419 | S79: 0.15475591 | T79: 0.21766482 | U79: 0.41419225 | V79: 0.21338702 | W79: 0.72255791 | X79: 0.092145015 | Y79: 0.32426989 | Z79: 0.40684794 | AA79: 0.17673716 | AB79: 0.66318546 | AC79: 0.16320143 | AD79: 0.30382294 | AE79: 0.3261793 | AF79: 0.20679633 | AG79: 0.56678931 | AH79: 0.20604703 | AI79: 0.39753639 | AJ79: 0.29697648 | AK79: 0.09944009 | AL79: 0.87244786 | AM79: 0.87335092 | AN79: 0.8761998 | AO79: 0.87463271 | AP79: - | AQ79: 0.89919177 | AR79: - | AS79: 0.92377083 | AT79: - | AU79: 0.82568967 | AV79: - | AW79: 0.86411538 | AX79: - | AY79: -
A80: 3200102 | B80: AFONSO CLAUDIO | C80: 2023 | D80: 0.65481758 | E80: 0.66016135 | F80: 0.982 | G80: 0.30269756 | H80: 0.66540303 | I80: 0.65229881 | J80: 0.7987698 | K80: 0.72941222 | L80: 0.53203627 | M80: 0.5751854 | N80: 0.67640522 | O80: 0.61231358 | P80: 0.58199833 | Q80: 0.59946105 | R80: 0.94360902 | S80: 0.026315789 | T80: 0.052631579 | U80: 0.25 | V80: 0.67105263 | W80: 0.89816124 | X80: 0.02640264 | Y80: 0.1320132 | Z80: 0.37953795 | AA80: 0.4620462 | AB80: 0.817718 | AC80: 0.061688312 | AD80: 0.21103896 | AE80: 0.39285714 | AF80: 0.33441558 | AG80: 0.75927644 | AH80: 0.081168831 | AI80: 0.27922078 | AJ80: 0.38636364 | AK80: 0.25324675 | AL80: 0.96815287 | AM80: 0.96805112 | AN80: 0.94769231 | AO80: 0.94769231 | AP80: 0;302697562312734 | AQ80: 0;915466114531886 | AR80: 1 | AS80: 0;870105037698425 | AT80: 0 | AU80: 0;867293555841263 | AV80: 0 | AW80: 0;870102966048406 | AX80: 0;210790249250935 | AY80: =VLOOKUP(B80,[1]Página1!$A:$E,4,0) -> 7049378
A81: 3201159 | B81: BREJETUBA | C81: 2023 | D81: 0.52865925 | E81: 0.54501322 | F81: 0.981 | G81: 0 | H81: 0.41209987 | I81: 0.74438324 | J81: 0.69728583 | K81: 0.72921619 | L81: 0.12691391 | M81: 0.7595503 | N81: 0.53400564 | O81: 0.53506394 | P81: 0.58448261 | Q81: 0.60258826 | R81: 0.777666 | S81: 0.13380282 | T81: 0.15492958 | U81: 0.38732394 | V81: 0.32394366 | W81: 0.80784708 | X81: 0.035211268 | Y81: 0.27464789 | Z81: 0.44366197 | AA81: 0.24647887 | AB81: 0.82591725 | AC81: 0.049180328 | AD81: 0.21857923 | AE81: 0.35519126 | AF81: 0.37704918 | AG81: 0.7470726 | AH81: 0.087431694 | AI81: 0.28961749 | AJ81: 0.32786885 | AK81: 0.29508197 | AL81: 0.92810458 | AM81: 0.93421053 | AN81: 0.94329897 | AO81: 0.94329897 | AP81: 0 | AQ81: 0;82996622301622 | AR81: 0 | AS81: 0;849300306305591 | AT81: 0 | AU81: 0;826427121276283 | AV81: 0 | AW81: 0;794680665802037 | AX81: 0 | AY81: =VLOOKUP(B81,[1]Página1!$A:$E,4,0) -> 5691232.2
A82: 3201704 | B82: CONCEICAO DO CASTELO | C82: 2023 | D82: 0.65894721 | E82: 0.64153731 | F82: 0.987 | G82: 0.41214061 | H82: 0.58443743 | I82: 0.72718714 | J82: 0.7622147 | K82: 0.73624208 | L82: 0.40666016 | M82: 0.7181322 | N82: 0.60254714 | O82: 0.59285256 | P82: 0.59801013 | Q82: 0.59257901 | R82: 0.87510693 | S82: 0.083832335 | T82: 0.071856287 | U82: 0.34131737 | V82: 0.50299401 | W82: 0.88898451 | X82: 0.018072289 | Y82: 0.1626506 | Z82: 0.42771084 | AA82: 0.39156627 | AB82: 0.83166023 | AC82: 0.032432432 | AD82: 0.23783784 | AE82: 0.36756757 | AF82: 0.36216216 | AG82: 0.72972973 | AH82: 0.097297297 | AI82: 0.3027027 | AJ82: 0.33513514 | AK82: 0.26486486 | AL82: 0.97093023 | AM82: 0.97076023 | AN82: 0.97368421 | AO82: 0.97368421 | AP82: 0;412140612167181 | AQ82: 0;894852272817815 | AR82: 0 | AS82: 0;927046732518117 | AT82: 1 | AU82: 0;867143029578016 | AV82: 0;419952504643223 | AW82: 0;847388234266154 | AX82: 0;228609944025502 | AY82: =VLOOKUP(B82,[1]Página1!$A:$E,4,0) -> 7346675
A83: 3201902 | B83: DOMINGOS MARTINS | C83: 2023 | D83: 0.67443002 | E83: 0.61734279 | F83: 0.984 | G83: 0.63126715 | H83: 0.61119755 | I83: 0.62656064 | J83: 0.76036914 | K83: 0.72054589 | L83: 0.46202596 | M83: 0.53257539 | N83: 0.63150015 | O83: 0.56585427 | P83: 0.57649123 | Q83: 0.588835 | R83: 0.88773186 | S83: 0.079726651 | T83: 0.056947608 | U83: 0.27562642 | V83: 0.58769932 | W83: 0.85091743 | X83: 0.038990826 | Y83: 0.19266055 | Z83: 0.48165138 | AA83: 0.28669725 | AB83: 0.82302212 | AC83: 0.052493438 | AD83: 0.21784777 | AE83: 0.43307087 | AF83: 0.29658793 | AG83: 0.75215598 | AH83: 0.1023622 | AI83: 0.25459318 | AJ83: 0.38582677 | AK83: 0.25721785 | AL83: 0.96061269 | AM83: 0.95404814 | AN83: 0.92926829 | AO83: 0.92926829 | AP83: 0;631267146038531 | AQ83: 0;938473936690301 | AR83: 1 | AS83: 0;944249065845649 | AT83: 1 | AU83: 0;834081288515759 | AV83: 0;197552582303288 | AW83: 0;874323896164553 | AX83: 0;327516001850836 | AY83: =VLOOKUP(B83,[1]Página1!$A:$E,4,0) -> 7260514
A84: 3203163 | B84: LARANJA DA TERRA | C84: 2023 | D84: 0.7847686 | E84: 0.70024086 | F84: 0.964 | G84: 1 | H84: 0.75605429 | I84: 0.61652071 | J84: 0.79847617 | K84: 0.76696426 | L84: 0.71363241 | M84: 0.46607717 | N84: 0.64475286 | O84: 0.66260882 | P84: 0.61580712 | Q84: 0.64321047 | R84: 0.93386243 | S84: 0.018518519 | T84: 0.083333333 | U84: 0.33333333 | V84: 0.56481481 | W84: 0.93915344 | X84: 0.018518519 | Y84: 0.074074074 | Z84: 0.30555556 | AA84: 0.60185185 | AB84: 0.88888889 | AC84: 0.037037037 | AD84: 0.12962963 | AE84: 0.41666667 | AF84: 0.41666667 | AG84: 0.8505291 | AH84: 0.027777778 | AI84: 0.21296296 | AJ84: 0.42592593 | AK84: 0.33333333 | AL84: 0.94736842 | AM84: 0.96428571 | AN84: 0.93913043 | AO84: 0.93913043 | AP84: 1 | AQ84: 0;965892835967916 | AR84: 1 | AS84: 0;966583080639562 | AT84: 1 | AU84: 0;935589929246345 | AV84: 1 | AW84: 0;919346944273312 | AX84: 1 | AY84: =VLOOKUP(B84,[1]Página1!$A:$E,4,0) -> 8448353.7
A85: 3204559 | B85: SANTA MARIA DE JETIBA | C85: 2023 | D85: 0.75970067 | E85: 0.70632088 | F85: 0.964 | G85: 0.80450706 | H85: 0.75924894 | I85: 0.6269288 | J85: 0.77899888 | K85: 0.7328399 | L85: 0.73949899 | M85: 0.52101769 | N85: 0.63594719 | O85: 0.63228349 | P85: 0.56962657 | Q85: 0.60638514 | R85: 0.89297348 | S85: 0.058631922 | T85: 0.084690554 | U85: 0.27035831 | V85: 0.58631922 | W85: 0.93531875 | X85: 0.016286645 | Y85: 0.084690554 | Z85: 0.4267101 | AA85: 0.4723127 | AB85: 0.82512315 | AC85: 0.044827586 | AD85: 0.22758621 | AE85: 0.45172414 | AF85: 0.27586207 | AG85: 0.79014778 | AH85: 0.075862069 | AI85: 0.23448276 | AJ85: 0.43448276 | AK85: 0.25517241 | AL85: 0.93597561 | AM85: 0.93883792 | AN85: 0.94771242 | AO85: 0.94771242 | AP85: 0;804507058685125 | AQ85: 0;973264939881325 | AR85: 1 | AS85: 0;983467876684951 | AT85: 1 | AU85: 0;881859165817393 | AV85: 0;218028234740498 | AW85: 0;923342131941175 | AX85: 1 | AY85: =VLOOKUP(B85,[1]Página1!$A:$E,4,0) -> 8178487.3
A86: 3205069 | B86: VENDA NOVA DO IMIGRANTE | C86: 2023 | D86: 0.76201751 | E86: 0.71531073 | F86: 0.992 | G86: 0.75 | H86: 0.77670591 | I86: 0.62321796 | J86: 0.73211357 | K86: 0.70368243 | L86: 0.82129825 | M86: 0.54275349 | N86: 0.61069636 | O86: 0.5440348 | P86: 0.59353826 | Q86: 0.54659175 | R86: 0.90934066 | S86: 0.057692308 | T86: 0.057692308 | U86: 0.36538462 | V86: 0.51923077 | W86: 0.84313725 | X86: 0.039215686 | Y86: 0.20588235 | Z86: 0.5 | AA86: 0.25490196 | AB86: 0.8494898 | AC86: 0.017857143 | AD86: 0.23214286 | AE86: 0.40178571 | AF86: 0.34821429 | AG86: 0.67857143 | AH86: 0.10714286 | AI86: 0.375 | AJ86: 0.36607143 | AK86: 0.15178571 | AL86: 0.88135593 | AM86: 0.87179487 | AN86: 0.91056911 | AO86: 0.91056911 | AP86: 0;75 | AQ86: 0;906034696117175 | AR86: 1 | AS86: 0;974077977520727 | AT86: 1 | AU86: 0;860728195093036 | AV86: 0 | AW86: 0;921979568787364 | AX86: 1 | AY86: =VLOOKUP(B86,[1]Página1!$A:$E,4,0) -> 8203429
A87: 3200169 | B87: AGUA DOCE DO NORTE | C87: 2023 | D87: 0.70239656 | E87: 0.73192125 | F87: 0.996 | G87: 0.27101123 | H87: 0.87508902 | I87: 0.51716959 | J87: 0.75017805 | K87: 0.68820605 | L87: 1 | M87: 0.34613314 | N87: 0.59583351 | O87: 0.63164712 | P87: 0.54112124 | Q87: 0.56226083 | R87: 0.85966387 | S87: 0.076470588 | T87: 0.11176471 | U87: 0.35882353 | V87: 0.45294118 | W87: 0.90617075 | X87: 0.029585799 | Y87: 0.11242604 | Z87: 0.23668639 | AA87: 0.62130178 | AB87: 0.73239437 | AC87: 0.070422535 | AD87: 0.34507042 | AE87: 0.34507042 | AF87: 0.23943662 | AG87: 0.722334 | AH87: 0.11267606 | AI87: 0.28873239 | AJ87: 0.38732394 | AK87: 0.21126761 | AL87: 0.90425532 | AM87: 0.89893617 | AN87: 0.92207792 | AO87: 0.92207792 | AP87: 0;271011229719311 | AQ87: 0;890953634480972 | AR87: 0 | AS87: 0;958855983411389 | AT87: 1 | AU87: 0;818989047487225 | AV87: 0 | AW87: 0;827330435385467 | AX87: 0;0840449188772421 | AY87: =VLOOKUP(B87,[1]Página1!$A:$E,4,0) -> 7561585.1
A88: 3200136 | B88: AGUIA BRANCA | C88: 2023 | D88: 0.77040001 | E88: 0.71596432 | F88: 1 | G88: 0.79483324 | H88: 0.7701334 | I88: 0.63471071 | J88: 0.81624414 | K88: 0.73129917 | L88: 0.72402267 | M88: 0.53812224 | N88: 0.66010967 | O88: 0.70193514 | P88: 0.58175715 | Q88: 0.60145127 | R88: 0.96903097 | S88: 0.006993007 | T88: 0.041958042 | U88: 0.34265734 | V88: 0.60839161 | W88: 0.97973658 | X88: 0 | Y88: 0.035460993 | Z88: 0.19148936 | AA88: 0.77304965 | AB88: 0.82817183 | AC88: 0.027972028 | AD88: 0.25174825 | AE88: 0.3986014 | AF88: 0.32167832 | AG88: 0.77422577 | AH88: 0.06993007 | AI88: 0.27272727 | AJ88: 0.41258741 | AK88: 0.24475524 | AL88: 0.94078947 | AM88: 0.93377483 | AN88: 0.94078947 | AO88: 0.94078947 | AP88: 0;794833236703196 | AQ88: 0;92442415944975 | AR88: 1 | AS88: 0;954959181980849 | AT88: 1 | AU88: 0;945758148761604 | AV88: 1 | AW88: 0;838023799880123 | AX88: 0;179332946812785 | AY88: =VLOOKUP(B88,[1]Página1!$A:$E,4,0) -> 8293670
A89: 3200904 | B89: BARRA DE SAO FRANCISCO | C89: 2023 | D89: 0.69046041 | E89: 0.64321726 | F89: 0.98 | G89: 0.62138886 | H89: 0.64541112 | I89: 0.63992646 | J89: 0.75494069 | K89: 0.72564368 | L89: 0.53588155 | M89: 0.55420924 | N89: 0.59762988 | O89: 0.60698724 | P89: 0.58475927 | Q89: 0.59127394 | R89: 0.87963774 | S89: 0.065439673 | T89: 0.096114519 | U89: 0.37627812 | V89: 0.46216769 | W89: 0.88765034 | X89: 0.034907597 | Y89: 0.13552361 | Z89: 0.37577002 | AA89: 0.45379877 | AB89: 0.827654 | AC89: 0.050458716 | AD89: 0.21330275 | AE89: 0.37614679 | AF89: 0.36009174 | AG89: 0.75819135 | AH89: 0.096330275 | AI89: 0.25458716 | AJ89: 0.42201835 | AK89: 0.22706422 | AL89: 0.93499044 | AM89: 0.93295019 | AN89: 0.93361884 | AO89: 0.93361884 | AP89: 0;621388863197248 | AQ89: 0;905584951039975 | AR89: 1 | AS89: 0;974207133937739 | AT89: 1 | AU89: 0;852205393657482 | AV89: 0;252444672503853 | AW89: 0;889333559201718 | AX89: 0;233110780285138 | AY89: =VLOOKUP(B89,[1]Página1!$A:$E,4,0) -> 7433087.6
A90: 3202108 | B90: ECOPORANGA | C90: 2023 | D90: 0.70197158 | E90: 0.71359327 | F90: 1 | G90: 0.34970859 | H90: 0.69366431 | I90: 0.74348672 | J90: 0.72099999 | K90: 0.70061713 | L90: 0.66632862 | M90: 0.7863563 | N90: 0.57189115 | O90: 0.55173472 | P90: 0.57052822 | Q90: 0.56043936 | R90: 0.82392027 | S90: 0.1255814 | T90: 0.088372093 | U90: 0.37209302 | V90: 0.41395349 | W90: 0.82843792 | X90: 0.070093458 | Y90: 0.17757009 | Z90: 0.49065421 | AA90: 0.26168224 | AB90: 0.76874116 | AC90: 0.084158416 | AD90: 0.25742574 | AE90: 0.31683168 | AF90: 0.34158416 | AG90: 0.69519095 | AH90: 0.12376238 | AI90: 0.31683168 | AJ90: 0.37128713 | AK90: 0.18811881 | AL90: 0.93073593 | AM90: 0.93043478 | AN90: 0.93953488 | AO90: 0.93953488 | AP90: 0;34970859058683 | AQ90: 0;871194038355809 | AR90: 0 | AS90: 0;907119177382218 | AT90: 1 | AU90: 0;859641488331641 | AV90: 0;217409126173709 | AW90: 0;874931021387557 | AX90: 0;18142523617361 | AY90: =VLOOKUP(B90,[1]Página1!$A:$E,4,0) -> 7557010
A91: 3203304 | B91: MANTENOPOLIS | C91: 2023 | D91: 0.81334068 | E91: 0.83843172 | F91: 0.999 | G91: 0.51058985 | H91: 0.82508609 | I91: 0.85845015 | J91: 0.81816163 | K91: 0.77955039 | L91: 0.83201055 | M91: 0.93734992 | N91: 0.69841245 | O91: 0.669675 | P91: 0.63596866 | Q91: 0.67259528 | R91: 0.96497696 | S91: 0.012903226 | T91: 0.038709677 | U91: 0.21935484 | V91: 0.72903226 | W91: 0.94360902 | X91: 0 | Y91: 0.09868421 | Z91: 0.28947368 | AA91: 0.61184211 | AB91: 0.87554777 | AC91: 0.036809816 | AD91: 0.15337423 | AE91: 0.26993865 | AF91: 0.5398773 | AG91: 0.84837862 | AH91: 0.042944785 | AI91: 0.19018405 | AJ91: 0.33742331 | AK91: 0.42944785 | AL91: 0.94512195 | AM91: 0.9382716 | AN91: 0.94767442 | AO91: 0.94767442 | AP91: 0;510589847571799 | AQ91: 0;945168858904682 | AR91: 1 | AS91: 0;96078770598494 | AT91: 1 | AU91: 0;862458089513558 | AV91: 0;0423593902871938 | AW91: 0;852109496770223 | AX91: 0 | AY91: =VLOOKUP(B91,[1]Página1!$A:$E,4,0) -> 8755943.8
A92: 3200706 | B92: ATILIO VIVACQUA | C92: 2023 | D92: 0.83544468 | E92: 0.76834954 | F92: 0.984 | G92: 1 | H92: 0.8328749 | I92: 0.67156151 | J92: 0.77875748 | K92: 0.74245631 | L92: 0.88699231 | M92: 0.60066671 | N92: 0.61046441 | O92: 0.68340947 | P92: 0.58261752 | Q92: 0.61731899 | R92: 0.87060041 | S92: 0.050724638 | T92: 0.13768116 | U92: 0.33333333 | V92: 0.47826087 | W92: 0.95238095 | X92: 0.014492754 | Y92: 0.057971015 | Z92: 0.3115942 | AA92: 0.61594203 | AB92: 0.83697479 | AC92: 0.058823529 | AD92: 0.18235294 | AE92: 0.42352941 | AF92: 0.33529412 | AG92: 0.80336134 | AH92: 0.058823529 | AI92: 0.24117647 | AJ92: 0.4 | AK92: 0.3 | AL92: 0.93243243 | AM92: 0.93243243 | AN92: 0.94972067 | AO92: 0.94972067 | AP92: 1 | AQ92: 0;97030787695555 | AR92: 1 | AS92: 0;987600790820958 | AT92: 1 | AU92: 0;90828050762713 | AV92: 1 | AW92: 0;926997859385594 | AX92: 1 | AY92: =VLOOKUP(B92,[1]Página1!$A:$E,4,0) -> 8993902.3
A93: 3201209 | B93: CACHOEIRO DE ITAPEMIRIM | C93: 2023 | D93: 0.7015498 | E93: 0.68106457 | F93: 0.95 | G93: 0.54869734 | H93: 0.69992523 | I93: 0.65277357 | J93: 0.69042461 | K93: 0.66718076 | L93: 0.70942586 | M93: 0.63836639 | N93: 0.5461612 | O93: 0.52402403 | P93: 0.53992351 | Q93: 0.53068096 | R93: 0.78397213 | S93: 0.12973534 | T93: 0.15101194 | U93: 0.35288012 | V93: 0.3663726 | W93: 0.7798328 | X93: 0.080787157 | Y93: 0.24391507 | Z93: 0.44691869 | AA93: 0.22837908 | AB93: 0.73591441 | AC93: 0.10614224 | AD93: 0.27640086 | AE93: 0.3518319 | AF93: 0.265625 | AG93: 0.63453537 | AH93: 0.15803668 | AI93: 0.36299892 | AJ93: 0.32632147 | AK93: 0.15264293 | AL93: 0.90299906 | AM93: 0.90742481 | AN93: 0.91338583 | AO93: 0.91240157 | AP93: 0;548697344381977 | AQ93: 0;904934149515312 | AR93: 1 | AS93: 0;940358508240233 | AT93: 1 | AU93: 0;836867363769457 | AV93: 0;194789377527908 | AW93: 0;840047147801459 | AX93: 0 | AY93: =VLOOKUP(B93,[1]Página1!$A:$E,4,0) -> 7552469.4
A94: 3201407 | B94: CASTELO | C94: 2023 | D94: 0.6851908 | E94: 0.5904247 | F94: 0.96 | G94: 0.85262338 | H94: 0.56613517 | I94: 0.62685901 | J94: 0.72942975 | K94: 0.69375129 | L94: 0.40284058 | M94: 0.55996673 | N94: 0.59277989 | O94: 0.56411116 | P94: 0.55549469 | Q94: 0.56126313 | R94: 0.85525321 | S94: 0.087301587 | T94: 0.1005291 | U94: 0.33597884 | V94: 0.47619048 | W94: 0.86407393 | X94: 0.040431267 | Y94: 0.1671159 | Z94: 0.50673854 | AA94: 0.28571429 | AB94: 0.7775 | AC94: 0.0925 | AD94: 0.2275 | AE94: 0.405 | AF94: 0.275 | AG94: 0.68714286 | AH94: 0.11 | AI94: 0.355 | AJ94: 0.35 | AK94: 0.185 | AL94: 0.90214797 | AM94: 0.88755981 | AN94: 0.92592593 | AO94: 0.92592593 | AP94: 0;852623383961529 | AQ94: 0;92792555406979 | AR94: 1 | AS94: 0;951756857529633 | AT94: 1 | AU94: 0;862497600179922 | AV94: 0;410493535846117 | AW94: 0;932269441425863 | AX94: 1 | AY94: =VLOOKUP(B94,[1]Página1!$A:$E,4,0) -> 7376358.1
A95: 3202603 | B95: ICONHA | C95: 2023 | D95: 0.58748054 | E95: 0.51302231 | F95: 0.993 | G95: 0.52943283 | H95: 0.50360486 | I95: 0.52714849 | J95: 0.70708486 | K95: 0.72950075 | L95: 0.30012487 | M95: 0.32479622 | N95: 0.58232278 | O95: 0.54205675 | P95: 0.59881454 | Q95: 0.57824734 | R95: 0.84769776 | S95: 0.090909091 | T95: 0.10743802 | U95: 0.36363636 | V95: 0.43801653 | W95: 0.82196162 | X95: 0.037313433 | Y95: 0.24626866 | Z95: 0.48507463 | AA95: 0.23134328 | AB95: 0.85518591 | AC95: 0.02739726 | AD95: 0.20547945 | AE95: 0.38356164 | AF95: 0.38356164 | AG95: 0.71819961 | AH95: 0.082191781 | AI95: 0.34931507 | AJ95: 0.34931507 | AK95: 0.21917808 | AL95: 0.82312925 | AM95: 0.91156463 | AN95: 0.95424837 | AO95: 0.95424837 | AP95: 0;529432825207955 | AQ95: 0;991987919573857 | AR95: 1 | AS95: 0;967488482933076 | AT95: 1 | AU95: 0;809003450136238 | AV95: 0 | AW95: 0;839327998608791 | AX95: 0;117731300831821 | AY95: =VLOOKUP(B95,[1]Página1!$A:$E,4,0) -> 6324467.4
A96: 3202801 | B96: ITAPEMIRIM | C96: 2023 | D96: 0.6536045 | E96: 0.68214929 | F96: 0.924 | G96: 0.25 | H96: 0.67196932 | I96: 0.69741924 | J96: 0.69569551 | K96: 0.67237246 | L96: 0.64824314 | M96: 0.72246601 | N96: 0.53798261 | O96: 0.55687032 | P96: 0.54032346 | Q96: 0.53391073 | R96: 0.7532028 | S96: 0.13367174 | T96: 0.19796954 | U96: 0.31641286 | V96: 0.35194585 | W96: 0.81509712 | X96: 0.061962134 | Y96: 0.2151463 | Z96: 0.42340792 | AA96: 0.29948365 | AB96: 0.74577573 | AC96: 0.11290323 | AD96: 0.24731183 | AE96: 0.37096774 | AF96: 0.2688172 | AG96: 0.64618536 | AH96: 0.14695341 | AI96: 0.36200717 | AJ96: 0.34946237 | AK96: 0.14157706 | AL96: 0.91770186 | AM96: 0.9078125 | AN96: 0.91927512 | AO96: 0.91927512 | AP96: 0;25 | AQ96: 0;851981747011823 | AR96: 0 | AS96: 0;922279063875751 | AT96: 1 | AU96: 0;826433007650066 | AV96: 0 | AW96: 0;848687844802876 | AX96: 0 | AY96: =VLOOKUP(B96,[1]Página1!$A:$E,4,0) -> 7036318.8
A97: 3203106 | B97: JERONIMO MONTEIRO | C97: 2023 | D97: 0.50822669 | E97: 0.46246671 | F97: 0.98 | G97: 0.25 | H97: 0.4627939 | I97: 0.46197591 | J97: 0.70397421 | K97: 0.69180857 | L97: 0.2216136 | M97: 0.23214325 | N97: 0.5643303 | O97: 0.51281261 | P97: 0.53944623 | Q97: 0.54330032 | R97: 0.79036348 | S97: 0.14201183 | T97: 0.1183432 | U97: 0.30177515 | V97: 0.43786982 | W97: 0.77587682 | X97: 0.083832335 | Y97: 0.24550898 | Z97: 0.49101796 | AA97: 0.17964072 | AB97: 0.73593074 | AC97: 0.12121212 | AD97: 0.25 | AE97: 0.34848485 | AF97: 0.28030303 | AG97: 0.67748918 | AH97: 0.13636364 | AI97: 0.32575758 | AJ97: 0.39393939 | AK97: 0.14393939 | AL97: 0.94413408 | AM97: 0.94350282 | AN97: 0.97777778 | AO97: 0.97777778 | AP97: 0;25 | AQ97: 0;866690833549074 | AR97: 0 | AS97: 0;911271392842587 | AT97: 1 | AU97: 0;842618881348393 | AV97: 0 | AW97: 0;858369065231151 | AX97: 0 | AY97: =VLOOKUP(B97,[1]Página1!$A:$E,4,0) -> 5471267.4
A98: 3203320 | B98: MARATAIZES | C98: 2023 | D98: 0.80360601 | E98: 0.73036572 | F98: 0.949 | G98: 1 | H98: 0.77454543 | I98: 0.66409617 | J98: 0.71414646 | K98: 0.68659303 | L98: 0.8349444 | M98: 0.64159931 | N98: 0.57310774 | O98: 0.53228633 | P98: 0.55632452 | Q98: 0.55116102 | R98: 0.85527544 | S98: 0.08496732 | T98: 0.10457516 | U98: 0.42156863 | V98: 0.38888889 | W98: 0.8145404 | X98: 0.04376013 | Y98: 0.24797407 | Z98: 0.49432739 | AA98: 0.21393841 | AB98: 0.78100471 | AC98: 0.078754579 | AD98: 0.24542125 | AE98: 0.38278388 | AF98: 0.29304029 | AG98: 0.69511555 | AH98: 0.10110294 | AI98: 0.35661765 | AJ98: 0.39154412 | AK98: 0.15073529 | AL98: 0.8973607 | AM98: 0.91407407 | AN98: 0.90247934 | AO98: 0.89917355 | AP98: 1 | AQ98: 0;946129512081496 | AR98: 1 | AS98: 0;951472063709399 | AT98: 1 | AU98: 0;92328294935666 | AV98: 1 | AW98: 0;927445642633976 | AX98: 1 | AY98: =VLOOKUP(B98,[1]Página1!$A:$E,4,0) -> 8651146.1
A99: 3203403 | B99: MIMOSO DO SUL | C99: 2023 | D99: 0.70675518 | E99: 0.73978721 | F99: 0.971 | G99: 0.28836088 | H99: 0.71707448 | I99: 0.7738563 | J99: 0.72318354 | K99: 0.68874775 | L99: 0.71096542 | M99: 0.85896486 | N99: 0.57975928 | O99: 0.57778517 | P99: 0.56826813 | Q99: 0.54507309 | R99: 0.82433115 | S99: 0.088339223 | T99: 0.13427562 | U99: 0.35335689 | V99: 0.41342756 | W99: 0.83400402 | X99: 0.066901408 | Y99: 0.15492958 | Z99: 0.38028169 | AA99: 0.38732394 | AB99: 0.772842 | AC99: 0.077738516 | AD99: 0.2614841 | AE99: 0.3180212 | AF99: 0.34275618 | AG99: 0.65471984 | AH99: 0.16961131 | AI99: 0.30742049 | AJ99: 0.37102473 | AK99: 0.15194346 | AL99: 0.90415335 | AM99: 0.91025641 | AN99: 0.92786885 | AO99: 0.92786885 | AP99: 0;288360883263719 | AQ99: 0;884997599363395 | AR99: 0 | AS99: 0;992876509006904 | AT99: 1 | AU99: 0;83932177587726 | AV99: 0;0570546149371454 | AW99: 0;874294430042654 | AX99: 0;0963889181177286 | AY99: =VLOOKUP(B99,[1]Página1!$A:$E,4,0) -> 7608507.4
A100: 3203809 | B100: MUQUI | C100: 2023 | D100: 0.74282038 | E100: 0.68118992 | F100: 0.96 | G100: 0.8132496 | H100: 0.70712038 | I100: 0.64229423 | J100: 0.7173472 | K100: 0.70345094 | L100: 0.69689356 | M100: 0.58113752 | N100: 0.54510499 | O100: 0.54742039 | P100: 0.55067217 | Q100: 0.56005229 | R100: 0.78195489 | S100: 0.10526316 | T100: 0.19736842 | U100: 0.33552632 | V100: 0.36184211 | W100: 0.84755513 | X100: 0.033557047 | Y100: 0.20805369 | Z100: 0.53691275 | AA100: 0.22147651 | AB100: 0.76190476 | AC100: 0.094339623 | AD100: 0.25157233 | AE100: 0.37106918 | AF100: 0.28301887 | AG100: 0.71698113 | AH100: 0.10691824 | AI100: 0.3081761 | AJ100: 0.40251572 | AK100: 0.18238994 | AL100: 0.97435897 | AM100: 0.96129032 | AN100: 0.96363636 | AO100: 0.96363636 | AP100: 0;813249599941053 | AQ100: 0;924949929411012 | AR100: 1 | AS100: 0;995612032810895 | AT100: 1 | AU100: 0;90606004306284 | AV100: 1 | AW100: 0;877194117031292 | AX100: 0;252998399764211 | AY100: =VLOOKUP(B100,[1]Página1!$A:$E,4,0) -> 7996764.1
A101: 3204302 | B101: PRESIDENTE KENNEDY | C101: 2023 | D101: 0.7022628 | E101: 0.67879909 | F101: 0.948 | G101: 0.56602293 | H101: 0.67243863 | I101: 0.68833978 | J101: 0.70254433 | K101: 0.68240597 | L101: 0.64233293 | M101: 0.69427358 | N101: 0.54550573 | O101: 0.5363714 | P101: 0.54103148 | Q101: 0.52800893 | R101: 0.80501016 | S101: 0.09478673 | T101: 0.17535545 | U101: 0.40758294 | V101: 0.32227488 | W101: 0.78777473 | X101: 0.052884615 | Y101: 0.27884615 | Z101: 0.375 | AA101: 0.29326923 | AB101: 0.7742413 | AC101: 0.056994819 | AD101: 0.29533679 | AE101: 0.43523316 | AF101: 0.21243523 | AG101: 0.64544782 | AH101: 0.10880829 | AI101: 0.43005181 | AJ101: 0.3626943 | AK101: 0.098445596 | AL101: 0.9254386 | AM101: 0.93273543 | AN101: 0.95073892 | AO101: 0.95073892 | AP101: 0;566022925035471 | AQ101: 0;922494511084352 | AR101: 1 | AS101: 0;955912927985531 | AT101: 1 | AU101: 0;864140252612585 | AV101: 0;264091700141884 | AW101: 0;873260330881363 | AX101: 0 | AY101: =VLOOKUP(B101,[1]Página1!$A:$E,4,0) -> 7560145.1
A102: 3204401 | B102: RIO NOVO DO SUL | C102: 2023 | D102: 0.71191405 | E102: 0.69793346 | F102: 0.945 | G102: 0.54407085 | H102: 0.75804447 | I102: 0.60776693 | J102: 0.76187309 | K102: 0.7314085 | L102: 0.75421586 | M102: 0.48412537 | N102: 0.62497621 | O102: 0.61203039 | P102: 0.59378576 | Q102: 0.583735 | R102: 0.90225564 | S102: 0.067669173 | T102: 0.052631579 | U102: 0.32330827 | V102: 0.55639098 | W102: 0.87325457 | X102: 0.045112782 | Y102: 0.14285714 | Z102: 0.33834586 | AA102: 0.47368421 | AB102: 0.82312925 | AC102: 0.031746032 | AD102: 0.25396825 | AE102: 0.30952381 | AF102: 0.4047619 | AG102: 0.74943311 | AH102: 0.087301587 | AI102: 0.28571429 | AJ102: 0.43650794 | AK102: 0.19047619 | AL102: 0.91724138 | AM102: 0.91724138 | AN102: 0.96183206 | AO102: 0.96183206 | AP102: 0;544070847114976 | AQ102: 0;96578523977142 | AR102: 1 | AS102: 0;960028473861831 | AT102: 1 | AU102: 0;788957884761161 | AV102: 0;0157491209424424 | AW102: 0;868220575918509 | AX102: 0;160534267517463 | AY102: =VLOOKUP(B102,[1]Página1!$A:$E,4,0) -> 7664044.8
A103: 3205036 | B103: VARGEM ALTA | C103: 2023 | D103: 0.45121122 | E103: 0.44089038 | F103: 0.936 | G103: 0.014586381 | H103: 0.50619837 | I103: 0.34292838 | J103: 0.69779885 | K103: 0.68585676 | L103: 0.3145979 | M103: 0 | N103: 0.56619001 | O103: 0.51503649 | P103: 0.55914707 | Q103: 0.55498998 | R103: 0.82064651 | S103: 0.10218978 | T103: 0.1350365 | U103: 0.37956204 | V103: 0.38321168 | W103: 0.76293996 | X103: 0.094202899 | Y103: 0.25 | Z103: 0.44565217 | AA103: 0.21014493 | AB103: 0.77391304 | AC103: 0.086956522 | AD103: 0.24347826 | AE103: 0.37391304 | AF103: 0.29565217 | AG103: 0.68074534 | AH103: 0.11304348 | AI103: 0.36086957 | AJ103: 0.31304348 | AK103: 0.21304348 | AL103: 0.89836066 | AM103: 0.90789474 | AN103: 0.90196078 | AO103: 0.90196078 | AP103: 0;0145863811215223 | AQ103: 0;884149303819258 | AR103: 0;0583455244860892 | AS103: 0;871954570582868 | AT103: 0 | AU103: 0;845554627413473 | AV103: 0 | AW103: 0;826678852928019 | AX103: 0 | AY103: =VLOOKUP(B103,[1]Página1!$A:$E,4,0) -> 4857472.6
A104: 3202207 | B104: FUNDAO | C104: 2023 | D104: 0.69156125 | E104: 0.61443195 | F104: 0.953 | G104: 0.7900592 | H104: 0.52762587 | I104: 0.74464107 | J104: 0.66792849 | K104: 0.65374974 | L104: 0.38732325 | M104: 0.8355324 | N104: 0.52894825 | O104: 0.50779306 | P104: 0.5251122 | Q104: 0.51094512 | R104: 0.76254826 | S104: 0.13963964 | T104: 0.17117117 | U104: 0.38738739 | V104: 0.3018018 | W104: 0.78304406 | X104: 0.070093458 | Y104: 0.25700935 | Z104: 0.52803738 | AA104: 0.14485981 | AB104: 0.73728223 | AC104: 0.13170732 | AD104: 0.22926829 | AE104: 0.42439024 | AF104: 0.21463415 | AG104: 0.5902439 | AH104: 0.21463415 | AI104: 0.34146341 | AJ104: 0.31219512 | AK104: 0.13170732 | AL104: 0.8671875 | AM104: 0.84920635 | AN104: 0.91517857 | AO104: 0.91517857 | AP104: 0;790059197257429 | AQ104: 0;945533735015821 | AR104: 1 | AS104: 0;956159472174485 | AT104: 1 | AU104: 0;83885132032999 | AV104: 0;160236789029715 | AW104: 0;909128673664071 | AX104: 1 | AY104: =VLOOKUP(B104,[1]Página1!$A:$E,4,0) -> 7444938.6
A105: 3204609 | B105: SANTA TERESA | C105: 2023 | D105: 0.73563073 | E105: 0.75891443 | F105: 0.998 | G105: 0.36460423 | H105: 0.68729942 | I105: 0.86633693 | J105: 0.7434239 | K105: 0.75458694 | L105: 0.63117494 | M105: 0.97808692 | N105: 0.63129117 | O105: 0.57435995 | P105: 0.61774911 | Q105: 0.62667682 | R105: 0.91428571 | S105: 0.048648649 | T105: 0.064864865 | U105: 0.33513514 | V105: 0.55135135 | W105: 0.84011843 | X105: 0.041450777 | Y105: 0.20725389 | Z105: 0.37823834 | AA105: 0.37305699 | AB105: 0.86725067 | AC105: 0.051886793 | AD105: 0.14150943 | AE105: 0.3254717 | AF105: 0.48113208 | AG105: 0.78773585 | AH105: 0.080188679 | AI105: 0.23113208 | AJ105: 0.37264151 | AK105: 0.31603774 | AL105: 0.86046512 | AM105: 0.88940092 | AN105: 0.94642857 | AO105: 0.94642857 | AP105: 0;364604226122733 | AQ105: 0;898046581198893 | AR105: 0 | AS105: 0;922394792084692 | AT105: 1 | AU105: 0;879542064421801 | AV105: 0;443317193267901 | AW105: 0;844173673007101 | AX105: 0;0150997112230315 | AY105: =VLOOKUP(B105,[1]Página1!$A:$E,4,0) -> 7919364.5
A106: 3205002 | B106: SERRA | C106: 2023 | D106: 0.56605406 | E106: 0.49772009 | F106: 0.951 | G106: 0.5 | H106: 0.5186426 | I106: 0.46633632 | J106: 0.64795929 | K106: 0.59848857 | L106: 0.38932591 | M106: 0.33418406 | N106: 0.52133974 | O106: 0.47408314 | P106: 0.49004586 | Q106: 0.4712375 | R106: 0.7541192 | S106: 0.14238353 | T106: 0.18112022 | U106: 0.39626592 | V106: 0.28023033 | W106: 0.69862381 | X106: 0.10172538 | Y106: 0.34938893 | Z106: 0.43170381 | AA106: 0.11718188 | AB106: 0.64764948 | AC106: 0.17332268 | AD106: 0.31329872 | AE106: 0.35223642 | AF106: 0.16114217 | AG106: 0.51566617 | AH106: 0.24157979 | AI106: 0.42481957 | AJ106: 0.26122694 | AK106: 0.072373697 | AL106: 0.86245297 | AM106: 0.84392538 | AN106: 0.85271582 | AO106: 0.8493104 | AP106: 0;5 | AQ106: 0;916621767359997 | AR106: 1 | AS106: 0;946248949325261 | AT106: 1 | AU106: 0;844485897667889 | AV106: 0 | AW106: 0;866979426380714 | AX106: 0 | AY106: =VLOOKUP(B106,[1]Página1!$A:$E,4,0) -> 6093802.6
A107: 3205309 | B107: VITORIA | C107: 2023 | D107: 0.66112 | E107: 0.67208701 | F107: 0.97 | G107: 0.3010606 | H107: 0.68548224 | I107: 0.65199418 | J107: 0.69662978 | K107: 0.6636992 | L107: 0.67433469 | M107: 0.64028916 | N107: 0.55101966 | O107: 0.51970619 | P107: 0.53970678 | Q107: 0.52269455 | R107: 0.80720093 | S107: 0.10109579 | T107: 0.15800636 | U107: 0.39483917 | V107: 0.34464475 | W107: 0.78211716 | X107: 0.067625899 | Y107: 0.26043165 | Z107: 0.46978417 | AA107: 0.20071942 | AB107: 0.73701177 | AC107: 0.10793531 | AD107: 0.27002633 | AE107: 0.35953366 | AF107: 0.26175254 | AG107: 0.61496292 | AH107: 0.17983446 | AI107: 0.35778781 | AJ107: 0.31941309 | AK107: 0.14221219 | AL107: 0.91553398 | AM107: 0.90760692 | AN107: 0.91658049 | AO107: 0.91623578 | AP107: 0;301060602223935 | AQ107: 0;902627710901255 | AR107: 1 | AS107: 0;896724357403147 | AT107: 0 | AU107: 0;851434989515718 | AV107: 0;204242408895739 | AW107: 0;843356819126389 | AX107: 0 | AY107: =VLOOKUP(B107,[1]Página1!$A:$E,4,0) -> 7117226.2
A108: 3201308 | B108: CARIACICA | C108: 2023 | D108: 0.55252545 | E108: 0.45198837 | F108: 0.976 | G108: 0.59822396 | H108: 0.46172955 | I108: 0.4373766 | J108: 0.66152151 | K108: 0.61380314 | L108: 0.26193758 | M108: 0.26095006 | N108: 0.52149104 | O108: 0.5020937 | P108: 0.49300603 | Q108: 0.48560545 | R108: 0.73820813 | S108: 0.15280172 | T108: 0.19073276 | U108: 0.35538793 | V108: 0.30107759 | W108: 0.74203095 | X108: 0.094950367 | Y108: 0.28528269 | Z108: 0.42706085 | AA108: 0.19270609 | AB108: 0.64031292 | AC108: 0.17082627 | AD108: 0.33050642 | AE108: 0.31790647 | AF108: 0.18076084 | AG108: 0.54402134 | AH108: 0.22701916 | AI108: 0.40067912 | AJ108: 0.28377395 | AK108: 0.088527771 | AL108: 0.87580219 | AM108: 0.8835081 | AN108: 0.88486278 | AO108: 0.88400515 | AP108: 0;59822396145326 | AQ108: 0;915518782009892 | AR108: 1 | AS108: 0;949618269325392 | AT108: 1 | AU108: 0;859436477154301 | AV108: 0;222987792863881 | AW108: 0;886072870742414 | AX108: 0;169908052949158 | AY108: =VLOOKUP(B108,[1]Página1!$A:$E,4,0) -> 5948161.6
A109: 3203346 | B109: MARECHAL FLORIANO | C109: 2023 | D109: 0.61868817 | E109: 0.54482632 | F109: 0.984 | G109: 0.598065 | H109: 0.6137731 | I109: 0.44140614 | J109: 0.73231825 | K109: 0.71649937 | L109: 0.49522794 | M109: 0.16631292 | N109: 0.60306625 | O109: 0.53153923 | P109: 0.56758981 | Q109: 0.58383494 | R109: 0.90644258 | S109: 0.050980392 | T109: 0.074509804 | U109: 0.40784314 | V109: 0.46666667 | W109: 0.83163265 | X109: 0.059523809 | Y109: 0.19047619 | Z109: 0.56349206 | AA109: 0.18650794 | AB109: 0.80260818 | AC109: 0.045643153 | AD109: 0.26556017 | AE109: 0.41493776 | AF109: 0.27385892 | AG109: 0.72139893 | AH109: 0.12448133 | AI109: 0.26970954 | AJ109: 0.35684647 | AK109: 0.24896266 | AL109: 0.90425532 | AM109: 0.90322581 | AN109: 0.95256917 | AO109: 0.95256917 | AP109: 0;598064999851605 | AQ109: 0;924170628561987 | AR109: 1 | AS109: 0;931195330564571 | AT109: 1 | AU109: 0;879038696038617 | AV109: 0;289055775248489 | AW109: 0;853240036915447 | AX109: 0;103204224157931 | AY109: =VLOOKUP(B109,[1]Página1!$A:$E,4,0) -> 6660430.2
A110: 3204500 | B110: SANTA LEOPOLDINA | C110: 2023 | D110: 0.69822668 | E110: 0.72106602 | F110: 0.968 | G110: 0.32186977 | H110: 0.86469115 | I110: 0.50562833 | J110: 0.77060761 | K110: 0.65991618 | L110: 0.95877469 | M110: 0.35134047 | N110: 0.62545944 | O110: 0.6356634 | P110: 0.5274446 | Q110: 0.51529131 | R110: 0.87884268 | S110: 0.088607595 | T110: 0.056962025 | U110: 0.28481013 | V110: 0.56962025 | W110: 0.91558442 | X110: 0.032467533 | Y110: 0.090909091 | Z110: 0.32467532 | AA110: 0.55194805 | AB110: 0.73091977 | AC110: 0.089041096 | AD110: 0.31506849 | AE110: 0.39726027 | AF110: 0.19863014 | AG110: 0.59669582 | AH110: 0.17006803 | AI110: 0.40816327 | AJ110: 0.28571429 | AK110: 0.13605442 | AL110: 0.93491124 | AM110: 0.92215569 | AN110: 0.92993631 | AO110: 0.93630573 | AP110: 0;321869769010641 | AQ110: 0;864845196220731 | AR110: 0 | AS110: 0;897782292746257 | AT110: 0;287479076042564 | AU110: 0;905424240957986 | AV110: 1 | AW110: 0;842195296581595 | AX110: 0 | AY110: =VLOOKUP(B110,[1]Página1!$A:$E,4,0) -> 7516694.7
A111: 3205101 | B111: VIANA | C111: 2023 | D111: 0.66556759 | E111: 0.61823787 | F111: 0.991 | G111: 0.56100724 | H111: 0.5813602 | I111: 0.67355436 | J111: 0.71678395 | K111: 0.68996194 | L111: 0.44593646 | M111: 0.65714678 | N111: 0.57940582 | O111: 0.55126354 | P111: 0.55919532 | Q111: 0.54985339 | R111: 0.82198953 | S111: 0.10122164 | T111: 0.13438045 | U111: 0.32286213 | V111: 0.44153578 | W111: 0.83546366 | X111: 0.051754386 | Y111: 0.19736842 | Z111: 0.4754386 | AA111: 0.2754386 | AB111: 0.78698727 | AC111: 0.073267327 | AD111: 0.24455446 | AE111: 0.38217822 | AF111: 0.3 | AG111: 0.67991513 | AH111: 0.12376238 | AI111: 0.34356436 | AJ111: 0.37128713 | AK111: 0.16138614 | AL111: 0.90449882 | AM111: 0.90189873 | AN111: 0.91734787 | AO111: 0.91734787 | AP111: 0;561007244948025 | AQ111: 0;9166076624738 | AR111: 1 | AS111: 0;979047694669068 | AT111: 1 | AU111: 0;893356872235303 | AV111: 0;244028979792101 | AW111: 0;890009403478754 | AX111: 0 | AY111: =VLOOKUP(B111,[1]Página1!$A:$E,4,0) -> 7165106.3
A112: 3200359 | B112: ALTO RIO NOVO | C112: 2023 | D112: 0.6254554 | E112: 0.60444242 | F112: 0.976 | G112: 0.37297136 | H112: 0.64909925 | I112: 0.53745719 | J112: 0.73270398 | K112: 0.7252373 | L112: 0.56549451 | M112: 0.34967708 | N112: 0.54618614 | O112: 0.65516252 | P112: 0.59411417 | Q112: 0.58018284 | R112: 0.76101469 | S112: 0.1588785 | T112: 0.14018692 | U112: 0.28037383 | V112: 0.42056075 | W112: 0.9105474 | X112: 0.046728972 | Y112: 0.074766355 | Z112: 0.20560748 | AA112: 0.6728972 | AB112: 0.8282504 | AC112: 0.056179775 | AD112: 0.20224719 | AE112: 0.35955056 | AF112: 0.38202247 | AG112: 0.71107544 | AH112: 0.08988764 | AI112: 0.34831461 | AJ112: 0.28089888 | AK112: 0.28089888 | AL112: 0.93043478 | AM112: 0.93043478 | AN112: 0.95698925 | AO112: 0.95698925 | AP112: 0;372971355615954 | AQ112: 0;898596021131934 | AR112: 0;491885422463817 | AS112: 0;907434073691579 | AT112: 1 | AU112: 0;781329485736312 | AV112: 0 | AW112: 0;828545559025182 | AX112: 0 | AY112: =VLOOKUP(B112,[1]Página1!$A:$E,4,0) -> 6733282.2
A113: 3200805 | B113: BAIXO GUANDU | C113: 2023 | D113: 0.59109783 | E113: 0.53006833 | F113: 0.967 | G113: 0.5 | H113: 0.55500337 | I113: 0.49266576 | J113: 0.70189723 | K113: 0.62145473 | L113: 0.40810952 | M113: 0.3638768 | N113: 0.5629543 | O113: 0.55307142 | P113: 0.51223803 | Q113: 0.49166373 | R113: 0.80574913 | S113: 0.11585366 | T113: 0.13719512 | U113: 0.34756098 | V113: 0.39939024 | W113: 0.82273519 | X113: 0.051829268 | Y113: 0.2195122 | Z113: 0.42987805 | AA113: 0.29878049 | AB113: 0.70790378 | AC113: 0.14089347 | AD113: 0.26460481 | AE113: 0.38487973 | AF113: 0.20962199 | AG113: 0.56897398 | AH113: 0.19931271 | AI113: 0.40549828 | AJ113: 0.3161512 | AK113: 0.079037801 | AL113: 0.87234043 | AM113: 0.88409704 | AN113: 0.84347826 | AO113: 0.84347826 | AP113: 0;5 | AQ113: 0;928440887698298 | AR113: 1 | AS113: 0;97230634121806 | AT113: 1 | AU113: 0;833097109245372 | AV113: 0 | AW113: 0;874046453758703 | AX113: 0 | AY113: =VLOOKUP(B113,[1]Página1!$A:$E,4,0) -> 6363409
A114: 3201506 | B114: COLATINA | C114: 2023 | D114: 0.54550878 | E114: 0.50906285 | F114: 0.976 | G114: 0.28509857 | H114: 0.5425226 | I114: 0.45887324 | J114: 0.7044566 | K114: 0.66067671 | L114: 0.38058859 | M114: 0.25706977 | N114: 0.5870264 | O114: 0.52347377 | P114: 0.53138979 | Q114: 0.52898126 | R114: 0.83557727 | S114: 0.10341952 | T114: 0.10675563 | U114: 0.32193495 | V114: 0.46788991 | W114: 0.797086 | X114: 0.068822554 | Y114: 0.23466003 | Z114: 0.50995025 | AA114: 0.18656716 | AB114: 0.73708207 | AC114: 0.097678917 | AD114: 0.28916828 | AE114: 0.38104449 | AF114: 0.23210832 | AG114: 0.64175187 | AH114: 0.13829787 | AI114: 0.38491296 | AJ114: 0.35009671 | AK114: 0.12669246 | AL114: 0.8701016 | AM114: 0.88093499 | AN114: 0.89291883 | AO114: 0.89291883 | AP114: 0;285098570132649 | AQ114: 0;879606115666011 | AR114: 0 | AS114: 0;927460301198245 | AT114: 1 | AU114: 0;869285878923692 | AV114: 0;0649725864703777 | AW114: 0;879958569105961 | AX114: 0;0754216940602185 | AY114: =VLOOKUP(B114,[1]Página1!$A:$E,4,0) -> 5872624.3
A115: 3202256 | B115: GOVERNADOR LINDENBERG | C115: 2023 | D115: 0.57954036 | E115: 0.45505766 | F115: 0.99 | G115: 0.75 | H115: 0.34591254 | I115: 0.61877534 | J115: 0.69182507 | K115: 0.69077353 | L115: 0 | M115: 0.54677715 | N115: 0.50787649 | O115: 0.59563716 | P115: 0.56548847 | Q115: 0.55598452 | R115: 0.71428571 | S115: 0.19512195 | T115: 0.15853659 | U115: 0.42682927 | V115: 0.2195122 | W115: 0.84479718 | X115: 0.049382716 | Y115: 0.18518519 | Z115: 0.38271605 | AA115: 0.38271605 | AB115: 0.79107143 | AC115: 0.0375 | AD115: 0.3 | AE115: 0.35 | AF115: 0.3125 | AG115: 0.68535262 | AH115: 0.12658228 | AI115: 0.32911392 | AJ115: 0.37974684 | AK115: 0.16455696 | AL115: 0.91111111 | AM115: 0.92045455 | AN115: 0.90909091 | AO115: 0.89772727 | AP115: 0;75 | AQ115: 0;78334047825585 | AR115: 0 | AS115: 0;934095155155934 | AT115: 1 | AU115: 0;908501305335376 | AV115: 1 | AW115: 0;954210869326462 | AX115: 1 | AY115: =VLOOKUP(B115,[1]Página1!$A:$E,4,0) -> 6238988.1
A116: 3202702 | B116: ITAGUACU | C116: 2023 | D116: 0.67849353 | E116: 0.63065779 | F116: 0.999 | G116: 0.58122052 | H116: 0.58907443 | I116: 0.69303283 | J116: 0.71787763 | K116: 0.70210229 | L116: 0.46027122 | M116: 0.68396336 | N116: 0.5761264 | O116: 0.54560392 | P116: 0.56947196 | Q116: 0.57091548 | R116: 0.81808036 | S116: 0.1015625 | T116: 0.140625 | U116: 0.3203125 | V116: 0.4375 | W116: 0.83106576 | X116: 0.055555556 | Y116: 0.1984127 | Z116: 0.49206349 | AA116: 0.25396825 | AB116: 0.8122449 | AC116: 0.057142857 | AD116: 0.22857143 | AE116: 0.42857143 | AF116: 0.28571429 | AG116: 0.71734694 | AH116: 0.10714286 | AI116: 0.30714286 | AJ116: 0.37857143 | AK116: 0.20714286 | AL116: 0.92086331 | AM116: 0.91970803 | AN116: 0.90322581 | AO116: 0.90322581 | AP116: 0;581220517762475 | AQ116: 0;912209334798561 | AR116: 1 | AS116: 0;944717922927229 | AT116: 1 | AU116: 0;845610919123678 | AV116: 0;115063957691738 | AW116: 0;833708538623209 | AX116: 0;209818113358162 | AY116: =VLOOKUP(B116,[1]Página1!$A:$E,4,0) -> 7304259.3
A117: 3202900 | B117: ITARANA | C117: 2023 | D117: 0.7181438 | E117: 0.70668988 | F117: 0.989 | G117: 0.50073923 | H117: 0.67019853 | I117: 0.76142691 | J117: 0.75927929 | K117: 0.78560787 | L117: 0.58111777 | M117: 0.73724596 | N117: 0.60582438 | O117: 0.60797488 | P117: 0.61527728 | Q117: 0.67528454 | R117: 0.88428571 | S117: 0.07 | T117: 0.08 | U117: 0.4 | V117: 0.45 | W117: 0.89837997 | X117: 0.030927835 | Y117: 0.12371134 | Z117: 0.42268041 | AA117: 0.42268041 | AB117: 0.86845827 | AC117: 0.02970297 | AD117: 0.17821782 | AE117: 0.38613861 | AF117: 0.40594059 | AG117: 0.87411598 | AH117: 0.02970297 | AI117: 0.16831683 | AJ117: 0.41584158 | AK117: 0.38613861 | AL117: 0.93457944 | AM117: 0.93269231 | AN117: 0.98058252 | AO117: 0.98058252 | AP117: 0;500739226271315 | AQ117: 0;892223595646935 | AR117: 0;313674166793389 | AS117: 0;996535393860664 | AT117: 1 | AU117: 0;869084280646847 | AV117: 0;337360596458183 | AW117: 0;899621886433538 | AX117: 0;351922141833689 | AY117: =VLOOKUP(B117,[1]Página1!$A:$E,4,0) -> 7731110.6
A118: 3203353 | B118: MARILANDIA | C118: 2023 | D118: 0.6623777 | E118: 0.66051168 | F118: 0.999 | G118: 0.33446351 | H118: 0.67804419 | I118: 0.63421291 | J118: 0.74273404 | K118: 0.70590321 | L118: 0.61335435 | M118: 0.56252261 | N118: 0.59583757 | O118: 0.59437816 | P118: 0.57395951 | Q118: 0.57066444 | R118: 0.83732453 | S118: 0.086705202 | T118: 0.13294798 | U118: 0.2716763 | V118: 0.50867052 | W118: 0.86549708 | X118: 0.040935672 | Y118: 0.16374269 | Z118: 0.41520468 | AA118: 0.38011696 | AB118: 0.81326531 | AC118: 0.064285714 | AD118: 0.21428571 | AE118: 0.41428571 | AF118: 0.30714286 | AG118: 0.72653061 | AH118: 0.11428571 | AI118: 0.27857143 | AJ118: 0.44285714 | AK118: 0.16428571 | AL118: 0.93010753 | AM118: 0.93442623 | AN118: 0.90909091 | AO118: 0.90909091 | AP118: 0;334463508425288 | AQ118: 0;869463715678352 | AR118: 0;156327231664486 | AS118: 0;910815146647153 | AT118: 1 | AU118: 0;788309825804159 | AV118: 0;166724118248968 | AW118: 0;842547655675577 | AX118: 0;0148026837876998 | AY118: =VLOOKUP(B118,[1]Página1!$A:$E,4,0) -> 7130765.8
A119: 3204005 | B119: PANCAS | C119: 2023 | D119: 0.70239479 | E119: 0.60514871 | F119: 0.998 | G119: 0.86060457 | H119: 0.56821647 | I119: 0.66054708 | J119: 0.74704629 | K119: 0.6985905 | L119: 0.38938664 | M119: 0.62250366 | N119: 0.58620259 | O119: 0.61747243 | P119: 0.56687972 | Q119: 0.56912089 | R119: 0.8655914 | S119: 0.069892473 | T119: 0.11290323 | U119: 0.39784946 | V119: 0.41935484 | W119: 0.87127159 | X119: 0.043956044 | Y119: 0.14835165 | Z119: 0.33516484 | AA119: 0.47252747 | AB119: 0.78832753 | AC119: 0.10365854 | AD119: 0.18902439 | AE119: 0.34146341 | AF119: 0.36585366 | AG119: 0.69599303 | AH119: 0.11585366 | AI119: 0.32926829 | AJ119: 0.32317073 | AK119: 0.23170732 | AL119: 0.92537313 | AM119: 0.91919192 | AN119: 0.91620112 | AO119: 0.91620112 | AP119: 0;860604570334305 | AQ119: 0;92576857781612 | AR119: 1 | AS119: 0;948437926662985 | AT119: 1 | AU119: 0;882100396623937 | AV119: 0;44241828133722 | AW119: 0;931511159686604 | AX119: 1 | AY119: =VLOOKUP(B119,[1]Página1!$A:$E,4,0) -> 7561566
A120: 3204658 | B120: SAO DOMINGOS DO NORTE | C120: 2023 | D120: 0.69697066 | E120: 0.64768816 | F120: 0.998 | G120: 0.62592631 | H120: 0.65046643 | I120: 0.64352076 | J120: 0.77756064 | K120: 0.69947964 | L120: 0.52337221 | M120: 0.58756189 | N120: 0.63840574 | O120: 0.67995263 | P120: 0.57465511 | Q120: 0.58883933 | R120: 0.90544707 | S120: 0.057553957 | T120: 0.064748201 | U120: 0.31654676 | V120: 0.56115108 | W120: 0.94927536 | X120: 0.02173913 | Y120: 0.050724638 | Z120: 0.31884058 | AA120: 0.60869565 | AB120: 0.75782313 | AC120: 0.095238095 | AD120: 0.25714286 | AE120: 0.2952381 | AF120: 0.35238095 | AG120: 0.70068027 | AH120: 0.11428571 | AI120: 0.32380952 | AJ120: 0.28571429 | AK120: 0.27619048 | AL120: 0.87974684 | AM120: 0.87341772 | AN120: 0.90517241 | AO120: 0.90517241 | AP120: 0;625926314085738 | AQ120: 0;911626422578702 | AR120: 1 | AS120: 0;95479251280041 | AT120: 1 | AU120: 0;844542430563004 | AV120: 0;242972397523499 | AW120: 0;865015739529277 | AX120: 0;260732858819451 | AY120: =VLOOKUP(B120,[1]Página1!$A:$E,4,0) -> 7503173.1
A121: 3204955 | B121: SAO ROQUE DO CANAA | C121: 2023 | D121: 0.51671571 | E121: 0.51492088 | F121: 1 | G121: 0.041807316 | H121: 0.40341126 | I121: 0.6821853 | J121: 0.70933854 | K121: 0.76075405 | L121: 0.097483983 | M121: 0.60361656 | N121: 0.56730097 | O121: 0.52159437 | P121: 0.62860217 | Q121: 0.60940743 | R121: 0.84197219 | S121: 0.097345133 | T121: 0.10619469 | U121: 0.37168142 | V121: 0.42477876 | W121: 0.77863578 | X121: 0.072072072 | Y121: 0.26126126 | Z121: 0.45045045 | AA121: 0.21621622 | AB121: 0.88744589 | AC121: 0 | AD121: 0.1969697 | AE121: 0.36363636 | AF121: 0.43939394 | AG121: 0.80952381 | AH121: 0.060606061 | AI121: 0.22727273 | AJ121: 0.43939394 | AK121: 0.27272727 | AL121: 0.92622951 | AM121: 0.91735537 | AN121: 0.95652174 | AO121: 0.95652174 | AP121: 0;0418073162968905 | AQ121: 0;867216379407123 | AR121: 0 | AS121: 0;866945702510601 | AT121: 0 | AU121: 0;827550738948555 | AV121: 0;167229265187562 | AW121: 0;809361576689116 | AX121: 0 | AY121: =VLOOKUP(B121,[1]Página1!$A:$E,4,0) -> 5562655.2
A122: 3200201 | B122: ALEGRE | C122: 2023 | D122: 0.52981176 | E122: 0.38980252 | F122: 0.963 | G122: 0.75 | H122: 0.35340051 | I122: 0.44440552 | J122: 0.70177302 | K122: 0.65516992 | L122: 0.0050280055 | M122: 0.23364112 | N122: 0.55658549 | O122: 0.5209306 | P122: 0.52071491 | Q122: 0.50739639 | R122: 0.79962894 | S122: 0.12121212 | T122: 0.13852814 | U122: 0.35497836 | V122: 0.38528139 | W122: 0.77130326 | X122: 0.10087719 | Y122: 0.22368421 | Z122: 0.45175439 | AA122: 0.22368421 | AB122: 0.71841795 | AC122: 0.11157025 | AD122: 0.29752066 | AE122: 0.38842975 | AF122: 0.20247934 | AG122: 0.59799292 | AH122: 0.16115702 | AI122: 0.4214876 | AJ122: 0.32231405 | AK122: 0.095041322 | AL122: 0.93902439 | AM122: 0.92682927 | AN122: 0.93436293 | AO122: 0.93436293 | AP122: 0;75 | AQ122: 0;915227075837902 | AR122: 1 | AS122: 0;923034773857782 | AT122: 1 | AU122: 0;85887665063108 | AV122: 0 | AW122: 0;900817765711983 | AX122: 1 | AY122: =VLOOKUP(B122,[1]Página1!$A:$E,4,0) -> 5703639.5
A123: 3200508 | B123: APIACA | C123: 2023 | D123: 0.64582345 | E123: 0.60824779 | F123: 0.967 | G123: 0.5 | H123: 0.724946 | I123: 0.43320047 | J123: 0.71278006 | K123: 0.58180338 | L123: 0.73711193 | M123: 0.28459756 | N123: 0.51838292 | O123: 0.56215536 | P123: 0.45356986 | Q123: 0.45984756 | R123: 0.71985158 | S123: 0.16883117 | T123: 0.19480519 | U123: 0.2987013 | V123: 0.33766234 | W123: 0.90095238 | X123: 0 | Y123: 0.17333333 | Z123: 0.58666667 | AA123: 0.24 | AB123: 0.55827068 | AC123: 0.22368421 | AD123: 0.38157895 | AE123: 0.27631579 | AF123: 0.11842105 | AG123: 0.5018797 | AH123: 0.25 | AI123: 0.43421053 | AJ123: 0.26315789 | AK123: 0.052631579 | AL123: 0.98717949 | AM123: 0.98684211 | AN123: 0.88372093 | AO123: 0.88372093 | AP123: 0;5 | AQ123: 0;925193671643334 | AR123: 1 | AS123: 0;93672637430131 | AT123: 1 | AU123: 0;788577364944202 | AV123: 0 | AW123: 0;746325068073754 | AX123: 0 | AY123: =VLOOKUP(B123,[1]Página1!$A:$E,4,0) -> 6952552.6
A124: 3201100 | B124: BOM JESUS DO NORTE | C124: 2023 | D124: 0.72513265 | E124: 0.70156089 | F124: 0.963 | G124: 0.59726683 | H124: 0.60402912 | I124: 0.84785855 | J124: 0.72196182 | K124: 0.6957171 | L124: 0.48609641 | M124: 1 | N124: 0.54598895 | O124: 0.60868798 | P124: 0.54480552 | Q124: 0.55426365 | R124: 0.7638484 | S124: 0.14285714 | T124: 0.16326531 | U124: 0.34693878 | V124: 0.34693878 | W124: 0.92220651 | X124: 0.0099009901 | Y124: 0.11881188 | Z124: 0.43564356 | AA124: 0.43564356 | AB124: 0.7848537 | AC124: 0.036144578 | AD124: 0.31325301 | AE124: 0.45783133 | AF124: 0.19277108 | AG124: 0.6746988 | AH124: 0.084337349 | AI124: 0.42168675 | AJ124: 0.3253012 | AK124: 0.1686747 | AL124: 0.90740741 | AM124: 0.93518519 | AN124: 0.95402299 | AO124: 0.95402299 | AP124: 0;597266830640447 | AQ124: 0;9570060684288 | AR124: 1 | AS124: 0;91421326579334 | AT124: 1 | AU124: 0;86512800271559 | AV124: 0;0304415930934928 | AW124: 0;888281107415592 | AX124: 0;358625729468294 | AY124: =VLOOKUP(B124,[1]Página1!$A:$E,4,0) -> 7806348.4
A125: 3201803 | B125: DIVINO DE SAO LOURENCO | C125: 2023 | D125: 0.48389092 | E125: 0.42705846 | F125: 0.983 | G125: 0.25 | H125: 0.38232833 | I125: 0.49415365 | J125: 0.65865694 | K125: 0.6527747 | L125: 0.10599972 | M125: 0.3355326 | N125: 0.48331614 | O125: 0.52604923 | P125: 0.49733186 | Q125: 0.51754443 | R125: 0.65458422 | S125: 0.20895522 | T125: 0.23880597 | U125: 0.34328358 | V125: 0.20895522 | W125: 0.75757576 | X125: 0.060606061 | Y125: 0.31818182 | Z125: 0.36363636 | AA125: 0.25757576 | AB125: 0.64732143 | AC125: 0.21875 | AD125: 0.234375 | AE125: 0.3125 | AF125: 0.234375 | AG125: 0.57589286 | AH125: 0.28125 | AI125: 0.25 | AJ125: 0.296875 | AK125: 0.171875 | AL125: 0.94366197 | AM125: 0.92957746 | AN125: 0.98461538 | AO125: 0.98461538 | AP125: 0;25 | AQ125: 0;910641057830041 | AR125: 1 | AS125: 0;891838131361 | AT125: 0 | AU125: 0;825179761609481 | AV125: 0 | AW125: 0;830893741586248 | AX125: 0 | AY125: =VLOOKUP(B125,[1]Página1!$A:$E,4,0) -> 5209282.9
A126: 3202009 | B126: DORES DO RIO PRETO | C126: 2023 | D126: 0.78055378 | E126: 0.6865054 | F126: 1 | G126: 1 | H126: 0.77073627 | I126: 0.5601591 | J126: 0.79013386 | K126: 0.69219492 | L126: 0.75133868 | M126: 0.42812327 | N126: 0.61732694 | O126: 0.67823182 | P126: 0.53780587 | Q126: 0.53647464 | R126: 0.93303571 | S126: 0.03125 | T126: 0.0625 | U126: 0.44791667 | V126: 0.45833333 | W126: 0.96390977 | X126: 0 | Y126: 0.063157895 | Z126: 0.28421053 | AA126: 0.65263158 | AB126: 0.77216749 | AC126: 0.060344828 | AD126: 0.29310345 | AE126: 0.43103448 | AF126: 0.21551724 | AG126: 0.68349754 | AH126: 0.094827586 | AI126: 0.38793103 | AJ126: 0.37068966 | AK126: 0.14655172 | AL126: 0.93203883 | AM126: 0.93137255 | AN126: 0.96666667 | AO126: 0.96666667 | AP126: 1 | AQ126: 0;91325940254095 | AR126: 1 | AS126: 0;99662895367941 | AT126: 1 | AU126: 0;912148392443968 | AV126: 1 | AW126: 1;01332908519615 | AX126: 1 | AY126: =VLOOKUP(B126,[1]Página1!$A:$E,4,0) -> 8402979.4
A127: 3202306 | B127: GUACUI | C127: 2023 | D127: 0.63771456 | E127: 0.64209874 | F127: 0.984 | G127: 0.27096966 | H127: 0.67791029 | I127: 0.58838141 | J127: 0.72221791 | K127: 0.68747918 | L127: 0.63360266 | M127: 0.48928364 | N127: 0.58012157 | O127: 0.50667932 | P127: 0.55197695 | Q127: 0.53512791 | R127: 0.84719459 | S127: 0.10027855 | T127: 0.091922006 | U127: 0.33983287 | V127: 0.46796657 | W127: 0.78009631 | X127: 0.08988764 | Y127: 0.22752809 | Z127: 0.5505618 | AA127: 0.13202247 | AB127: 0.7556391 | AC127: 0.10233918 | AD127: 0.24853801 | AE127: 0.36549708 | AF127: 0.28362573 | AG127: 0.65144533 | AH127: 0.14076246 | AI127: 0.36363636 | AJ127: 0.33431085 | AK127: 0.16129032 | AL127: 0.97027027 | AM127: 0.96216216 | AN127: 0.96067416 | AO127: 0.95786517 | AP127: 0;270969661562961 | AQ127: 0;89495493392613 | AR127: 0;0838786462518437 | AS127: 0;91121288422655 | AT127: 1 | AU127: 0;817913694319351 | AV127: 0 | AW127: 0;809479047068789 | AX127: 0 | AY127: =VLOOKUP(B127,[1]Página1!$A:$E,4,0) -> 6865257.1
A128: 3202454 | B128: IBATIBA | C128: 2023 | D128: 0.59093992 | E128: 0.53112845 | F128: 0.961 | G128: 0.5 | H128: 0.63935235 | I128: 0.3687926 | J128: 0.75366759 | K128: 0.63099963 | L128: 0.5250371 | M128: 0.10658558 | N128: 0.62688629 | O128: 0.57365187 | P128: 0.49821397 | Q128: 0.48741938 | R128: 0.8953202 | S128: 0.048850575 | T128: 0.097701149 | U128: 0.29022989 | V128: 0.56321839 | W128: 0.86254153 | X128: 0.049418605 | Y128: 0.15406977 | Z128: 0.44767442 | AA128: 0.34883721 | AB128: 0.65902579 | AC128: 0.14613181 | AD128: 0.34097421 | AE128: 0.33810888 | AF128: 0.1747851 | AG128: 0.53899836 | AH128: 0.24425287 | AI128: 0.37931034 | AJ128: 0.28448276 | AK128: 0.091954023 | AL128: 0.92553191 | AM128: 0.91489362 | AN128: 0.94070081 | AO128: 0.93800539 | AP128: 0;5 | AQ128: 0;930267444541043 | AR128: 1 | AS128: 0;947238815030253 | AT128: 1 | AU128: 0;815081673620486 | AV128: 0 | AW128: 0;816005542120456 | AX128: 0 | AY128: =VLOOKUP(B128,[1]Página1!$A:$E,4,0) -> 6361708.9
A129: 3202553 | B129: IBITIRAMA | C129: 2023 | D129: 0.77230487 | E129: 0.77077133 | F129: 0.999 | G129: 0.55276627 | H129: 0.77306047 | I129: 0.76733761 | J129: 0.77991094 | K129: 0.68673411 | L129: 0.76621 | M129: 0.84794111 | N129: 0.59001276 | O129: 0.66687713 | P129: 0.53172153 | Q129: 0.53067656 | R129: 0.8503937 | S129: 0.086614173 | T129: 0.11023622 | U129: 0.36220472 | V129: 0.44094488 | W129: 0.93925759 | X129: 0.015748031 | Y129: 0.078740158 | Z129: 0.23622047 | AA129: 0.66929134 | AB129: 0.75952381 | AC129: 0.083333333 | AD129: 0.275 | AE129: 0.44166667 | AF129: 0.2 | AG129: 0.65833333 | AH129: 0.14166667 | AI129: 0.35 | AJ129: 0.375 | AK129: 0.13333333 | AL129: 0.9921875 | AM129: 0.9921875 | AN129: 0.97560976 | AO129: 0.97560976 | AP129: 0;552766268109025 | AQ129: 0;942716584484877 | AR129: 1 | AS129: 0;973212977860357 | AT129: 1 | AU129: 0;86011752586639 | AV129: 0;2110650724361 | AW129: 0;879155292879367 | AX129: 0 | AY129: =VLOOKUP(B129,[1]Página1!$A:$E,4,0) -> 8314176.6
A130: 3202652 | B130: IRUPI | C130: 2023 | D130: 0.60628134 | E130: 0.53493261 | F130: 0.957 | G130: 0.58852344 | H130: 0.62928626 | I130: 0.39340213 | J130: 0.72271286 | K130: 0.64053643 | L130: 0.53585966 | M130: 0.14626783 | N130: 0.56967414 | O130: 0.58261748 | P130: 0.50561944 | Q130: 0.49950845 | R130: 0.81105991 | S130: 0.11827957 | T130: 0.12365591 | U130: 0.33333333 | V130: 0.42473118 | W130: 0.86898594 | X130: 0.015544041 | Y130: 0.20207254 | Z130: 0.41968912 | AA130: 0.3626943 | AB130: 0.679213 | AC130: 0.1257485 | AD130: 0.34131737 | AE130: 0.35329341 | AF130: 0.17964072 | AG130: 0.59965783 | AH130: 0.16766467 | AI130: 0.40718563 | AJ130: 0.35329341 | AK130: 0.071856287 | AL130: 0.88995215 | AM130: 0.93236715 | AN130: 0.91758242 | AO130: 0.91758242 | AP130: 0;58852343594121 | AQ130: 0;957955791215602 | AR130: 1 | AS130: 0;958153799949854 | AT130: 1 | AU130: 0;838807053411615 | AV130: 0;0889196410447778 | AW130: 0;884365644974502 | AX130: 0;265174102720061 | AY130: =VLOOKUP(B130,[1]Página1!$A:$E,4,0) -> 6526865.6
A131: 3203007 | B131: IUNA | C131: 2023 | D131: 0.62759122 | E131: 0.62426101 | F131: 0.945 | G131: 0.32572343 | H131: 0.61709354 | I131: 0.63501223 | J131: 0.72051894 | K131: 0.66042525 | L131: 0.51366813 | M131: 0.6095992 | N131: 0.576212 | O131: 0.55193614 | P131: 0.52340774 | Q131: 0.52834039 | R131: 0.82738095 | S131: 0.095588235 | T131: 0.13480392 | U131: 0.33088235 | V131: 0.43872549 | W131: 0.83835519 | X131: 0.049627792 | Y131: 0.19602978 | Z131: 0.50124069 | AA131: 0.25310174 | AB131: 0.71660232 | AC131: 0.11351351 | AD131: 0.2972973 | AE131: 0.38918919 | AF131: 0.2 | AG131: 0.64266461 | AH131: 0.16172507 | AI131: 0.34231806 | AJ131: 0.36927224 | AK131: 0.12668464 | AL131: 0.92099323 | AM131: 0.91176471 | AN131: 0.90909091 | AO131: 0.91154791 | AP131: 0;325723434158344 | AQ131: 0;880274666872182 | AR131: 0 | AS131: 0;912560661016124 | AT131: 1 | AU131: 0;824298423635209 | AV131: 0;202216686403952 | AW131: 0;828506630107106 | AX131: 0;100677050229425 | AY131: =VLOOKUP(B131,[1]Página1!$A:$E,4,0) -> 6756275.2
A132: 3203700 | B132: MUNIZ FREIRE | C132: 2023 | D132: 0.67088404 | E132: 0.63665045 | F132: 0.998 | G132: 0.50352484 | H132: 0.69240851 | I132: 0.55301336 | J132: 0.80593986 | K132: 0.73635646 | L132: 0.57887716 | M132: 0.36967026 | N132: 0.64654984 | O132: 0.67559371 | P132: 0.61277972 | Q132: 0.59249023 | R132: 0.93465727 | S132: 0.044843049 | T132: 0.03587444 | U132: 0.31838565 | V132: 0.60089686 | W132: 0.95345831 | X132: 0.018099548 | Y132: 0.049773756 | Z132: 0.25339367 | AA132: 0.67873303 | AB132: 0.83873343 | AC132: 0.067010309 | AD132: 0.16494845 | AE132: 0.29896907 | AF132: 0.46907216 | AG132: 0.74889543 | AH132: 0.097938144 | AI132: 0.26804124 | AJ132: 0.37113402 | AK132: 0.2628866 | AL132: 0.96536797 | AM132: 0.9650655 | AN132: 0.94634146 | AO132: 0.94634146 | AP132: 0;503524838141818 | AQ132: 0;927684404136026 | AR132: 1 | AS132: 0;965426204016313 | AT132: 1 | AU132: 0;854689329221279 | AV132: 0;0140993525672717 | AW132: 0;821098972227932 | AX132: 0 | AY132: =VLOOKUP(B132,[1]Página1!$A:$E,4,0) -> 7222340
A133: 3204807 | B133: SAO JOSE DO CALCADO | C133: 2023 | D133: 0.67339228 | E133: 0.69367288 | F133: 0.972 | G133: 0.28014177 | H133: 0.80493084 | I133: 0.52678594 | J133: 0.76602806 | K133: 0.65023112 | L133: 0.84383362 | M133: 0.40334076 | N133: 0.59315615 | O133: 0.70235244 | P133: 0.521161 | Q133: 0.50212658 | R133: 0.84033613 | S133: 0.088235294 | T133: 0.125 | U133: 0.30147059 | V133: 0.48529412 | W133: 0.96969697 | X133: 0 | Y133: 0.053030303 | Z133: 0.28030303 | AA133: 0.66666667 | AB133: 0.68487395 | AC133: 0.11764706 | AD133: 0.34558824 | AE133: 0.31617647 | AF133: 0.22058824 | AG133: 0.59453782 | AH133: 0.22058824 | AI133: 0.32352941 | AJ133: 0.33823529 | AK133: 0.11764706 | AL133: 0.90666667 | AM133: 0.88590604 | AN133: 0.93793103 | AO133: 0.93793103 | AP133: 0;280141768597546 | AQ133: 0;852146725246357 | AR133: 0 | AS133: 0;947058831300297 | AT133: 1 | AU133: 0;807481060003945 | AV133: 0 | AW133: 0;848504563664524 | AX133: 0;120567074390185 | AY133: =VLOOKUP(B133,[1]Página1!$A:$E,4,0) -> 7249342.2
A134: 3200607 | B134: ARACRUZ | C134: 2023 | D134: 0.64678822 | E134: 0.58100934 | F134: 0.98 | G134: 0.62054453 | H134: 0.61757112 | I134: 0.52616667 | J134: 0.6928594 | K134: 0.65714247 | L134: 0.54228285 | M134: 0.39519086 | N134: 0.57318681 | O134: 0.51874713 | P134: 0.54579444 | Q134: 0.53520625 | R134: 0.83853541 | S134: 0.10672269 | T134: 0.095798319 | U134: 0.37815126 | V134: 0.41932773 | W134: 0.78355342 | X134: 0.057983193 | Y134: 0.27731092 | Z134: 0.47731092 | AA134: 0.18739496 | AB134: 0.7518859 | AC134: 0.11138614 | AD134: 0.23927393 | AE134: 0.37211221 | AF134: 0.27722772 | AG134: 0.63409759 | AH134: 0.16790123 | AI134: 0.34650206 | AJ134: 0.31851852 | AK134: 0.16707819 | AL134: 0.85060758 | AM134: 0.85427136 | AN134: 0.85352113 | AO134: 0.8556338 | AP134: 0;620544531042541 | AQ134: 0;92767946126085 | AR134: 1 | AS134: 0;942150373088379 | AT134: 1 | AU134: 0;880200076791493 | AV134: 0;309475571590764 | AW134: 0;874598114803147 | AX134: 0;172702552579398 | AY134: =VLOOKUP(B134,[1]Página1!$A:$E,4,0) -> 6962938.7
A135: 3202504 | B135: IBIRACU | C135: 2023 | D135: 0.73887079 | E135: 0.66399585 | F135: 0.975 | G135: 0.852158 | H135: 0.60689349 | I135: 0.74964939 | J135: 0.68356448 | K135: 0.68799106 | L135: 0.5302225 | M135: 0.81130772 | N135: 0.5572346 | O135: 0.49316715 | P135: 0.55591822 | Q135: 0.53933846 | R135: 0.80983302 | S135: 0.12337662 | T135: 0.11688312 | U135: 0.33766234 | V135: 0.42207792 | W135: 0.72857143 | X135: 0.125 | Y135: 0.25625 | Z135: 0.4625 | AA135: 0.15625 | AB135: 0.79274005 | AC135: 0.057377049 | AD135: 0.26229508 | AE135: 0.3852459 | AF135: 0.29508197 | AG135: 0.65807963 | AH135: 0.098360656 | AI135: 0.42622951 | AJ135: 0.35245902 | AK135: 0.12295082 | AL135: 0.88 | AM135: 0.91428571 | AN135: 0.93129771 | AO135: 0.93129771 | AP135: 0;852157995083255 | AQ135: 0;99031664190559 | AR135: 1 | AS135: 0;922463396987759 | AT135: 1 | AU135: 0;950592313308985 | AV135: 1 | AW135: 0;88316790027232 | AX135: 0;40863198033302 | AY135: =VLOOKUP(B135,[1]Página1!$A:$E,4,0) -> 7954245.1
A136: 3203130 | B136: JOAO NEIVA | C136: 2023 | D136: 0.51673299 | E136: 0.42876797 | F136: 0.999 | G136: 0.44496946 | H136: 0.48880188 | I136: 0.33871709 | J136: 0.69155595 | K136: 0.6642835 | L136: 0.28604782 | M136: 0.013150673 | N136: 0.57387959 | O136: 0.50356559 | P136: 0.55191063 | Q136: 0.51940789 | R136: 0.84177215 | S136: 0.10759494 | T136: 0.088607595 | U136: 0.41772152 | V136: 0.38607595 | W136: 0.74133559 | X136: 0.082840237 | Y136: 0.30769231 | Z136: 0.44378698 | AA136: 0.16568047 | AB136: 0.74175824 | AC136: 0.08974359 | AD136: 0.29487179 | AE136: 0.33333333 | AF136: 0.28205128 | AG136: 0.60531136 | AH136: 0.18589744 | AI136: 0.36538462 | AJ136: 0.33333333 | AK136: 0.11538462 | AL136: 0.84946237 | AM136: 0.90860215 | AN136: 0.9122807 | AO136: 0.9122807 | AP136: 0;444969455979068 | AQ136: 0;899568025923818 | AR136: 0 | AS136: 0;924792653507613 | AT136: 1 | AU136: 0;864561073915283 | AV136: 0;374837921247621 | AW136: 0;885203952355478 | AX136: 0;405039902668653 | AY136: =VLOOKUP(B136,[1]Página1!$A:$E,4,0) -> 5562841.2
A137: 3203205 | B137: LINHARES | C137: 2023 | D137: 0.5852085 | E137: 0.55470768 | F137: 0.964 | G137: 0.34875414 | H137: 0.59559654 | I137: 0.4933744 | J137: 0.66748473 | K137: 0.64770296 | L137: 0.52370836 | M137: 0.33904584 | N137: 0.54068132 | O137: 0.47967441 | P137: 0.53146733 | Q137: 0.52183682 | R137: 0.78384975 | S137: 0.13858567 | T137: 0.13573802 | U137: 0.37114381 | V137: 0.35453251 | W137: 0.71676494 | X137: 0.096153846 | Y137: 0.32739212 | Z137: 0.44136961 | AA137: 0.13508443 | AB137: 0.72537543 | AC137: 0.11105121 | AD137: 0.28625337 | AE137: 0.36603774 | AF137: 0.23665768 | AG137: 0.60983682 | AH137: 0.171875 | AI137: 0.38200431 | AJ137: 0.30387931 | AK137: 0.14224138 | AL137: 0.87282519 | AM137: 0.89167712 | AN137: 0.86966714 | AO137: 0.87013596 | AP137: 0;348754142885476 | AQ137: 0;899503928645196 | AR137: 0;0965455452029772 | AS137: 0;917198597649054 | AT137: 1 | AU137: 0;850623243229135 | AV137: 0;197955002864939 | AW137: 0;858849508845517 | AX137: 0;100516023473986 | AY137: =VLOOKUP(B137,[1]Página1!$A:$E,4,0) -> 6300007.9
A138: 3204351 | B138: RIO BANANAL | C138: 2023 | D138: 0.50453479 | E138: 0.50254857 | F138: 0.961 | G138: 0.057338613 | H138: 0.50722028 | I138: 0.49554101 | J138: 0.70827197 | K138: 0.64558243 | L138: 0.30616859 | M138: 0.34549958 | N138: 0.57576667 | O138: 0.52653015 | P138: 0.52881326 | Q138: 0.51245986 | R138: 0.8343254 | S138: 0.10416667 | T138: 0.10763889 | U138: 0.35416667 | V138: 0.43402778 | W138: 0.77380952 | X138: 0.083333333 | Y138: 0.25 | Z138: 0.43402778 | AA138: 0.23263889 | AB138: 0.71736896 | AC138: 0.10791367 | AD138: 0.3057554 | AE138: 0.36330935 | AF138: 0.22302158 | AG138: 0.58838643 | AH138: 0.19784173 | AI138: 0.37410072 | AJ138: 0.30215827 | AK138: 0.12589928 | AL138: 0.90851735 | AM138: 0.91428571 | AN138: 0.88817891 | AO138: 0.88817891 | AP138: 0;0573386132312516 | AQ138: 0;884087512273297 | AR138: 0 | AS138: 0;884416924979733 | AT138: 0 | AU138: 0;84680646844871 | AV138: 0;207951149351585 | AW138: 0;844716811830001 | AX138: 0;0214033035734212 | AY138: =VLOOKUP(B138,[1]Página1!$A:$E,4,0) -> 5431522.6
A139: 3205010 | B139: SOORETAMA | C139: 2023 | D139: 0.61669993 | E139: 0.58964351 | F139: 0.995 | G139: 0.36466317 | H139: 0.6179603 | I139: 0.54716832 | J139: 0.69772637 | K139: 0.62048449 | L139: 0.53819422 | M139: 0.47385216 | N139: 0.5663251 | O139: 0.50354324 | P139: 0.50961299 | Q139: 0.47408631 | R139: 0.8015318 | S139: 0.1025641 | T139: 0.16783217 | U139: 0.2960373 | V139: 0.43356643 | W139: 0.77555856 | X139: 0.068720379 | Y139: 0.27251185 | Z139: 0.53080569 | AA139: 0.12796209 | AB139: 0.70103831 | AC139: 0.13283208 | AD139: 0.29072682 | AE139: 0.38095238 | AF139: 0.19548872 | AG139: 0.51020408 | AH139: 0.2406015 | AI139: 0.43609023 | AJ139: 0.24310777 | AK139: 0.080200501 | AL139: 0.91862955 | AM139: 0.9154013 | AN139: 0.89261745 | AO139: 0.89261745 | AP139: 0;364663169486847 | AQ139: 0;850557045413573 | AR139: 0 | AS139: 0;920929482335593 | AT139: 1 | AU139: 0;829037677487709 | AV139: 0;268228363912554 | AW139: 0;8540734796009 | AX139: 0;190424314034835 | AY139: =VLOOKUP(B139,[1]Página1!$A:$E,4,0) -> 6639026
A140: 3201001 | B140: BOA ESPERANCA | C140: 2023 | D140: 0.71473136 | E140: 0.74923424 | F140: 0.986 | G140: 0.28244927 | H140: 0.7692223 | I140: 0.71925215 | J140: 0.7641238 | K140: 0.68254459 | L140: 0.7743208 | M140: 0.75595971 | N140: 0.60732869 | O140: 0.60971378 | P140: 0.56187054 | Q140: 0.54183285 | R140: 0.85925405 | S140: 0.078817734 | T140: 0.10837438 | U140: 0.31034483 | V140: 0.50246305 | W140: 0.92246949 | X140: 0 | Y140: 0.13567839 | Z140: 0.46733668 | AA140: 0.39698492 | AB140: 0.76348155 | AC140: 0.092715232 | AD140: 0.25165563 | AE140: 0.37086093 | AF140: 0.28476821 | AG140: 0.63670766 | AH140: 0.1589404 | AI140: 0.35761589 | AJ140: 0.29139073 | AK140: 0.19205298 | AL140: 0.95754717 | AM140: 0.95215311 | AN140: 0.92638037 | AO140: 0.92638037 | AP140: 0;282449272585689 | AQ140: 0;873080887215917 | AR140: 0 | AS140: 0;924548515673453 | AT140: 1 | AU140: 0;781085432853606 | AV140: 0;129797090342754 | AW140: 0;752185146471117 | AX140: 0 | AY140: =VLOOKUP(B140,[1]Página1!$A:$E,4,0) -> 7694374.3
A141: 3203502 | B141: MONTANHA | C141: 2023 | D141: 0.58757708 | E141: 0.50471092 | F141: 0.96 | G141: 0.60186294 | H141: 0.51065755 | I141: 0.49579097 | J141: 0.66143031 | K141: 0.6393178 | L141: 0.35988479 | M141: 0.35226414 | N141: 0.53770868 | O141: 0.51260013 | P141: 0.51033614 | Q141: 0.49999497 | R141: 0.77734878 | S141: 0.11711712 | T141: 0.18468468 | U141: 0.4009009 | V141: 0.2972973 | W141: 0.8005148 | X141: 0.063063063 | Y141: 0.23873874 | Z141: 0.55855856 | AA141: 0.13963964 | AB141: 0.66999376 | AC141: 0.15283843 | AD141: 0.31004367 | AE141: 0.34497817 | AF141: 0.19213974 | AG141: 0.58452901 | AH141: 0.16593886 | AI141: 0.43668122 | AJ141: 0.3231441 | AK141: 0.074235808 | AL141: 0.80144404 | AM141: 0.80727273 | AN141: 0.91967871 | AO141: 0.91967871 | AP141: 0;601862944371375 | AQ141: 0;903305730816407 | AR141: 1 | AS141: 0;952647951625753 | AT141: 1 | AU141: 0;839922385709711 | AV141: 0;199331807108517 | AW141: 0;868282682812065 | AX141: 0;208119970376983 | AY141: =VLOOKUP(B141,[1]Página1!$A:$E,4,0) -> 6325506.7
A142: 3203601 | B142: MUCURICI | C142: 2023 | D142: 0.61195611 | E142: 0.67708016 | F142: 0.92 | G142: 0 | H142: 0.76146105 | I142: 0.55050882 | J142: 0.74315742 | K142: 0.68291292 | L142: 0.77976468 | M142: 0.41810471 | N142: 0.61951139 | O142: 0.55571511 | P142: 0.54805338 | Q142: 0.54374353 | R142: 0.87731092 | S142: 0.082352941 | T142: 0.070588235 | U142: 0.27058824 | V142: 0.57647059 | W142: 0.75903614 | X142: 0.096385542 | Y142: 0.25301205 | Z142: 0.30120482 | AA142: 0.34939759 | AB142: 0.74884793 | AC142: 0.11290323 | AD142: 0.24193548 | AE142: 0.33870968 | AF142: 0.30645161 | AG142: 0.65207373 | AH142: 0.080645161 | AI142: 0.46774194 | AJ142: 0.32258065 | AK142: 0.12903226 | AL142: 0.95505618 | AM142: 0.95402299 | AN142: 0.93939394 | AO142: 0.93939394 | AP142: 0 | AQ142: 0;83527769656687 | AR142: 0 | AS142: 0;891486615371425 | AT142: 0 | AU142: 0;741378985412348 | AV142: 0 | AW142: 0;784449164780013 | AX142: 0 | AY142: =VLOOKUP(B142,[1]Página1!$A:$E,4,0) -> 6587956.8
A143: 3203908 | B143: NOVA VENECIA | C143: 2023 | D143: 0.70538088 | E143: 0.65649261 | F143: 0.99 | G143: 0.64890703 | H143: 0.67786716 | I143: 0.6244308 | J143: 0.75420455 | K143: 0.73354346 | L143: 0.60152976 | M143: 0.51531813 | N143: 0.61773295 | O143: 0.58742712 | P143: 0.59808855 | Q143: 0.6082098 | R143: 0.90706234 | S143: 0.043478261 | T143: 0.08373591 | U143: 0.36553945 | V143: 0.50563607 | W143: 0.89141005 | X143: 0.042139384 | Y143: 0.11345219 | Z143: 0.52512156 | AA143: 0.31766613 | AB143: 0.8260984 | AC143: 0.042357274 | AD143: 0.23020258 | AE143: 0.3480663 | AF143: 0.37937385 | AG143: 0.75551471 | AH143: 0.090073529 | AI143: 0.27022059 | AJ143: 0.34375 | AK143: 0.29595588 | AL143: 0.90130624 | AM143: 0.9100295 | AN143: 0.9362069 | AO143: 0.93793103 | AP143: 0;648907025090121 | AQ143: 0;943806440317304 | AR143: 1 | AS143: 0;937055106627894 | AT143: 1 | AU143: 0;846256512327349 | AV143: 0;282496106205896 | AW143: 0;846175307271225 | AX143: 0;313131994154589 | AY143: =VLOOKUP(B143,[1]Página1!$A:$E,4,0) -> 7593712.6
A144: 3204104 | B144: PINHEIROS | C144: 2023 | D144: 0.69884953 | E144: 0.66205172 | F144: 0.983 | G144: 0.58642213 | H144: 0.64293529 | I144: 0.69072638 | J144: 0.72656641 | K144: 0.66528527 | L144: 0.55930417 | M144: 0.71616748 | N144: 0.60318051 | O144: 0.53592328 | P144: 0.53154597 | Q144: 0.52882099 | R144: 0.86917293 | S144: 0.080701754 | T144: 0.087719298 | U144: 0.32280702 | V144: 0.50877193 | W144: 0.84438776 | X144: 0.053571429 | Y144: 0.17857143 | Z144: 0.6 | AA144: 0.16785714 | AB144: 0.72084806 | AC144: 0.10954064 | AD144: 0.29681979 | AE144: 0.35335689 | AF144: 0.24028269 | AG144: 0.63705199 | AH144: 0.17314488 | AI144: 0.33215548 | AJ144: 0.37809187 | AK144: 0.11660777 | AL144: 0.90189873 | AM144: 0.88328076 | AN144: 0.9218241 | AO144: 0.9218241 | AP144: 0;586422132204838 | AQ144: 0;921460911410631 | AR144: 1 | AS144: 0;910222895209327 | AT144: 1 | AU144: 0;791119910679885 | AV144: 0;173453396704286 | AW144: 0;833950300322908 | AX144: 0;172235132115064 | AY144: =VLOOKUP(B144,[1]Página1!$A:$E,4,0) -> 7523399.9
A145: 3204252 | B145: PONTO BELO | C145: 2023 | D145: 0.72376976 | E145: 0.70652364 | F145: 0.991 | G145: 0.5370214 | H145: 0.81745598 | I145: 0.54012511 | J145: 0.80400899 | K145: 0.6773282 | L145: 0.83090298 | M145: 0.40292202 | N145: 0.6575845 | O145: 0.6980806 | P145: 0.5225064 | Q145: 0.53284282 | R145: 0.95918367 | S145: 0 | T145: 0.071428571 | U145: 0.32142857 | V145: 0.60714286 | W145: 0.98671096 | X145: 0 | Y145: 0.023255814 | Z145: 0.24418605 | AA145: 0.73255814 | AB145: 0.71571429 | AC145: 0.09 | AD145: 0.34 | AE145: 0.35 | AF145: 0.22 | AG145: 0.63142857 | AH145: 0.22 | AI145: 0.26 | AJ145: 0.34 | AK145: 0.18 | AL145: 0.89361702 | AM145: 0.90526316 | AN145: 0.98039216 | AO145: 0.98039216 | AP145: 0;537021401832031 | AQ145: 0;940988639512448 | AR145: 1 | AS145: 0;985877240207099 | AT145: 1 | AU145: 0;775454104289185 | AV145: 0 | AW145: 0;77847581157897 | AX145: 0;148085607328126 | AY145: =VLOOKUP(B145,[1]Página1!$A:$E,4,0) -> 7791676.3
A146: 3204708 | B146: SAO GABRIEL DA PALHA | C146: 2023 | D146: 0.45695523 | E146: 0.4413882 | F146: 0.982 | G146: 0.0045566008 | H146: 0.41637224 | I146: 0.47891214 | J146: 0.71349186 | K146: 0.70345672 | L146: 0.11925261 | M146: 0.25436756 | N146: 0.58157793 | O146: 0.52614394 | P146: 0.56967044 | Q146: 0.56229675 | R146: 0.84254144 | S146: 0.11325967 | T146: 0.077348066 | U146: 0.37016575 | V146: 0.43922652 | W146: 0.77487961 | X146: 0.075842697 | Y146: 0.26123596 | Z146: 0.44101124 | AA146: 0.22191011 | AB146: 0.80008711 | AC146: 0.06402439 | AD146: 0.23780488 | AE146: 0.3902439 | AF146: 0.30792683 | AG146: 0.69468641 | AH146: 0.11890244 | AI146: 0.32621951 | AJ146: 0.36585366 | AK146: 0.18902439 | AL146: 0.92111959 | AM146: 0.91752577 | AN146: 0.93447293 | AO146: 0.93447293 | AP146: 0;00455660076648763 | AQ146: 0;857755713489971 | AR146: 0 | AS146: 0;848584643624896 | AT146: 0 | AU146: 0;828085371590652 | AV146: 0;0182264030659505 | AW146: 0;818079397885437 | AX146: 0 | AY146: =VLOOKUP(B146,[1]Página1!$A:$E,4,0) -> 4919309.2
A147: 3205150 | B147: VILA PAVAO | C147: 2023 | D147: 0.69284991 | E147: 0.70704892 | F147: 0.995 | G147: 0.32443781 | H147: 0.66972193 | I147: 0.76303941 | J147: 0.72804029 | K147: 0.70851504 | L147: 0.61140357 | M147: 0.81756377 | N147: 0.5900548 | O147: 0.54416867 | P147: 0.56939807 | Q147: 0.55531365 | R147: 0.85714286 | S147: 0.087719298 | T147: 0.096491228 | U147: 0.4122807 | V147: 0.40350877 | W147: 0.85976409 | X147: 0.04587156 | Y147: 0.16513761 | Z147: 0.56880734 | AA147: 0.22018349 | AB147: 0.83516484 | AC147: 0.046153846 | AD147: 0.20769231 | AE147: 0.46153846 | AF147: 0.28461538 | AG147: 0.73956044 | AH147: 0.11538462 | AI147: 0.25384615 | AJ147: 0.48461538 | AK147: 0.14615385 | AL147: 0.92682927 | AM147: 0.88617886 | AN147: 0.92198582 | AO147: 0.92198582 | AP147: 0;324437806631783 | AQ147: 0;896269569539392 | AR147: 0 | AS147: 0;914310321568151 | AT147: 1 | AU147: 0;856041979868551 | AV147: 0;297751226527134 | AW147: 0;832569893419254 | AX147: 0 | AY147: =VLOOKUP(B147,[1]Página1!$A:$E,4,0) -> 7458811.6
A148: 3205176 | B148: VILA VALERIO | C148: 2023 | D148: 0.70313429 | E148: 0.68124993 | F148: 0.974 | G148: 0.53439555 | H148: 0.71183982 | I148: 0.6353651 | J148: 0.77621597 | K148: 0.71516957 | L148: 0.64746368 | M148: 0.55556063 | N148: 0.64620971 | O148: 0.64639172 | P148: 0.56563778 | Q148: 0.59391585 | R148: 0.9 | S148: 0.046666667 | T148: 0.093333333 | U148: 0.24666667 | V148: 0.61333333 | W148: 0.9352381 | X148: 0 | Y148: 0.11333333 | Z148: 0.35333333 | AA148: 0.53333333 | AB148: 0.76972281 | AC148: 0.089552239 | AD148: 0.24626866 | AE148: 0.29104478 | AF148: 0.37313433 | AG148: 0.74520256 | AH148: 0.12686567 | AI148: 0.2238806 | AJ148: 0.38059701 | AK148: 0.26865672 | AL148: 0.89820359 | AM148: 0.89820359 | AN148: 0.94366197 | AO148: 0.94366197 | AP148: 0;534395545214109 | AQ148: 0;900598511261463 | AR148: 1 | AS148: 0;977470219935084 | AT148: 1 | AU148: 0;788177477214033 | AV148: 0 | AW148: 0;891954061635438 | AX148: 0;137582180856434 | AY148: =VLOOKUP(B148,[1]Página1!$A:$E,4,0) -> 7569527.1
A149: 3201605 | B149: CONCEICAO DA BARRA | C149: 2023 | D149: 0.68243353 | E149: 0.65926219 | F149: 0.973 | G149: 0.5 | H149: 0.71689856 | I149: 0.57280763 | J149: 0.71324305 | K149: 0.65808739 | L149: 0.72055408 | M149: 0.48752787 | N149: 0.57738015 | O149: 0.49534948 | P149: 0.52638268 | Q149: 0.50248532 | R149: 0.85373247 | S149: 0.079575597 | T149: 0.11671088 | U149: 0.40848806 | V149: 0.39522546 | W149: 0.7593377 | X149: 0.061994609 | Y149: 0.31266846 | Z149: 0.52021563 | AA149: 0.10512129 | AB149: 0.72639933 | AC149: 0.084795322 | AD149: 0.33040936 | AE149: 0.35087719 | AF149: 0.23391813 | AG149: 0.59106099 | AH149: 0.20175439 | AI149: 0.3625731 | AJ149: 0.35672515 | AK149: 0.078947368 | AL149: 0.9520202 | AM149: 0.94162437 | AN149: 0.94475138 | AO149: 0.94475138 | AP149: 0;5 | AQ149: 0;930493450833589 | AR149: 1 | AS149: 0;920794472151805 | AT149: 1 | AU149: 0;809834708390907 | AV149: 0 | AW149: 0;834701353256618 | AX149: 0 | AY149: =VLOOKUP(B149,[1]Página1!$A:$E,4,0) -> 7093835.2
A150: 3203056 | B150: JAGUARE | C150: 2023 | D150: 0.61008915 | E150: 0.50384165 | F150: 0.966 | G150: 0.75 | H150: 0.48008733 | I150: 0.53947311 | J150: 0.7114725 | K150: 0.68087547 | L150: 0.24870216 | M150: 0.39807076 | N150: 0.57932884 | O150: 0.52336248 | P150: 0.53768772 | Q150: 0.54733001 | R150: 0.83483111 | S150: 0.10195228 | T150: 0.11062907 | U150: 0.3340564 | V150: 0.45336226 | W150: 0.77323768 | X150: 0.072052402 | Y150: 0.27074236 | Z150: 0.44541485 | AA150: 0.21179039 | AB150: 0.75362786 | AC150: 0.072234763 | AD150: 0.30474041 | AE150: 0.40180587 | AF150: 0.22121896 | AG150: 0.66978394 | AH150: 0.13544018 | AI150: 0.34085779 | AJ150: 0.34537246 | AK150: 0.17832957 | AL150: 0.922 | AM150: 0.92152918 | AN150: 0.92677824 | AO150: 0.92677824 | AP150: 0;75 | AQ150: 0;902424418298497 | AR150: 1 | AS150: 0;890439272123862 | AT150: 0 | AU150: 0;919668534100638 | AV150: 1 | AW150: 0;912628127406669 | AX150: 1 | AY150: =VLOOKUP(B150,[1]Página1!$A:$E,4,0) -> 6567858.3
A151: 3204054 | B151: PEDRO CANARIO | C151: 2023 | D151: 0.55096367 | E151: 0.45623908 | F151: 0.98 | G151: 0.56397538 | H151: 0.42477404 | I151: 0.50343665 | J151: 0.71393201 | K151: 0.65772062 | L151: 0.13561606 | M151: 0.34915269 | N151: 0.57635815 | O151: 0.54037769 | P151: 0.51960154 | Q151: 0.51237245 | R151: 0.81678005 | S151: 0.1015873 | T151: 0.14285714 | U151: 0.33650794 | V151: 0.41904762 | W151: 0.81181319 | X151: 0.067307692 | Y151: 0.21153846 | Z151: 0.45833333 | AA151: 0.26282051 | AB151: 0.71234867 | AC151: 0.12881356 | AD151: 0.2779661 | AE151: 0.38644068 | AF151: 0.20677966 | AG151: 0.60048426 | AH151: 0.17288136 | AI151: 0.39661017 | AJ151: 0.29830508 | AK151: 0.13220339 | AL151: 0.91836735 | AM151: 0.91495601 | AN151: 0.94249201 | AO151: 0.94249201 | AP151: 0;56397537903805 | AQ151: 0;915085524807083 | AR151: 1 | AS151: 0;928492656411667 | AT151: 1 | AU151: 0;78822433611903 | AV151: 0;124449710523176 | AW151: 0;82428776057636 | AX151: 0;131451805629024 | AY151: =VLOOKUP(B151,[1]Página1!$A:$E,4,0) -> 5931348.3
A152: 3204906 | B152: SAO MATEUS | C152: 2023 | D152: 0.69274155 | E152: 0.67104189 | F152: 0.924 | G152: 0.56274816 | H152: 0.71599022 | I152: 0.60361941 | J152: 0.67635509 | K152: 0.62688904 | L152: 0.75562535 | M152: 0.58034978 | N152: 0.54804681 | O152: 0.48897334 | P152: 0.4971957 | Q152: 0.48619975 | R152: 0.79152427 | S152: 0.13738893 | T152: 0.12440191 | U152: 0.37320574 | V152: 0.36500342 | W152: 0.72643543 | X152: 0.090534979 | Y152: 0.32030178 | Z152: 0.45884774 | AA152: 0.1303155 | AB152: 0.66838654 | AC152: 0.13769752 | AD152: 0.3393529 | AE152: 0.36267871 | AF152: 0.16027088 | AG152: 0.54625645 | AH152: 0.21536145 | AI152: 0.41716867 | AJ152: 0.2936747 | AK152: 0.073795181 | AL152: 0.88774272 | AM152: 0.89612784 | AN152: 0.91718427 | AO152: 0.91649413 | AP152: 0;562748164422893 | AQ152: 0;914867853814923 | AR152: 1 | AS152: 0;955430668505516 | AT152: 1 | AU152: 0;841540373711836 | AV152: 0;140396554885123 | AW152: 0;877387693140575 | AX152: 0;110596102806449 | AY152: =VLOOKUP(B152,[1]Página1!$A:$E,4,0) -> 7457645
A153: 3200300 | B153: ALFREDO CHAVES | C153: 2023 | D153: 0.67076394 | E153: 0.53587705 | F153: 0.971 | G153: 1 | H153: 0.53155834 | I153: 0.54235512 | J153: 0.77206626 | K153: 0.75007456 | L153: 0.29105042 | M153: 0.33463569 | N153: 0.61675567 | O153: 0.62889837 | P153: 0.59389323 | Q153: 0.59933711 | R153: 0.86512866 | S153: 0.074534162 | T153: 0.10559006 | U153: 0.27950311 | V153: 0.54037267 | W153: 0.91071429 | X153: 0.025 | Y153: 0.1125 | Z153: 0.3375 | AA153: 0.525 | AB153: 0.85795918 | AC153: 0.034285714 | AD153: 0.18857143 | AE153: 0.41142857 | AF153: 0.36571429 | AG153: 0.77877551 | AH153: 0.028571429 | AI153: 0.33714286 | AJ153: 0.40571429 | AK153: 0.22857143 | AL153: 0.96407186 | AM153: 0.95808383 | AN153: 0.98870057 | AO153: 0.98870057 | AP153: 1 | AQ153: 0;906735551804659 | AR153: 1 | AS153: 0;954088261052813 | AT153: 1 | AU153: 0;907291147099511 | AV153: 1 | AW153: 0;929740555634216 | AX153: 1 | AY153: =VLOOKUP(B153,[1]Página1!$A:$E,4,0) -> 7221047.1
A154: 3200409 | B154: ANCHIETA | C154: 2023 | D154: 0.62756497 | E154: 0.63466425 | F154: 0.972 | G154: 0.25 | H154: 0.71113411 | I154: 0.51995945 | J154: 0.76703309 | K154: 0.74123705 | L154: 0.65523512 | M154: 0.29868185 | N154: 0.62747558 | O154: 0.60696908 | P154: 0.60365145 | Q154: 0.61789314 | R154: 0.9010989 | S154: 0.054945055 | T154: 0.076923077 | U154: 0.31208791 | V154: 0.55604396 | W154: 0.90246952 | X154: 0.026258206 | Y154: 0.12472648 | Z154: 0.41356674 | AA154: 0.43544858 | AB154: 0.85326279 | AC154: 0.039506173 | AD154: 0.18765432 | AE154: 0.37530864 | AF154: 0.39753086 | AG154: 0.79490806 | AH154: 0.04950495 | AI154: 0.27227723 | AJ154: 0.39851485 | AK154: 0.27970297 | AL154: 0.92479675 | AM154: 0.93265306 | AN154: 0.92045455 | AO154: 0.91818182 | AP154: 0;25 | AQ154: 0;895319501701921 | AR154: 0 | AS154: 0;947353331873666 | AT154: 1 | AU154: 0;841359258997928 | AV154: 0 | AW154: 0;828204005082214 | AX154: 0 | AY154: =VLOOKUP(B154,[1]Página1!$A:$E,4,0) -> 6755992.6
A155: 3202405 | B155: GUARAPARI | C155: 2023 | D155: 0.69326955 | E155: 0.66010167 | F155: 0.987 | G155: 0.55432252 | H155: 0.6691897 | I155: 0.64646963 | J155: 0.71234703 | K155: 0.67954409 | L155: 0.62603237 | M155: 0.61339518 | N155: 0.57787924 | O155: 0.53898962 | P155: 0.55487247 | Q155: 0.54053679 | R155: 0.84178375 | S155: 0.087354917 | T155: 0.12400733 | U155: 0.36408064 | V155: 0.42455712 | W155: 0.82006079 | X155: 0.046200608 | Y155: 0.23404255 | Z155: 0.49908815 | AA155: 0.22066869 | AB155: 0.77349684 | AC155: 0.072389494 | AD155: 0.26969891 | AE155: 0.367713 | AF155: 0.29019859 | AG155: 0.66532443 | AH155: 0.1326073 | AI155: 0.35361947 | AJ155: 0.37796284 | AK155: 0.13581038 | AL155: 0.88582251 | AM155: 0.90038314 | AN155: 0.90335648 | AO155: 0.90335648 | AP155: 0;554322524473195 | AQ155: 0;933198542504286 | AR155: 1 | AS155: 0;944724927474548 | AT155: 1 | AU155: 0;825930718211099 | AV155: 0 | AW155: 0;891598757682108 | AX155: 0;217290097892781 | AY155: =VLOOKUP(B155,[1]Página1!$A:$E,4,0) -> 7463329.2
A156: 3204203 | B156: PIUMA | C156: 2023 | D156: 0.49838263 | E156: 0.5077609 | F156: 0.953 | G156: 0 | H156: 0.42656819 | I156: 0.62954996 | J156: 0.68936835 | K156: 0.71856138 | L156: 0.16376803 | M156: 0.54053853 | N156: 0.54439995 | O156: 0.50920188 | P156: 0.57720215 | Q156: 0.57775342 | R156: 0.7867036 | S156: 0.11357341 | T156: 0.17451524 | U156: 0.37396122 | V156: 0.33795014 | W156: 0.77348066 | X156: 0.049723757 | Y156: 0.30939227 | Z156: 0.47513812 | AA156: 0.16574586 | AB156: 0.80803571 | AC156: 0.06875 | AD156: 0.215625 | AE156: 0.38125 | AF156: 0.334375 | AG156: 0.75077882 | AH156: 0.087227414 | AI156: 0.2834891 | AJ156: 0.44548287 | AK156: 0.18380062 | AL156: 0.91161616 | AM156: 0.92111959 | AN156: 0.93841642 | AO156: 0.94134897 | AP156: 0 | AQ156: 0;857988977956359 | AR156: 0 | AS156: 0;883020768468008 | AT156: 0 | AU156: 0;7869771591114 | AV156: 0 | AW156: 0;806962362870854 | AX156: 0 | AY156: =VLOOKUP(B156,[1]Página1!$A:$E,4,0) -> 5365292
A157: 3205200 | B157: VILA VELHA | C157: 2023 | D157: 0.62789507 | E157: 0.56665474 | F157: 0.99 | G157: 0.55157837 | H157: 0.57660768 | I157: 0.55172533 | J157: 0.68572437 | K157: 0.65266405 | L157: 0.46749099 | M157: 0.4507866 | N157: 0.55427424 | O157: 0.50826431 | P157: 0.52984255 | Q157: 0.51760035 | R157: 0.80898536 | S157: 0.11778563 | T157: 0.12815077 | U157: 0.38704358 | V157: 0.36702002 | W157: 0.75713278 | X157: 0.08021642 | Y157: 0.28463891 | Z157: 0.44836509 | AA157: 0.18677958 | AB157: 0.7202598 | AC157: 0.12399708 | AD157: 0.27255045 | AE157: 0.35667396 | AF157: 0.24677851 | AG157: 0.61053841 | AH157: 0.17089225 | AI157: 0.38249634 | AJ157: 0.32155046 | AK157: 0.12506095 | AL157: 0.87888199 | AM157: 0.88895859 | AN157: 0.89901639 | AO157: 0.89661202 | AP157: 0;551578371560866 | AQ157: 0;919660420800677 | AR157: 1 | AS157: 0;935439434394389 | AT157: 1 | AU157: 0;855319580947979 | AV157: 0;169983655053445 | AW157: 0;869052049818513 | AX157: 0;0363298311900205 | AY157: =VLOOKUP(B157,[1]Página1!$A:$E,4,0) -> 6759546.3
A158: 3200102 | B158: AFONSO CLAUDIO | C158: 2024 | D158: 0.65631159 | E158: 0.61860293 | F158: 0.985 | G158: 0.50359692 | H158: 0.55665285 | I158: 0.71152806 | J158: 0.80564086 | K158: 0.76865037 | L158: 0.30766484 | M158: 0.65440575 | N158: 0.66989711 | O158: 0.64651644 | P158: 0.63430748 | Q158: 0.64176072 | R158: 0.95511768 | S158: 0.022988506 | T158: 0.038314176 | U158: 0.22222222 | V158: 0.7164751 | W158: 0.93822394 | X158: 0.015444015 | Y158: 0.081081081 | Z158: 0.34749035 | AA158: 0.55598456 | AB158: 0.87668683 | AC158: 0.035830619 | AD158: 0.15309446 | AE158: 0.30618893 | AF158: 0.50488599 | AG158: 0.81945091 | AH158: 0.052117264 | AI158: 0.2247557 | AJ158: 0.38436482 | AK158: 0.33876221 | AL158: 0.95604396 | AM158: 0.94871795 | AN158: 0.9504644 | AO158: 0.9504644 | AP158: 0.50359692 | AQ158: 0.97415724 | AR158: 1 | AS158: 0.93738843 | AT158: 1 | AU158: 0.86920293 | AV158: 0.014387669 | AW158: 0.85786256 | AX158: 0 | AY158: =VLOOKUP(B158,[1]Página1!$A:$E,5,0) -> 11559294
A159: 3201159 | B159: BREJETUBA | C159: 2024 | D159: 0.71400754 | E159: 0.67405424 | F159: 0.985 | G159: 0.62946384 | H159: 0.75720231 | I159: 0.54933213 | J159: 0.77938488 | K159: 0.72621732 | L159: 0.73501975 | M159: 0.37244694 | N159: 0.62166546 | O159: 0.65509523 | P159: 0.5892288 | Q159: 0.60635869 | R159: 0.92330827 | S159: 0.031578947 | T159: 0.078947368 | U159: 0.36315789 | V159: 0.52631579 | W159: 0.93272865 | X159: 0.015873016 | Y159: 0.08994709 | Z159: 0.2962963 | AA159: 0.5978836 | AB159: 0.83198562 | AC159: 0.031446541 | AD159: 0.23899371 | AE159: 0.35220126 | AF159: 0.37735849 | AG159: 0.74842767 | AH159: 0.12578616 | AI159: 0.22012579 | AJ159: 0.36477987 | AK159: 0.28930818 | AL159: 0.9223301 | AM159: 0.91747573 | AN159: 0.91907514 | AO159: 0.91907514 | AP159: 0.62946384 | AQ159: 0.97356331 | AR159: 1 | AS159: 0.93533679 | AT159: 1 | AU159: 0.87156526 | AV159: 0.2600531 | AW159: 0.84761247 | AX159: 0.25780225 | AY159: =VLOOKUP(B159,[1]Página1!$A:$E,5,0) -> 12575465
A160: 3201704 | B160: CONCEICAO DO CASTELO | C160: 2024 | D160: 0.57686499 | E160: 0.55816427 | F160: 0.991 | G160: 0.25 | H160: 0.54731165 | I160: 0.57444321 | J160: 0.77176099 | K160: 0.73887093 | L160: 0.3228623 | M160: 0.4100155 | N160: 0.61319696 | O160: 0.58987266 | P160: 0.59523169 | Q160: 0.60563213 | R160: 0.88926458 | S160: 0.076923077 | T160: 0.059171598 | U160: 0.34911243 | V160: 0.5147929 | W160: 0.89672978 | X160: 0.048192771 | Y160: 0.096385542 | Z160: 0.48192771 | AA160: 0.37349398 | AB160: 0.83040489 | AC160: 0.053475936 | AD160: 0.20320856 | AE160: 0.36898396 | AF160: 0.37433155 | AG160: 0.76088617 | AH160: 0.058823529 | AI160: 0.31550802 | AJ160: 0.3315508 | AK160: 0.29411765 | AL160: 0.99411765 | AM160: 0.97647059 | AN160: 0.95897436 | AO160: 0.95897436 | AP160: 0.25 | AQ160: 0.90893921 | AR160: 1 | AS160: 0.88817973 | AT160: 0 | AU160: 0.81780709 | AV160: 0 | AW160: 0.82785712 | AX160: 0 | AY160: =VLOOKUP(B160,[1]Página1!$A:$E,5,0) -> 10655602
A161: 3201902 | B161: DOMINGOS MARTINS | C161: 2024 | D161: 0.58556355 | E161: 0.51329705 | F161: 0.988 | G161: 0.52037077 | H161: 0.42960526 | I161: 0.63883473 | J161: 0.73495444 | K161: 0.74199784 | L161: 0.12425607 | M161: 0.53567163 | N161: 0.60112784 | O161: 0.56430992 | P161: 0.59256937 | Q161: 0.61543734 | R161: 0.86589636 | S161: 0.1004902 | T161: 0.058823529 | U161: 0.31862745 | V161: 0.52205882 | W161: 0.83967866 | X161: 0.041564792 | Y161: 0.20782396 | Z161: 0.4400978 | AA161: 0.31051345 | AB161: 0.85063456 | AC161: 0.038724374 | AD161: 0.19362187 | AE161: 0.39863326 | AF161: 0.3690205 | AG161: 0.79726651 | AH161: 0.066059226 | AI161: 0.23917995 | AJ161: 0.41002278 | AK161: 0.28473804 | AL161: 0.91071429 | AM161: 0.91294643 | AN161: 0.93603412 | AO161: 0.93603412 | AP161: 0.52037077 | AQ161: 0.90375808 | AR161: 1 | AS161: 0.94500192 | AT161: 1 | AU161: 0.82927422 | AV161: 0 | AW161: 0.88456436 | AX161: 0.081483075 | AY161: =VLOOKUP(B161,[1]Página1!$A:$E,5,0) -> 10313243
A162: 3203163 | B162: LARANJA DA TERRA | C162: 2024 | D162: 0.65852456 | E162: 0.56896365 | F162: 0.985 | G162: 0.75 | H162: 0.48382885 | I162: 0.69666586 | J162: 0.78359018 | K162: 0.79743746 | L162: 0.18406753 | M162: 0.59589425 | N162: 0.62913854 | O162: 0.61041171 | P162: 0.63680486 | Q162: 0.68719753 | R162: 0.95386905 | S162: 0.010416667 | T162: 0.0625 | U162: 0.36458333 | V162: 0.5625 | W162: 0.96352584 | X162: 5.5511151e-17 | Y162: 0.063829787 | Z162: 0.58510638 | AA162: 0.35106383 | AB162: 0.90934066 | AC162: 0.019230769 | AD162: 0.125 | AE162: 0.40384615 | AF162: 0.45192308 | AG162: 0.85989011 | AH162: 0.019230769 | AI162: 0.21153846 | AJ162: 0.30769231 | AK162: 0.46153846 | AL162: 0.94117647 | AM162: 0.92156863 | AN162: 0.98113208 | AO162: 0.98113208 | AP162: 0.75 | AQ162: 0.96290621 | AR162: 1 | AS162: 0.9812912 | AT162: 1 | AU162: 0.88399885 | AV162: 0 | AW162: 0.91503756 | AX162: 1 | AY162: =VLOOKUP(B162,[1]Página1!$A:$E,5,0) -> 11598270
A163: 3204559 | B163: SANTA MARIA DE JETIBA | C163: 2024 | D163: 0.63586945 | E163: 0.54195636 | F163: 0.96 | G163: 0.75 | H163: 0.48666657 | I163: 0.62489104 | J163: 0.76787782 | K163: 0.74905692 | L163: 0.20545531 | M163: 0.50072516 | N163: 0.60098031 | O163: 0.62469259 | P163: 0.59429746 | Q163: 0.61376563 | R163: 0.85428571 | S163: 0.06 | T163: 0.15 | U163: 0.31 | V163: 0.48 | W163: 0.93023256 | X163: 0.016611296 | Y163: 0.093023256 | Z163: 0.41528239 | AA163: 0.47508306 | AB163: 0.84657948 | AC163: 0.052816901 | AD163: 0.17605634 | AE163: 0.38380282 | AF163: 0.38732394 | AG163: 0.80432596 | AH163: 0.066901408 | AI163: 0.22535211 | AJ163: 0.43661972 | AK163: 0.27112676 | AL163: 0.96463023 | AM163: 0.96784566 | AN163: 0.96271186 | AO163: 0.96271186 | AP163: 0.75 | AQ163: 0.91171585 | AR163: 1 | AS163: 0.94676932 | AT163: 1 | AU163: 0.90500338 | AV163: 1 | AW163: 0.88607241 | AX163: 0 | AY163: =VLOOKUP(B163,[1]Página1!$A:$E,5,0) -> 11199257
A164: 3205069 | B164: VENDA NOVA DO IMIGRANTE | C164: 2024 | D164: 0.54641619 | E164: 0.56888028 | F164: 0.988 | G164: 0 | H164: 0.5266622 | I164: 0.63220739 | J164: 0.73998375 | K164: 0.72560454 | L164: 0.31334066 | M164: 0.53881024 | N164: 0.60937739 | O164: 0.55105732 | P164: 0.5835812 | Q164: 0.59250924 | R164: 0.87461459 | S164: 0.071942446 | T164: 0.09352518 | U164: 0.31654676 | V164: 0.51798561 | W164: 0.84558824 | X164: 0.036764706 | Y164: 0.20588235 | Z164: 0.50735294 | AA164: 0.25 | AB164: 0.84389782 | AC164: 0.046357616 | AD164: 0.19205298 | AE164: 0.45033113 | AF164: 0.31125828 | AG164: 0.74456008 | AH164: 0.092715232 | AI164: 0.28476821 | AJ164: 0.33774834 | AK164: 0.28476821 | AL164: 0.93288591 | AM164: 0.91275168 | AN164: 0.93209877 | AO164: 0.93209877 | AP164: 0 | AQ164: 0.89599511 | AR164: 0 | AS164: 0.88110501 | AT164: 0 | AU164: 0.83660105 | AV164: 0 | AW164: 0.8511413 | AX164: 0 | AY164: =VLOOKUP(B164,[1]Página1!$A:$E,5,0) -> 9623760.3
A165: 3200169 | B165: AGUA DOCE DO NORTE | C165: 2024 | D165: 0.68092177 | E165: 0.57694085 | F165: 0.996 | G165: 0.85108784 | H165: 0.53636349 | I165: 0.63780689 | J165: 0.75824851 | K165: 0.71360349 | L165: 0.31447846 | M165: 0.5620103 | N165: 0.58027586 | O165: 0.61973664 | P165: 0.54947266 | Q165: 0.5881204 | R165: 0.88163265 | S165: 0.04 | T165: 0.13714286 | U165: 0.38285714 | V165: 0.44 | W165: 0.92568126 | X165: 0.011560694 | Y165: 0.10982659 | Z165: 0.45086705 | AA165: 0.42774566 | AB165: 0.77394958 | AC165: 0.088235294 | AD165: 0.24117647 | AE165: 0.38823529 | AF165: 0.28235294 | AG165: 0.74957983 | AH165: 0.10588235 | AI165: 0.25294118 | AJ165: 0.39411765 | AK165: 0.24705882 | AL165: 0.94594595 | AM165: 0.93513514 | AN165: 0.95505618 | AO165: 0.95505618 | AP165: 0.85108784 | AQ165: 0.95711321 | AR165: 1 | AS165: 0.9721646 | AT165: 1 | AU165: 0.89218108 | AV165: 0.40435137 | AW165: 0.92470791 | AX165: 1 | AY165: =VLOOKUP(B165,[1]Página1!$A:$E,5,0) -> 11992741
...

Sheet Fato_Indicadores
A1: CodigoMunicipio | B1: Municipio | C1: Ano | D1: Indicador | E1: Valor | F1: Etapa | G1: Disciplina | H1: Tipo | I1: DataAtualizacao | J1: VersaoDados | K1: Fonte

Sheet Dim_Indicador
A1: Indicador | B1: NomeExibicao | C1: Definicao | D1: FormulaResumida | E1: NotasDeLeitura | F1: Tipo | G1: Etapa | H1: Disciplina
A2: IQE | B2: Índice de Qualidade Educacional | C2: Síntese de qualidade de aprendizagem, aprovação e equidade. | D2: IQE = 0,7·IQEF + 0,15·P + 0,15·IMEG | E2: Usar para visão geral e comparações entre municípios no ano. | F2: Sintese
A3: IQEF | B3: Índice de Qualidade do EF | C3: Qualidade da aprendizagem do EF, combinando 2º e 5º ano. | D3: IQEF = 0,6·IQ2 + 0,4·IQ5 | E3: Dá mais peso ao 2º ano (alfabetização). | F3: Sintese
A4: P | B4: Taxa de aprovação do EF | C4: Aprovação entre matriculados no EF do município. | D4: P = APR / (APR + REP + ABA) | E4: Aprovação alta com IDE baixo exige investigação. | F4: Aprovacao
A5: IMEG | B5: Melhoria da Equidade Global | C5: Equidade global do município no ano, normalizada entre municípios. | D5: IMEG = (IVEC − IVEC_min) / (IVEC_max − IVEC_min) | E5: Comparável dentro do ano; apoiar análise com IVEC e ΔDESV. | F5: Equidade
A6: IVEC | B6: Variação da Equidade Composta | C6: Média dos ganhos de equidade por etapa e disciplina. | D6: IVEC = média(ΔDESV_2LP, ΔDESV_2MT, ΔDESV_5LP, ΔDESV_5MT) | E6: Para evolução ‘bruta’ de equidade; IMEG é normalizado anual. | F6: Equidade
A7: IQ2 | B7: Índice do 2º ano | C7: Qualidade por etapa (2º ano). | D7: IQ2 = 0,5·IDE2 + 0,5·DeltaIDEN2 | E7: Equilibra nível e ganho anual. | F7: Etapa | G7: 2
A8: IQ5 | B8: Índice do 5º ano | C8: Qualidade por etapa (5º ano). | D8: IQ5 = 0,5·IDE5 + 0,5·DeltaIDEN5 | E8: Equilibra nível e ganho anual. | F8: Etapa | G8: 5
A9: IDE2 | B9: Índice de Desempenho 2º | C9: Nível atual de desempenho do 2º ano. | D9: IDE2 = 0,6·IDELP2 + 0,4·IDEMT2 | E9: Fotografia do nível (não melhoria). | F9: Etapa | G9: 2
A10: IDE5 | B10: Índice de Desempenho 5º | C10: Nível atual de desempenho do 5º ano. | D10: IDE5 = 0,5·IDELP5 + 0,5·IDEMT5 | E10: Fotografia do nível (não melhoria). | F10: Etapa | G10: 5
A11: DeltaIDEN2 | B11: Ganho anual do IDE (2º) | C11: Melhoria anual do IDE do 2º ano, normalizada (0 a 1). | D11: ΔIDEN2 = norm(IDE2_t − IDE2_t-1) | E11: Altos valores indicam avanço. | F11: Etapa | G11: 2
A12: DeltaIDEN5 | B12: Ganho anual do IDE (5º) | C12: Melhoria anual do IDE do 5º ano, normalizada (0 a 1). | D12: ΔIDEN5 = norm(IDE5_t − IDE5_t-1) | E12: Altos valores indicam avanço. | F12: Etapa | G12: 5
A13: IDELP2 | B13: IDE Língua Portuguesa 2º | C13: Índice por disciplina/etapa: PMN + IDA + TP. | D13: IDELP2 = 0,5·PMNLP2 + 0,25·IDALP2 + 0,25·TPLP2 | E13: TP também afeta o índice. | F13: Disciplina | G13: 2 | H13: LP
A14: IDELP5 | B14: IDE Língua Portuguesa 5º | C14: Índice por disciplina/etapa: PMN + IDA + TP. | D14: IDELP5 = 0,5·PMNLP5 + 0,25·IDALP5 + 0,25·TPLP5 | E14: TP também afeta o índice. | F14: Disciplina | G14: 5 | H14: LP
A15: IDEMT2 | B15: IDE Matemática 2º | C15: Índice por disciplina/etapa: PMN + IDA + TP. | D15: IDEMT2 = 0,5·PMNMT2 + 0,25·IDAMT2 + 0,25·TPMT2 | E15: TP também afeta o índice. | F15: Disciplina | G15: 2 | H15: MT
A16: IDEMT5 | B16: IDE Matemática 5º | C16: Índice por disciplina/etapa: PMN + IDA + TP. | D16: IDEMT5 = 0,5·PMNMT5 + 0,25·IDAMT5 + 0,25·TPMT5 | E16: TP também afeta o índice. | F16: Disciplina | G16: 5 | H16: MT
A17: PMN2 | B17: Proficiência Média Normalizada (2º) | C17: Agregado de PMN por etapa. | D17: PMN2 = 0,6·PMNLP2 + 0,4·PMNMT2 | E17: Normaliza proficiências por média/DP. | F17: Etapa | G17: 2
A18: PMN5 | B18: Proficiência Média Normalizada (5º) | C18: Agregado de PMN por etapa. | D18: PMN5 = 0,5·PMNLP5 + 0,5·PMNMT5 | E18: Normaliza proficiências por média/DP. | F18: Etapa | G18: 5
A19: IDA2 | B19: Distribuição nos Padrões (2º) | C19: Agregado de IDA por etapa. | D19: IDA2 = 0,6·IDALP2 + 0,4·IDAMT2 | E19: Mais alunos Profic./Avançado = melhor. | F19: Etapa | G19: 2
A20: IDA5 | B20: Distribuição nos Padrões (5º) | C20: Agregado de IDA por etapa. | D20: IDA5 = 0,5·IDALP5 + 0,5·IDAMT5 | E20: Mais alunos Profic./Avançado = melhor. | F20: Etapa | G20: 5
A21: PMNLP2 | B21: PMN Língua Portuguesa 2º | C21: Proficiência normalizada em LP no 2º ano. | D21: Padronização por média/DP de referência. | F21: Disciplina | G21: 2 | H21: LP
A22: PMNMT2 | B22: PMN Matemática 2º | C22: Proficiência normalizada em MT no 2º ano. | D22: Padronização por média/DP de referência. | F22: Disciplina | G22: 2 | H22: MT
A23: PMNLP5 | B23: PMN Língua Portuguesa 5º | C23: Proficiência normalizada em LP no 5º ano. | D23: Padronização por média/DP de referência. | F23: Disciplina | G23: 5 | H23: LP
A24: PMNMT5 | B24: PMN Matemática 5º | C24: Proficiência normalizada em MT no 5º ano. | D24: Padronização por média/DP de referência. | F24: Disciplina | G24: 5 | H24: MT
A25: IDALP2 | B25: IDA Língua Portuguesa 2º | C25: Distribuição em padrões (LP) no 2º ano. | D25: Peso maior para Proficiente/Avançado. | F25: Disciplina | G25: 2 | H25: LP
A26: IDAMT2 | B26: IDA Matemática 2º | C26: Distribuição em padrões (MT) no 2º ano. | D26: Peso maior para Proficiente/Avançado. | F26: Disciplina | G26: 2 | H26: MT
A27: IDALP5 | B27: IDA Língua Portuguesa 5º | C27: Distribuição em padrões (LP) no 5º ano. | D27: Peso maior para Proficiente/Avançado. | F27: Disciplina | G27: 5 | H27: LP
A28: IDAMT5 | B28: IDA Matemática 5º | C28: Distribuição em padrões (MT) no 5º ano. | D28: Peso maior para Proficiente/Avançado. | F28: Disciplina | G28: 5 | H28: MT
A29: TPLP2 | B29: Taxa de Participação LP 2º | C29: Participação dos alunos avaliados (LP) no 2º ano. | D29: Proporção de alunos avaliados. | F29: Participacao | G29: 2 | H29: LP
A30: TPMT2 | B30: Taxa de Participação MT 2º | C30: Participação dos alunos avaliados (MT) no 2º ano. | D30: Proporção de alunos avaliados. | F30: Participacao | G30: 2 | H30: MT
A31: TPLP5 | B31: Taxa de Participação LP 5º | C31: Participação dos alunos avaliados (LP) no 5º ano. | D31: Proporção de alunos avaliados. | F31: Participacao | G31: 5 | H31: LP
A32: TPMT5 | B32: Taxa de Participação MT 5º | C32: Participação dos alunos avaliados (MT) no 5º ano. | D32: Proporção de alunos avaliados. | F32: Participacao | G32: 5 | H32: MT

Sheet Dim_Municipio
A1: CodigoMunicipio | B1: Municipio | C1: Microrregiao | D1: Regiao | E1: UF

Sheet README
A1: Instruções
A2: MODELO DE DADOS PARA PAINEL IQE (ES)
A3: Como atualizar todo ano:
A4: 1) Acrescente novas linhas (Ano=2026, 2027, ...) em Base_Painel e Fato_Indicadores.
A5: 2) Use sempre os mesmos nomes de colunas; não mesclar células; não inserir linhas de títulos extras.
A6: 3) Deixe valores numéricos sem formatação de % (o BI formata).
A7: 4) 'Ano' em inteiro (ex.: 2024). Nulos = célula em branco.
A8: 5) Ranking e médias do ES são calculados no BI (não precisam estar aqui).
A9: 6) Chave recomendada: CodigoMunicipio (IBGE) + Ano.
A10: 7) DataAtualizacao e VersaoDados ajudam no controle de versões.
A11: 8) IMEG é normalizado por ano; para evolução da equidade apoiar-se em IVEC/ΔDESV.
A12: Modelo gerado em 2025-10-06.
