Workbook

Sheet 2022_2ANO_LP_LTR + ECT
A1: Tipo | B1: Código país | C1: País | D1: Código estado | E1: Estado | F1: Código regional | G1: Regional | H1: Código município | I1: Município | J1: Código escola | K1: Escola | L1: Código turma | M1: Turma | N1: Documento | O1: Edição | P1: Rede | Q1: Etapa | R1: Disciplina | S1: CD_ENSINO | T1: DC_ENSINO | U1: Previsto | V1: Efetivo | W1: Participação % | X1: Proficiência | Y1: Desvio Padrão | Z1: Padrão de Desempenho | AA1: Acertos no Teste % | AB1: Abaixo do Básico % | AC1: Básico % | AD1: Proficiente % | AE1: Avançado % | AF1: Abaixo do Básico | AG1: Básico | AH1: Proficiente | AI1: Avançado
A2: MUNICIPIO | B2: 01058 | C2: Brasil | D2: 32 | E2: ESPÍRITO SANTO | F2: 000037 | G2: SRE AFONSO CLAUDIO | H2: 3200102 | I2: AFONSO CLAUDIO | J2: - | K2: - | L2: - | M2: - | N2: 3200102 | O2: 2022 | P2: Municipal | Q2: ENSINO FUNDAMENTAL DE 9 ANOS - 2º ANO | R2: Língua Portuguesa - Escrita e Leitura | S2: 9 | T2: ENSINO FUNDAMENTAL | U2: 320 | V2: 295 | W2: 92.1875 | X2: 684.56171 | Y2: 90.317617 | Z2: Proficiente | AA2: 69.205084 | AB2: 0.050847458 | AC2: 0.091525424 | AD2: 0.40677966 | AE2: 0.45084746 | AF2: 15 | AG2: 27 | AH2: 120 | AI2: 133
A3: MUNICIPIO | B3: 01058 | C3: Brasil | D3: 32 | E3: ESPÍRITO SANTO | F3: 000037 | G3: SRE AFONSO CLAUDIO | H3: 3201159 | I3: BREJETUBA | J3: - | K3: - | L3: - | M3: - | N3: 3201159 | O3: 2022 | P3: Municipal | Q3: ENSINO FUNDAMENTAL DE 9 ANOS - 2º ANO | R3: Língua Portuguesa - Escrita e Leitura | S3: 9 | T3: ENSINO FUNDAMENTAL | U3: 169 | V3: 156 | W3: 92.307692 | X3: 656.07319 | Y3: 98.859791 | Z3: Proficiente | AA3: 64.291564 | AB3: 0.10897436 | AC3: 0.096153846 | AD3: 0.42948718 | AE3: 0.36538462 | AF3: 17 | AG3: 15 | AH3: 67 | AI3: 57
A4: MUNICIPIO | B4: 01058 | C4: Brasil | D4: 32 | E4: ESPÍRITO SANTO | F4: 000037 | G4: SRE AFONSO CLAUDIO | H4: 3201704 | I4: CONCEICAO DO CASTELO | J4: - | K4: - | L4: - | M4: - | N4: 3201704 | O4: 2022 | P4: Municipal | Q4: ENSINO FUNDAMENTAL DE 9 ANOS - 2º ANO | R4: Língua Portuguesa - Escrita e Leitura | S4: 9 | T4: ENSINO FUNDAMENTAL | U4: 188 | V4: 178 | W4: 94.680851 | X4: 655.30162 | Y4: 95.524977 | Z4: Proficiente | AA4: 63.456091 | AB4: 0.073033708 | AC4: 0.12359551 | AD4: 0.46629213 | AE4: 0.33707865 | AF4: 13 | AG4: 22 | AH4: 83 | AI4: 60
A5: MUNICIPIO | B5: 01058 | C5: Brasil | D5: 32 | E5: ESPÍRITO SANTO | F5: 000037 | G5: SRE AFONSO CLAUDIO | H5: 3201902 | I5: DOMINGOS MARTINS | J5: - | K5: - | L5: - | M5: - | N5: 3201902 | O5: 2022 | P5: Municipal | Q5: ENSINO FUNDAMENTAL DE 9 ANOS - 2º ANO | R5: Língua Portuguesa - Escrita e Leitura | S5: 9 | T5: ENSINO FUNDAMENTAL | U5: 465 | V5: 424 | W5: 91.182796 | X5: 663.06708 | Y5: 89.736497 | Z5: Proficiente | AA5: 63.242352 | AB5: 0.051886793 | AC5: 0.16037736 | AD5: 0.42216981 | AE5: 0.36556604 | AF5: 22 | AG5: 68 | AH5: 179 | AI5: 155
A6: MUNICIPIO | B6: 01058 | C6: Brasil | D6: 32 | E6: ESPÍRITO SANTO | F6: 000037 | G6: SRE AFONSO CLAUDIO | H6: 3203163 | I6: LARANJA DA TERRA | J6: - | K6: - | L6: - | M6: - | N6: 3203163 | O6: 2022 | P6: Municipal | Q6: ENSINO FUNDAMENTAL DE 9 ANOS - 2º ANO | R6: Língua Portuguesa - Escrita e Leitura | S6: 9 | T6: ENSINO FUNDAMENTAL | U6: 106 | V6: 97 | W6: 91.509434 | X6: 644.92397 | Y6: 90.102565 | Z6: Proficiente | AA6: 64.239691 | AB6: 0.06185567 | AC6: 0.24742268 | AD6: 0.37113402 | AE6: 0.31958763 | AF6: 6 | AG6: 24 | AH6: 36 | AI6: 31
A7: MUNICIPIO | B7: 01058 | C7: Brasil | D7: 32 | E7: ESPÍRITO SANTO | F7: 000037 | G7: SRE AFONSO CLAUDIO | H7: 3204559 | I7: SANTA MARIA DE JETIBA | J7: - | K7: - | L7: - | M7: - | N7: 3204559 | O7: 2022 | P7: Municipal | Q7: ENSINO FUNDAMENTAL DE 9 ANOS - 2º ANO | R7: Língua Portuguesa - Escrita e Leitura | S7: 9 | T7: ENSINO FUNDAMENTAL | U7: 312 | V7: 291 | W7: 93.269231 | X7: 632.46493 | Y7: 108.56623 | Z7: Proficiente | AA7: 59.522251 | AB7: 0.11340206 | AC7: 0.20274914 | AD7: 0.39862543 | AE7: 0.28522337 | AF7: 33 | AG7: 59 | AH7: 116 | AI7: 83
A8: MUNICIPIO | B8: 01058 | C8: Brasil | D8: 32 | E8: ESPÍRITO SANTO | F8: 000037 | G8: SRE AFONSO CLAUDIO | H8: 3205069 | I8: VENDA NOVA DO IMIGRANTE | J8: - | K8: - | L8: - | M8: - | N8: 3205069 | O8: 2022 | P8: Municipal | Q8: ENSINO FUNDAMENTAL DE 9 ANOS - 2º ANO | R8: Língua Portuguesa - Escrita e Leitura | S8: 9 | T8: ENSINO FUNDAMENTAL | U8: 166 | V8: 132 | W8: 79.518072 | X8: 634.47709 | Y8: 101.16981 | Z8: Proficiente | AA8: 60.785714 | AB8: 0.098484848 | AC8: 0.21212121 | AD8: 0.39393939 | AE8: 0.29545455 | AF8: 13 | AG8: 28 | AH8: 52 | AI8: 39
A9: MUNICIPIO | B9: 01058 | C9: Brasil | D9: 32 | E9: ESPÍRITO SANTO | F9: 000032 | G9: SRE BARRA DE SAO FRANCISCO | H9: 3200169 | I9: AGUA DOCE DO NORTE | J9: - | K9: - | L9: - | M9: - | N9: 3200169 | O9: 2022 | P9: Municipal | Q9: ENSINO FUNDAMENTAL DE 9 ANOS - 2º ANO | R9: Língua Portuguesa - Escrita e Leitura | S9: 9 | T9: ENSINO FUNDAMENTAL | U9: 162 | V9: 145 | W9: 89.506173 | X9: 607.27978 | Y9: 111.92576 | Z9: Proficiente | AA9: 51.137358 | AB9: 0.17931034 | AC9: 0.17241379 | AD9: 0.48275862 | AE9: 0.16551724 | AF9: 26 | AG9: 25 | AH9: 70 | AI9: 24
A10: MUNICIPIO | B10: 01058 | C10: Brasil | D10: 32 | E10: ESPÍRITO SANTO | F10: 000032 | G10: SRE BARRA DE SAO FRANCISCO | H10: 3200136 | I10: AGUIA BRANCA | J10: - | K10: - | L10: - | M10: - | N10: 3200136 | O10: 2022 | P10: Municipal | Q10: ENSINO FUNDAMENTAL DE 9 ANOS - 2º ANO | R10: Língua Portuguesa - Escrita e Leitura | S10: 9 | T10: ENSINO FUNDAMENTAL | U10: 166 | V10: 151 | W10: 90.963855 | X10: 652.03014 | Y10: 88.623368 | Z10: Proficiente | AA10: 66.828138 | AB10: 0.059602649 | AC10: 0.18543046 | AD10: 0.47019868 | AE10: 0.28476821 | AF10: 9 | AG10: 28 | AH10: 71 | AI10: 43
A11: MUNICIPIO | B11: 01058 | C11: Brasil | D11: 32 | E11: ESPÍRITO SANTO | F11: 000032 | G11: SRE BARRA DE SAO FRANCISCO | H11: 3200904 | I11: BARRA DE SAO FRANCISCO | J11: - | K11: - | L11: - | M11: - | N11: 3200904 | O11: 2022 | P11: Municipal | Q11: ENSINO FUNDAMENTAL DE 9 ANOS - 2º ANO | R11: Língua Portuguesa - Escrita e Leitura | S11: 9 | T11: ENSINO FUNDAMENTAL | U11: 495 | V11: 464 | W11: 93.737374 | X11: 638.18106 | Y11: 96.583836 | Z11: Proficiente | AA11: 60.193103 | AB11: 0.099137931 | AC11: 0.17025862 | AD11: 0.46982759 | AE11: 0.26077586 | AF11: 46 | AG11: 79 | AH11: 218 | AI11: 121
A12: MUNICIPIO | B12: 01058 | C12: Brasil | D12: 32 | E12: ESPÍRITO SANTO | F12: 000032 | G12: SRE BARRA DE SAO FRANCISCO | H12: 3202108 | I12: ECOPORANGA | J12: - | K12: - | L12: - | M12: - | N12: 3202108 | O12: 2022 | P12: Municipal | Q12: ENSINO FUNDAMENTAL DE 9 ANOS - 2º ANO | R12: Língua Portuguesa - Escrita e Leitura | S12: 9 | T12: ENSINO FUNDAMENTAL | U12: 228 | V12: 212 | W12: 92.982456 | X12: 613.9506 | Y12: 102.29572 | Z12: Proficiente | AA12: 52.93589 | AB12: 0.14622642 | AC12: 0.20754717 | AD12: 0.46698113 | AE12: 0.17924528 | AF12: 31 | AG12: 44 | AH12: 99 | AI12: 38
A13: MUNICIPIO | B13: 01058 | C13: Brasil | D13: 32 | E13: ESPÍRITO SANTO | F13: 000032 | G13: SRE BARRA DE SAO FRANCISCO | H13: 3203304 | I13: MANTENOPOLIS | J13: - | K13: - | L13: - | M13: - | N13: 3203304 | O13: 2022 | P13: Municipal | Q13: ENSINO FUNDAMENTAL DE 9 ANOS - 2º ANO | R13: Língua Portuguesa - Escrita e Leitura | S13: 9 | T13: ENSINO FUNDAMENTAL | U13: 215 | V13: 196 | W13: 91.162791 | X13: 655.01753 | Y13: 111.13568 | Z13: Proficiente | AA13: 65.33871 | AB13: 0.096938776 | AC13: 0.11734694 | AD13: 0.41836735 | AE13: 0.36734694 | AF13: 19 | AG13: 23 | AH13: 82 | AI13: 72
... A79: MUNICIPIO | B79: 01058 | C79: Brasil | D79: 32 | E79: ESPÍRITO SANTO | F79: 000028 | G79: SRE VILA VELHA | H79: 3205200 | I79: VILA VELHA | J79: - | K79: - | L79: - | M79: - | N79: 3205200 | O79: 2022 | P79: Municipal | Q79: ENSINO FUNDAMENTAL DE 9 ANOS - 2º ANO | R79: Língua Portuguesa - Escrita e Leitura | S79: 9 | T79: ENSINO FUNDAMENTAL | U79: 4555 | V79: 3974 | W79: 87.244786 | X79: 615.37111 | Y79: 107.70899 | Z79: Proficiente | AA79: 57.166201 | AB79: 0.15475591 | AC79: 0.21766482 | AD79: 0.41419225 | AE79: 0.21338702 | AF79: 615 | AG79: 865 | AH79: 1646 | AI79: 848

Sheet 2022_2ANO_MT
A1: Tipo | B1: Código país | C1: País | D1: Código estado | E1: Estado | F1: Código regional | G1: Regional | H1: Código município | I1: Município | J1: Código escola | K1: Escola | L1: Código turma | M1: Turma | N1: Documento | O1: Edição | P1: Rede | Q1: Etapa | R1: Disciplina | S1: CD_ENSINO | T1: DC_ENSINO | U1: Previsto | V1: Efetivo | W1: Participação % | X1: Proficiência | Y1: Desvio Padrão | Z1: Padrão de Desempenho | AA1: Acertos no Teste % | AB1: Abaixo do Básico % | AC1: Básico % | AD1: Proficiente % | AE1: Avançado % | AF1: Abaixo do Básico | AG1: Básico | AH1: Proficiente | AI1: Avançado
A2: MUNICIPIO | B2: 01058 | C2: Brasil | D2: 32 | E2: ESPÍRITO SANTO | F2: 000037 | G2: SRE AFONSO CLAUDIO | H2: 3200102 | I2: AFONSO CLAUDIO | J2: - | K2: - | L2: - | M2: - | N2: 3200102 | O2: 2022 | P2: Municipal | Q2: ENSINO FUNDAMENTAL DE 9 ANOS - 2º ANO | R2: Matemática | S2: 9 | T2: ENSINO FUNDAMENTAL | U2: 323 | V2: 301 | W2: 93.188854 | X2: 562.67515 | Y2: 84.308486 | Z2: Proficiente | AA2: 76.860465 | AB2: 0.03654485 | AC2: 0.17940199 | AD2: 0.40531561 | AE2: 0.37873754 | AF2: 11 | AG2: 54 | AH2: 122 | AI2: 114
A3: MUNICIPIO | B3: 01058 | C3: Brasil | D3: 32 | E3: ESPÍRITO SANTO | F3: 000037 | G3: SRE AFONSO CLAUDIO | H3: 3201159 | I3: BREJETUBA | J3: - | K3: - | L3: - | M3: - | N3: 3201159 | O3: 2022 | P3: Municipal | Q3: ENSINO FUNDAMENTAL DE 9 ANOS - 2º ANO | R3: Matemática | S3: 9 | T3: ENSINO FUNDAMENTAL | U3: 169 | V3: 155 | W3: 91.715976 | X3: 541.34674 | Y3: 74.842777 | Z3: Proficiente | AA3: 72.258065 | AB3: 0.04516129 | AC3: 0.25806452 | AD3: 0.49032258 | AE3: 0.20645161 | AF3: 7 | AG3: 40 | AH3: 76 | AI3: 32
A4: MUNICIPIO | B4: 01058 | C4: Brasil | D4: 32 | E4: ESPÍRITO SANTO | F4: 000037 | G4: SRE AFONSO CLAUDIO | H4: 3201704 | I4: CONCEICAO DO CASTELO | J4: - | K4: - | L4: - | M4: - | N4: 3201704 | O4: 2022 | P4: Municipal | Q4: ENSINO FUNDAMENTAL DE 9 ANOS - 2º ANO | R4: Matemática | S4: 9 | T4: ENSINO FUNDAMENTAL | U4: 190 | V4: 177 | W4: 93.157895 | X4: 559.12955 | Y4: 84.469124 | Z4: Proficiente | AA4: 77.344633 | AB4: 0.06779661 | AC4: 0.11299435 | AD4: 0.48587571 | AE4: 0.33333333 | AF4: 12 | AG4: 20 | AH4: 86 | AI4: 59
A5: MUNICIPIO | B5: 01058 | C5: Brasil | D5: 32 | E5: ESPÍRITO SANTO | F5: 000037 | G5: SRE AFONSO CLAUDIO | H5: 3201902 | I5: DOMINGOS MARTINS | J5: - | K5: - | L5: - | M5: - | N5: 3201902 | O5: 2022 | P5: Municipal | Q5: ENSINO FUNDAMENTAL DE 9 ANOS - 2º ANO | R5: Matemática | S5: 9 | T5: ENSINO FUNDAMENTAL | U5: 466 | V5: 426 | W5: 91.416309 | X5: 546.03008 | Y5: 74.266132 | Z5: Proficiente | AA5: 73.286385 | AB5: 0.037558685 | AC5: 0.20657277 | AD5: 0.55164319 | AE5: 0.20422535 | AF5: 16 | AG5: 88 | AH5: 235 | AI5: 87
A6: MUNICIPIO | B6: 01058 | C6: Brasil | D6: 32 | E6: ESPÍRITO SANTO | F6: 000037 | G6: SRE AFONSO CLAUDIO | H6: 3203163 | I6: LARANJA DA TERRA | J6: - | K6: - | L6: - | M6: - | N6: 3203163 | O6: 2022 | P6: Municipal | Q6: ENSINO FUNDAMENTAL DE 9 ANOS - 2º ANO | R6: Matemática | S6: 9 | T6: ENSINO FUNDAMENTAL | U6: 106 | V6: 96 | W6: 90.566038 | X6: 574.25346 | Y6: 70.734878 | Z6: Proficiente | AA6: 80.260417 | AB6: 0.020833333 | AC6: 0.14583333 | AD6: 0.41666667 | AE6: 0.41666667 | AF6: 2 | AG6: 14 | AH6: 40 | AI6: 40
A7: MUNICIPIO | B7: 01058 | C7: Brasil | D7: 32 | E7: ESPÍRITO SANTO | F7: 000037 | G7: SRE AFONSO CLAUDIO | H7: 3204559 | I7: SANTA MARIA DE JETIBA | J7: - | K7: - | L7: - | M7: - | N7: 3204559 | O7: 2022 | P7: Municipal | Q7: ENSINO FUNDAMENTAL DE 9 ANOS - 2º ANO | R7: Matemática | S7: 9 | T7: ENSINO FUNDAMENTAL | U7: 312 | V7: 295 | W7: 94.551282 | X7: 544.44444 | Y7: 87.447315 | Z7: Proficiente | AA7: 73 | AB7: 0.047457627 | AC7: 0.26101695 | AD7: 0.38305085 | AE7: 0.30847458 | AF7: 14 | AG7: 77 | AH7: 113 | AI7: 91
A8: MUNICIPIO | B8: 01058 | C8: Brasil | D8: 32 | E8: ESPÍRITO SANTO | F8: 000037 | G8: SRE AFONSO CLAUDIO | H8: 3205069 | I8: VENDA NOVA DO IMIGRANTE | J8: - | K8: - | L8: - | M8: - | N8: 3205069 | O8: 2022 | P8: Municipal | Q8: ENSINO FUNDAMENTAL DE 9 ANOS - 2º ANO | R8: Matemática | S8: 9 | T8: ENSINO FUNDAMENTAL | U8: 166 | V8: 132 | W8: 79.518072 | X8: 502.01215 | Y8: 79.192807 | Z8: Proficiente | AA8: 63.901515 | AB8: 0.098484848 | AC8: 0.35606061 | AD8: 0.46969697 | AE8: 0.075757576 | AF8: 13 | AG8: 47 | AH8: 62 | AI8: 10
A9: MUNICIPIO | B9: 01058 | C9: Brasil | D9: 32 | E9: ESPÍRITO SANTO | F9: 000032 | G9: SRE BARRA DE SAO FRANCISCO | H9: 3200169 | I9: AGUA DOCE DO NORTE | J9: - | K9: - | L9: - | M9: - | N9: 3200169 | O9: 2022 | P9: Municipal | Q9: ENSINO FUNDAMENTAL DE 9 ANOS - 2º ANO | R9: Matemática | S9: 9 | T9: ENSINO FUNDAMENTAL | U9: 162 | V9: 142 | W9: 87.654321 | X9: 489.06568 | Y9: 79.424136 | Z9: Básico | AA9: 61.971831 | AB9: 0.14084507 | AC9: 0.4084507 | AD9: 0.38028169 | AE9: 0.070422535 | AF9: 20 | AG9: 58 | AH9: 54 | AI9: 10
A10: MUNICIPIO | B10: 01058 | C10: Brasil | D10: 32 | E10: ESPÍRITO SANTO | F10: 000032 | G10: SRE BARRA DE SAO FRANCISCO | H10: 3200136 | I10: AGUIA BRANCA | J10: - | K10: - | L10: - | M10: - | N10: 3200136 | O10: 2022 | P10: Municipal | Q10: ENSINO FUNDAMENTAL DE 9 ANOS - 2º ANO | R10: Matemática | S10: 9 | T10: ENSINO FUNDAMENTAL | U10: 166 | V10: 150 | W10: 90.361446 | X10: 593.27235 | Y10: 83.876288 | Z10: Proficiente | AA10: 83.166667 | AB10: 0.033333333 | AC10: 0.10666667 | AD10: 0.32666667 | AE10: 0.53333333 | AF10: 5 | AG10: 16 | AH10: 49 | AI10: 80
A11: MUNICIPIO | B11: 01058 | C11: Brasil | D11: 32 | E11: ESPÍRITO SANTO | F11: 000032 | G11: SRE BARRA DE SAO FRANCISCO | H11: 3200904 | I11: BARRA DE SAO FRANCISCO | J11: - | K11: - | L11: - | M11: - | N11: 3200904 | O11: 2022 | P11: Municipal | Q11: ENSINO FUNDAMENTAL DE 9 ANOS - 2º ANO | R11: Matemática | S11: 9 | T11: ENSINO FUNDAMENTAL | U11: 497 | V11: 464 | W11: 93.360161 | X11: 544.24046 | Y11: 85.107519 | Z11: Proficiente | AA11: 73.556034 | AB11: 0.051724138 | AC11: 0.23060345 | AD11: 0.45689655 | AE11: 0.26077586 | AF11: 24 | AG11: 107 | AH11: 212 | AI11: 121
A12: MUNICIPIO | B12: 01058 | C12: Brasil | D12: 32 | E12: ESPÍRITO SANTO | F12: 000032 | G12: SRE BARRA DE SAO FRANCISCO | H12: 3202108 | I12: ECOPORANGA | J12: - | K12: - | L12: - | M12: - | N12: 3202108 | O12: 2022 | P12: Municipal | Q12: ENSINO FUNDAMENTAL DE 9 ANOS - 2º ANO | R12: Matemática | S12: 9 | T12: ENSINO FUNDAMENTAL | U12: 227 | V12: 210 | W12: 92.511013 | X12: 500.15426 | Y12: 80.972385 | Z12: Básico | AA12: 64.5 | AB12: 0.1 | AC12: 0.4 | AD12: 0.38571429 | AE12: 0.11428571 | AF12: 21 | AG12: 84 | AH12: 81 | AI12: 24
A13: MUNICIPIO | B13: 01058 | C13: Brasil | D13: 32 | E13: ESPÍRITO SANTO | F13: 000032 | G13: SRE BARRA DE SAO FRANCISCO | H13: 3203304 | I13: MANTENOPOLIS | J13: - | K13: - | L13: - | M13: - | N13: 3203304 | O13: 2022 | P13: Municipal | Q13: ENSINO FUNDAMENTAL DE 9 ANOS - 2º ANO | R13: Matemática | S13: 9 | T13: ENSINO FUNDAMENTAL | U13: 215 | V13: 194 | W13: 90.232558 | X13: 571.00063 | Y13: 96.738483 | Z13: Proficiente | AA13: 77.319588 | AB13: 0.056701031 | AC13: 0.21649485 | AD13: 0.28350515 | AE13: 0.44329897 | AF13: 11 | AG13: 42 | AH13: 55 | AI13: 86
... A79: MUNICIPIO | B79: 01058 | C79: Brasil | D79: 32 | E79: ESPÍRITO SANTO | F79: 000028 | G79: SRE VILA VELHA | H79: 3205200 | I79: VILA VELHA | J79: - | K79: - | L79: - | M79: - | N79: 3205200 | O79: 2022 | P79: Municipal | Q79: ENSINO FUNDAMENTAL DE 9 ANOS - 2º ANO | R79: Matemática | S79: 9 | T79: ENSINO FUNDAMENTAL | U79: 4548 | V79: 3972 | W79: 87.335092 | X79: 517.32361 | Y79: 90.608332 | Z79: Proficiente | AA79: 67.240685 | AB79: 0.092145015 | AC79: 0.32426989 | AD79: 0.40684794 | AE79: 0.17673716 | AF79: 366 | AG79: 1288 | AH79: 1616 | AI79: 702

Sheet 2022_5ANO_LP
A1: Tipo | B1: Código país | C1: País | D1: Código estado | E1: Estado | F1: Código regional | G1: Regional | H1: Código município | I1: Município | J1: Código escola | K1: Escola | L1: Código turma | M1: Turma | N1: Documento | O1: Edição | P1: Rede | Q1: Etapa | R1: Disciplina | S1: CD_ENSINO | T1: DC_ENSINO | U1: Previsto | V1: Efetivo | W1: Participação % | X1: Proficiência | Y1: Desvio Padrão | Z1: Padrão de Desempenho | AA1: Acertos no Teste % | AB1: Abaixo do Básico % | AC1: Básico % | AD1: Proficiente % | AE1: Avançado % | AF1: Abaixo do Básico | AG1: Básico | AH1: Proficiente | AI1: Avançado
A2: MUNICIPIO | B2: 01058 | C2: Brasil | D2: 32 | E2: ESPÍRITO SANTO | F2: 000037 | G2: SRE AFONSO CLAUDIO | H2: 3200102 | I2: AFONSO CLAUDIO | J2: - | K2: - | L2: - | M2: - | N2: 3200102 | O2: 2022 | P2: Municipal | Q2: ENSINO FUNDAMENTAL DE 9 ANOS - 5º ANO | R2: Língua Portuguesa | S2: 9 | T2: ENSINO FUNDAMENTAL | U2: 325 | V2: 291 | W2: 89.538462 | X2: 219.14202 | Y2: 49.001194 | Z2: Proficiente | AA2: 62.933458 | AB2: 0.089347079 | AC2: 0.28865979 | AD2: 0.35738832 | AE2: 0.26460481 | AF2: 26 | AG2: 84 | AH2: 104 | AI2: 77
A3: MUNICIPIO | B3: 01058 | C3: Brasil | D3: 32 | E3: ESPÍRITO SANTO | F3: 000037 | G3: SRE AFONSO CLAUDIO | H3: 3201159 | I3: BREJETUBA | J3: - | K3: - | L3: - | M3: - | N3: 3201159 | O3: 2022 | P3: Municipal | Q3: ENSINO FUNDAMENTAL DE 9 ANOS - 5º ANO | R3: Língua Portuguesa | S3: 9 | T3: ENSINO FUNDAMENTAL | U3: 179 | V3: 160 | W3: 89.385475 | X3: 209.64992 | Y3: 47.797145 | Z3: Proficiente | AA3: 59.034091 | AB3: 0.10625 | AC3: 0.3125 | AD3: 0.375 | AE3: 0.20625 | AF3: 17 | AG3: 50 | AH3: 60 | AI3: 33
A4: MUNICIPIO | B4: 01058 | C4: Brasil | D4: 32 | E4: ESPÍRITO SANTO | F4: 000037 | G4: SRE AFONSO CLAUDIO | H4: 3201704 | I4: CONCEICAO DO CASTELO | J4: - | K4: - | L4: - | M4: - | N4: 3201704 | O4: 2022 | P4: Municipal | Q4: ENSINO FUNDAMENTAL DE 9 ANOS - 5º ANO | R4: Língua Portuguesa | S4: 9 | T4: ENSINO FUNDAMENTAL | U4: 174 | V4: 162 | W4: 93.103448 | X4: 214.79116 | Y4: 48.947958 | Z4: Proficiente | AA4: 61.672278 | AB4: 0.086419753 | AC4: 0.32098765 | AD4: 0.38271605 | AE4: 0.20987654 | AF4: 14 | AG4: 52 | AH4: 62 | AI4: 34
A5: MUNICIPIO | B5: 01058 | C5: Brasil | D5: 32 | E5: ESPÍRITO SANTO | F5: 000037 | G5: SRE AFONSO CLAUDIO | H5: 3201902 | I5: DOMINGOS MARTINS | J5: - | K5: - | L5: - | M5: - | N5: 3201902 | O5: 2022 | P5: Municipal | Q5: ENSINO FUNDAMENTAL DE 9 ANOS - 5º ANO | R5: Língua Portuguesa | S5: 9 | T5: ENSINO FUNDAMENTAL | U5: 441 | V5: 413 | W5: 93.650794 | X5: 214.26583 | Y5: 47.598538 | Z5: Proficiente | AA5: 60.862866 | AB5: 0.10895884 | AC5: 0.28087167 | AD5: 0.36319613 | AE5: 0.24697337 | AF5: 45 | AG5: 116 | AH5: 150 | AI5: 102
A6: MUNICIPIO | B6: 01058 | C6: Brasil | D6: 32 | E6: ESPÍRITO SANTO | F6: 000037 | G6: SRE AFONSO CLAUDIO | H6: 3203163 | I6: LARANJA DA TERRA | J6: - | K6: - | L6: - | M6: - | N6: 3203163 | O6: 2022 | P6: Municipal | Q6: ENSINO FUNDAMENTAL DE 9 ANOS - 5º ANO | R6: Língua Portuguesa | S6: 9 | T6: ENSINO FUNDAMENTAL | U6: 136 | V6: 133 | W6: 97.794118 | X6: 230.15159 | Y6: 48.734851 | Z6: Proficiente | AA6: 67.019822 | AB6: 0.037593985 | AC6: 0.2406015 | AD6: 0.37593985 | AE6: 0.34586466 | AF6: 5 | AG6: 32 | AH6: 50 | AI6: 46
A7: MUNICIPIO | B7: 01058 | C7: Brasil | D7: 32 | E7: ESPÍRITO SANTO | F7: 000037 | G7: SRE AFONSO CLAUDIO | H7: 3204559 | I7: SANTA MARIA DE JETIBA | J7: - | K7: - | L7: - | M7: - | N7: 3204559 | O7: 2022 | P7: Municipal | Q7: ENSINO FUNDAMENTAL DE 9 ANOS - 5º ANO | R7: Língua Portuguesa | S7: 9 | T7: ENSINO FUNDAMENTAL | U7: 304 | V7: 276 | W7: 90.789474 | X7: 218.51941 | Y7: 44.343277 | Z7: Proficiente | AA7: 62.088274 | AB7: 0.047101449 | AC7: 0.30434783 | AD7: 0.4057971 | AE7: 0.24275362 | AF7: 13 | AG7: 84 | AH7: 112 | AI7: 67
A8: MUNICIPIO | B8: 01058 | C8: Brasil | D8: 32 | E8: ESPÍRITO SANTO | F8: 000037 | G8: SRE AFONSO CLAUDIO | H8: 3205069 | I8: VENDA NOVA DO IMIGRANTE | J8: - | K8: - | L8: - | M8: - | N8: 3205069 | O8: 2022 | P8: Municipal | Q8: ENSINO FUNDAMENTAL DE 9 ANOS - 5º ANO | R8: Língua Portuguesa | S8: 9 | T8: ENSINO FUNDAMENTAL | U8: 111 | V8: 102 | W8: 91.891892 | X8: 220.37443 | Y8: 50.407608 | Z8: Proficiente | AA8: 63.368984 | AB8: 0.088235294 | AC8: 0.2745098 | AD8: 0.32352941 | AE8: 0.31372549 | AF8: 9 | AG8: 28 | AH8: 33 | AI8: 32
A9: MUNICIPIO | B9: 01058 | C9: Brasil | D9: 32 | E9: ESPÍRITO SANTO | F9: 000032 | G9: SRE BARRA DE SAO FRANCISCO | H9: 3200169 | I9: AGUA DOCE DO NORTE | J9: - | K9: - | L9: - | M9: - | N9: 3200169 | O9: 2022 | P9: Municipal | Q9: ENSINO FUNDAMENTAL DE 9 ANOS - 5º ANO | R9: Língua Portuguesa | S9: 9 | T9: ENSINO FUNDAMENTAL | U9: 183 | V9: 171 | W9: 93.442623 | X9: 212.35423 | Y9: 52.226613 | Z9: Proficiente | AA9: 59.383307 | AB9: 0.12280702 | AC9: 0.32163743 | AD9: 0.29239766 | AE9: 0.26315789 | AF9: 21 | AG9: 55 | AH9: 50 | AI9: 45
A10: MUNICIPIO | B10: 01058 | C10: Brasil | D10: 32 | E10: ESPÍRITO SANTO | F10: 000032 | G10: SRE BARRA DE SAO FRANCISCO | H10: 3200136 | I10: AGUIA BRANCA | J10: - | K10: - | L10: - | M10: - | N10: 3200136 | O10: 2022 | P10: Municipal | Q10: ENSINO FUNDAMENTAL DE 9 ANOS - 5º ANO | R10: Língua Portuguesa | S10: 9 | T10: ENSINO FUNDAMENTAL | U10: 142 | V10: 134 | W10: 94.366197 | X10: 215.37932 | Y10: 48.80177 | Z10: Proficiente | AA10: 61.770692 | AB10: 0.1119403 | AC10: 0.23880597 | AD10: 0.44029851 | AE10: 0.20895522 | AF10: 15 | AG10: 32 | AH10: 59 | AI10: 28
A11: MUNICIPIO | B11: 01058 | C11: Brasil | D11: 32 | E11: ESPÍRITO SANTO | F11: 000032 | G11: SRE BARRA DE SAO FRANCISCO | H11: 3200904 | I11: BARRA DE SAO FRANCISCO | J11: - | K11: - | L11: - | M11: - | N11: 3200904 | O11: 2022 | P11: Municipal | Q11: ENSINO FUNDAMENTAL DE 9 ANOS - 5º ANO | R11: Língua Portuguesa | S11: 9 | T11: ENSINO FUNDAMENTAL | U11: 491 | V11: 465 | W11: 94.704684 | X11: 214.93803 | Y11: 50.536834 | Z11: Proficiente | AA11: 61.505376 | AB11: 0.12043011 | AC11: 0.26666667 | AD11: 0.35268817 | AE11: 0.26021505 | AF11: 56 | AG11: 124 | AH11: 164 | AI11: 121
A12: MUNICIPIO | B12: 01058 | C12: Brasil | D12: 32 | E12: ESPÍRITO SANTO | F12: 000032 | G12: SRE BARRA DE SAO FRANCISCO | H12: 3202108 | I12: ECOPORANGA | J12: - | K12: - | L12: - | M12: - | N12: 3202108 | O12: 2022 | P12: Municipal | Q12: ENSINO FUNDAMENTAL DE 9 ANOS - 5º ANO | R12: Língua Portuguesa | S12: 9 | T12: ENSINO FUNDAMENTAL | U12: 194 | V12: 174 | W12: 89.690722 | X12: 207.48351 | Y12: 51.841502 | Z12: Proficiente | AA12: 57.392894 | AB12: 0.16666667 | AC12: 0.3045977 | AD12: 0.29310345 | AE12: 0.23563218 | AF12: 29 | AG12: 53 | AH12: 51 | AI12: 41
A13: MUNICIPIO | B13: 01058 | C13: Brasil | D13: 32 | E13: ESPÍRITO SANTO | F13: 000032 | G13: SRE BARRA DE SAO FRANCISCO | H13: 3203304 | I13: MANTENOPOLIS | J13: - | K13: - | L13: - | M13: - | N13: 3203304 | O13: 2022 | P13: Municipal | Q13: ENSINO FUNDAMENTAL DE 9 ANOS - 5º ANO | R13: Língua Portuguesa | S13: 9 | T13: ENSINO FUNDAMENTAL | U13: 199 | V13: 170 | W13: 85.427136 | X13: 222.33366 | Y13: 50.669204 | Z13: Proficiente | AA13: 64.491979 | AB13: 0.1 | AC13: 0.23529412 | AD13: 0.36470588 | AE13: 0.3 | AF13: 17 | AG13: 40 | AH13: 62 | AI13: 51
... A79: MUNICIPIO | B79: 01058 | C79: Brasil | D79: 32 | E79: ESPÍRITO SANTO | F79: 000028 | G79: SRE VILA VELHA | H79: 3205200 | I79: VILA VELHA | J79: - | K79: - | L79: - | M79: - | N79: 3205200 | O79: 2022 | P79: Municipal | Q79: ENSINO FUNDAMENTAL DE 9 ANOS - 5º ANO | R79: Língua Portuguesa | S79: 9 | T79: ENSINO FUNDAMENTAL | U79: 5105 | V79: 4473 | W79: 87.61998 | X79: 205.18592 | Y79: 52.304272 | Z79: Proficiente | AA79: 56.996525 | AB79: 0.16320143 | AC79: 0.30382294 | AD79: 0.3261793 | AE79: 0.20679633 | AF79: 730 | AG79: 1359 | AH79: 1459 | AI79: 925

Sheet 2022_5ANO_MT
A1: Tipo | B1: Código país | C1: País | D1: Código estado | E1: Estado | F1: Código regional | G1: Regional | H1: Código município | I1: Município | J1: Código escola | K1: Escola | L1: Código turma | M1: Turma | N1: Documento | O1: Edição | P1: Rede | Q1: Etapa | R1: Disciplina | S1: CD_ENSINO | T1: DC_ENSINO | U1: Previsto | V1: Efetivo | W1: Participação % | X1: Proficiência | Y1: Desvio Padrão | Z1: Padrão de Desempenho | AA1: Acertos no Teste % | AB1: Abaixo do Básico % | AC1: Básico % | AD1: Proficiente % | AE1: Avançado % | AF1: Abaixo do Básico | AG1: Básico | AH1: Proficiente | AI1: Avançado
A2: MUNICIPIO | B2: 01058 | C2: Brasil | D2: 32 | E2: ESPÍRITO SANTO | F2: 000037 | G2: SRE AFONSO CLAUDIO | H2: 3200102 | I2: AFONSO CLAUDIO | J2: - | K2: - | L2: - | M2: - | N2: 3200102 | O2: 2022 | P2: Municipal | Q2: ENSINO FUNDAMENTAL DE 9 ANOS - 5º ANO | R2: Matemática | S2: 9 | T2: ENSINO FUNDAMENTAL | U2: 325 | V2: 291 | W2: 89.538462 | X2: 235.4825 | Y2: 46.402623 | Z2: Proficiente | AA2: 52.936582 | AB2: 0.12371134 | AC2: 0.32646048 | AD2: 0.36082474 | AE2: 0.18900344 | AF2: 36 | AG2: 95 | AH2: 105 | AI2: 55
A3: MUNICIPIO | B3: 01058 | C3: Brasil | D3: 32 | E3: ESPÍRITO SANTO | F3: 000037 | G3: SRE AFONSO CLAUDIO | H3: 3201159 | I3: BREJETUBA | J3: - | K3: - | L3: - | M3: - | N3: 3201159 | O3: 2022 | P3: Municipal | Q3: ENSINO FUNDAMENTAL DE 9 ANOS - 5º ANO | R3: Matemática | S3: 9 | T3: ENSINO FUNDAMENTAL | U3: 179 | V3: 160 | W3: 89.385475 | X3: 227.19247 | Y3: 51.677041 | Z3: Proficiente | AA3: 50.056818 | AB3: 0.175 | AC3: 0.3 | AD3: 0.34375 | AE3: 0.18125 | AF3: 28 | AG3: 48 | AH3: 55 | AI3: 29
A4: MUNICIPIO | B4: 01058 | C4: Brasil | D4: 32 | E4: ESPÍRITO SANTO | F4: 000037 | G4: SRE AFONSO CLAUDIO | H4: 3201704 | I4: CONCEICAO DO CASTELO | J4: - | K4: - | L4: - | M4: - | N4: 3201704 | O4: 2022 | P4: Municipal | Q4: ENSINO FUNDAMENTAL DE 9 ANOS - 5º ANO | R4: Matemática | S4: 9 | T4: ENSINO FUNDAMENTAL | U4: 174 | V4: 162 | W4: 93.103448 | X4: 226.85856 | Y4: 46.495637 | Z4: Proficiente | AA4: 49.943883 | AB4: 0.14197531 | AC4: 0.39506173 | AD4: 0.2962963 | AE4: 0.16666667 | AF4: 23 | AG4: 64 | AH4: 48 | AI4: 27
A5: MUNICIPIO | B5: 01058 | C5: Brasil | D5: 32 | E5: ESPÍRITO SANTO | F5: 000037 | G5: SRE AFONSO CLAUDIO | H5: 3201902 | I5: DOMINGOS MARTINS | J5: - | K5: - | L5: - | M5: - | N5: 3201902 | O5: 2022 | P5: Municipal | Q5: ENSINO FUNDAMENTAL DE 9 ANOS - 5º ANO | R5: Matemática | S5: 9 | T5: ENSINO FUNDAMENTAL | U5: 441 | V5: 413 | W5: 93.650794 | X5: 228.05281 | Y5: 45.435467 | Z5: Proficiente | AA5: 49.438697 | AB5: 0.15012107 | AC5: 0.29539952 | AD5: 0.40435835 | AE5: 0.15012107 | AF5: 62 | AG5: 122 | AH5: 167 | AI5: 62
A6: MUNICIPIO | B6: 01058 | C6: Brasil | D6: 32 | E6: ESPÍRITO SANTO | F6: 000037 | G6: SRE AFONSO CLAUDIO | H6: 3203163 | I6: LARANJA DA TERRA | J6: - | K6: - | L6: - | M6: - | N6: 3203163 | O6: 2022 | P6: Municipal | Q6: ENSINO FUNDAMENTAL DE 9 ANOS - 5º ANO | R6: Matemática | S6: 9 | T6: ENSINO FUNDAMENTAL | U6: 136 | V6: 133 | W6: 97.794118 | X6: 241.79232 | Y6: 49.547151 | Z6: Proficiente | AA6: 55.70745 | AB6: 0.14285714 | AC6: 0.20300752 | AD6: 0.42105263 | AE6: 0.23308271 | AF6: 19 | AG6: 27 | AH6: 56 | AI6: 31
A7: MUNICIPIO | B7: 01058 | C7: Brasil | D7: 32 | E7: ESPÍRITO SANTO | F7: 000037 | G7: SRE AFONSO CLAUDIO | H7: 3204559 | I7: SANTA MARIA DE JETIBA | J7: - | K7: - | L7: - | M7: - | N7: 3204559 | O7: 2022 | P7: Municipal | Q7: ENSINO FUNDAMENTAL DE 9 ANOS - 5º ANO | R7: Matemática | S7: 9 | T7: ENSINO FUNDAMENTAL | U7: 304 | V7: 276 | W7: 90.789474 | X7: 235.65384 | Y7: 46.187087 | Z7: Proficiente | AA7: 53.227931 | AB7: 0.094202899 | AC7: 0.32971014 | AD7: 0.39130435 | AE7: 0.18478261 | AF7: 26 | AG7: 91 | AH7: 108 | AI7: 51
A8: MUNICIPIO | B8: 01058 | C8: Brasil | D8: 32 | E8: ESPÍRITO SANTO | F8: 000037 | G8: SRE AFONSO CLAUDIO | H8: 3205069 | I8: VENDA NOVA DO IMIGRANTE | J8: - | K8: - | L8: - | M8: - | N8: 3205069 | O8: 2022 | P8: Municipal | Q8: ENSINO FUNDAMENTAL DE 9 ANOS - 5º ANO | R8: Matemática | S8: 9 | T8: ENSINO FUNDAMENTAL | U8: 111 | V8: 102 | W8: 91.891892 | X8: 218.61434 | Y8: 50.072971 | Z8: Básico | AA8: 47.370766 | AB8: 0.24509804 | AC8: 0.31372549 | AD8: 0.29411765 | AE8: 0.14705882 | AF8: 25 | AG8: 32 | AH8: 30 | AI8: 15
A9: MUNICIPIO | B9: 01058 | C9: Brasil | D9: 32 | E9: ESPÍRITO SANTO | F9: 000032 | G9: SRE BARRA DE SAO FRANCISCO | H9: 3200169 | I9: AGUA DOCE DO NORTE | J9: - | K9: - | L9: - | M9: - | N9: 3200169 | O9: 2022 | P9: Municipal | Q9: ENSINO FUNDAMENTAL DE 9 ANOS - 5º ANO | R9: Matemática | S9: 9 | T9: ENSINO FUNDAMENTAL | U9: 183 | V9: 171 | W9: 93.442623 | X9: 227.19045 | Y9: 46.86555 | Z9: Proficiente | AA9: 49.973418 | AB9: 0.12865497 | AC9: 0.34502924 | AD9: 0.39766082 | AE9: 0.12865497 | AF9: 22 | AG9: 59 | AH9: 68 | AI9: 22
A10: MUNICIPIO | B10: 01058 | C10: Brasil | D10: 32 | E10: ESPÍRITO SANTO | F10: 000032 | G10: SRE BARRA DE SAO FRANCISCO | H10: 3200136 | I10: AGUIA BRANCA | J10: - | K10: - | L10: - | M10: - | N10: 3200136 | O10: 2022 | P10: Municipal | Q10: ENSINO FUNDAMENTAL DE 9 ANOS - 5º ANO | R10: Matemática | S10: 9 | T10: ENSINO FUNDAMENTAL | U10: 142 | V10: 134 | W10: 94.366197 | X10: 231.61332 | Y10: 46.310181 | Z10: Proficiente | AA10: 52.001357 | AB10: 0.11940299 | AC10: 0.32835821 | AD10: 0.37313433 | AE10: 0.17910448 | AF10: 16 | AG10: 44 | AH10: 50 | AI10: 24
A11: MUNICIPIO | B11: 01058 | C11: Brasil | D11: 32 | E11: ESPÍRITO SANTO | F11: 000032 | G11: SRE BARRA DE SAO FRANCISCO | H11: 3200904 | I11: BARRA DE SAO FRANCISCO | J11: - | K11: - | L11: - | M11: - | N11: 3200904 | O11: 2022 | P11: Municipal | Q11: ENSINO FUNDAMENTAL DE 9 ANOS - 5º ANO | R11: Matemática | S11: 9 | T11: ENSINO FUNDAMENTAL | U11: 491 | V11: 465 | W11: 94.704684 | X11: 229.12459 | Y11: 45.404895 | Z11: Proficiente | AA11: 51.11437 | AB11: 0.1483871 | AC11: 0.31827957 | AD11: 0.36344086 | AE11: 0.16989247 | AF11: 69 | AG11: 148 | AH11: 169 | AI11: 79
A12: MUNICIPIO | B12: 01058 | C12: Brasil | D12: 32 | E12: ESPÍRITO SANTO | F12: 000032 | G12: SRE BARRA DE SAO FRANCISCO | H12: 3202108 | I12: ECOPORANGA | J12: - | K12: - | L12: - | M12: - | N12: 3202108 | O12: 2022 | P12: Municipal | Q12: ENSINO FUNDAMENTAL DE 9 ANOS - 5º ANO | R12: Matemática | S12: 9 | T12: ENSINO FUNDAMENTAL | U12: 194 | V12: 175 | W12: 90.206186 | X12: 214.9915 | Y12: 49.141849 | Z12: Básico | AA12: 44.623377 | AB12: 0.24 | AC12: 0.37714286 | AD12: 0.25142857 | AE12: 0.13142857 | AF12: 42 | AG12: 66 | AH12: 44 | AI12: 23
A13: MUNICIPIO | B13: 01058 | C13: Brasil | D13: 32 | E13: ESPÍRITO SANTO | F13: 000032 | G13: SRE BARRA DE SAO FRANCISCO | H13: 3203304 | I13: MANTENOPOLIS | J13: - | K13: - | L13: - | M13: - | N13: 3203304 | O13: 2022 | P13: Municipal | Q13: ENSINO FUNDAMENTAL DE 9 ANOS - 5º ANO | R13: Matemática | S13: 9 | T13: ENSINO FUNDAMENTAL | U13: 199 | V13: 170 | W13: 85.427136 | X13: 239.09166 | Y13: 47.514123 | Z13: Proficiente | AA13: 54.86631 | AB13: 0.088235294 | AC13: 0.31176471 | AD13: 0.4 | AE13: 0.2 | AF13: 15 | AG13: 53 | AH13: 68 | AI13: 34
... A79: MUNICIPIO | B79: 01058 | C79: Brasil | D79: 32 | E79: ESPÍRITO SANTO | F79: 000028 | G79: SRE VILA VELHA | H79: 3205200 | I79: VILA VELHA | J79: - | K79: - | L79: - | M79: - | N79: 3205200 | O79: 2022 | P79: Municipal | Q79: ENSINO FUNDAMENTAL DE 9 ANOS - 5º ANO | R79: Matemática | S79: 9 | T79: ENSINO FUNDAMENTAL | U79: 5105 | V79: 4465 | W79: 87.463271 | X79: 214.79109 | Y79: 45.017499 | Z79: Básico | AA79: 44.643184 | AB79: 0.20604703 | AC79: 0.39753639 | AD79: 0.29697648 | AE79: 0.09944009 | AF79: 920 | AG79: 1775 | AH79: 1326 | AI79: 444

Sheet 2023_2ANO_LP_LTR + ECT
A1: Tipo | B1: Código país | C1: País | D1: Código estado | E1: Estado | F1: Código regional | G1: Regional | H1: Código município | I1: Município | J1: Código escola | K1: Escola | L1: Código turma | M1: Turma | N1: Documento | O1: Edição | P1: Rede | Q1: Etapa | R1: Disciplina | S1: CD_ENSINO | T1: DC_ENSINO | U1: Previsto | V1: Efetivo | W1: Participação % | X1: Proficiência | Y1: Desvio Padrão | Z1: Padrão de Desempenho | AA1: Acertos no Teste % | AB1: Abaixo do Básico % | AC1: Básico % | AD1: Proficiente % | AE1: Avançado % | AF1: Abaixo do Básico | AG1: Básico | AH1: Proficiente | AI1: Avançado
A2: MUNICIPIO | B2: 01058 | C2: Brasil | D2: 32 | E2: ESPÍRITO SANTO | F2: 000037 | G2: SRE AFONSO CLAUDIO | H2: 3200102 | I2: AFONSO CLAUDIO | J2: - | K2: - | L2: - | M2: - | N2: 3200102 | O2: 2023 | P2: Municipal | Q2: ENSINO FUNDAMENTAL DE 9 ANOS - 2º ANO | R2: Língua Portuguesa - Escrita e Leitura | S2: 9 | T2: ENSINO FUNDAMENTAL | U2: 314 | V2: 304 | W2: 96.815287 | X2: 733.33626 | Y2: 102.44143 | Z2: Avançado | AA2: 69,82553529 | AB2: 0.02631579 | AC2: 0.052631579 | AD2: 0.25 | AE2: 0.67105263 | AF2: 8 | AG2: 16 | AH2: 76 | AI2: 204 | AK2: ='2023_2ANO_LP_LTR + ECT'!$AB2/100 -> 0.0002631579 | AL2: ='2023_2ANO_LP_LTR + ECT'!$AC2/100 -> 0.00052631579 | AM2: ='2023_2ANO_LP_LTR + ECT'!$AD2/100 -> 0.0025 | AN2: ='2023_2ANO_LP_LTR + ECT'!$AE2/100 -> 0.0067105263 | AO2: =SUM(AK2:AN2) -> 0.01
A3: MUNICIPIO | B3: 01058 | C3: Brasil | D3: 32 | E3: ESPÍRITO SANTO | F3: 000037 | G3: SRE AFONSO CLAUDIO | H3: 3201159 | I3: BREJETUBA | J3: - | K3: - | L3: - | M3: - | N3: 3201159 | O3: 2023 | P3: Municipal | Q3: ENSINO FUNDAMENTAL DE 9 ANOS - 2º ANO | R3: Língua Portuguesa - Escrita e Leitura | S3: 9 | T3: ENSINO FUNDAMENTAL | U3: 153 | V3: 142 | W3: 92.810458 | X3: 641.26633 | Y3: 114.60415 | Z3: Proficiente | AA3: 59,09219858 | AB3: 0.13380282 | AC3: 0.15492958 | AD3: 0.38732394 | AE3: 0.32394366 | AF3: 19 | AG3: 22 | AH3: 55 | AI3: 46 | AK3: ='2023_2ANO_LP_LTR + ECT'!$AB3/100 -> 0.0013380282 | AL3: ='2023_2ANO_LP_LTR + ECT'!$AC3/100 -> 0.0015492958 | AM3: ='2023_2ANO_LP_LTR + ECT'!$AD3/100 -> 0.0038732394 | AN3: ='2023_2ANO_LP_LTR + ECT'!$AE3/100 -> 0.0032394366 | AO3: =SUM(AK3:AN3) -> 0.01
A4: MUNICIPIO | B4: 01058 | C4: Brasil | D4: 32 | E4: ESPÍRITO SANTO | F4: 000037 | G4: SRE AFONSO CLAUDIO | H4: 3201704 | I4: CONCEICAO DO CASTELO | J4: - | K4: - | L4: - | M4: - | N4: 3201704 | O4: 2023 | P4: Municipal | Q4: ENSINO FUNDAMENTAL DE 9 ANOS - 2º ANO | R4: Língua Portuguesa - Escrita e Leitura | S4: 9 | T4: ENSINO FUNDAMENTAL | U4: 172 | V4: 167 | W4: 97.093023 | X4: 685.58255 | Y4: 103.71384 | Z4: Proficiente | AA4: 63,63197295 | AB4: 0.083832335 | AC4: 0.071856287 | AD4: 0.34131737 | AE4: 0.50299401 | AF4: 14 | AG4: 12 | AH4: 57 | AI4: 84 | AK4: ='2023_2ANO_LP_LTR + ECT'!$AB4/100 -> 0.00083832335 | AL4: ='2023_2ANO_LP_LTR + ECT'!$AC4/100 -> 0.00071856287 | AM4: ='2023_2ANO_LP_LTR + ECT'!$AD4/100 -> 0.0034131737 | AN4: ='2023_2ANO_LP_LTR + ECT'!$AE4/100 -> 0.0050299401 | AO4: =SUM(AK4:AN4) -> 0.01
A5: MUNICIPIO | B5: 01058 | C5: Brasil | D5: 32 | E5: ESPÍRITO SANTO | F5: 000037 | G5: SRE AFONSO CLAUDIO | H5: 3201902 | I5: DOMINGOS MARTINS | J5: - | K5: - | L5: - | M5: - | N5: 3201902 | O5: 2023 | P5: Municipal | Q5: ENSINO FUNDAMENTAL DE 9 ANOS - 2º ANO | R5: Língua Portuguesa - Escrita e Leitura | S5: 9 | T5: ENSINO FUNDAMENTAL | U5: 457 | V5: 439 | W5: 96.061269 | X5: 704.30242 | Y5: 112.14237 | Z5: Avançado | AA5: 66,22425629 | AB5: 0.079726651 | AC5: 0.056947608 | AD5: 0.27562642 | AE5: 0.58769932 | AF5: 35 | AG5: 25 | AH5: 121 | AI5: 258 | AK5: ='2023_2ANO_LP_LTR + ECT'!$AB5/100 -> 0.00079726651 | AL5: ='2023_2ANO_LP_LTR + ECT'!$AC5/100 -> 0.00056947608 | AM5: ='2023_2ANO_LP_LTR + ECT'!$AD5/100 -> 0.0027562642 | AN5: ='2023_2ANO_LP_LTR + ECT'!$AE5/100 -> 0.0058769932 | AO5: =SUM(AK5:AN5) -> 0.01
A6: MUNICIPIO | B6: 01058 | C6: Brasil | D6: 32 | E6: ESPÍRITO SANTO | F6: 000037 | G6: SRE AFONSO CLAUDIO | H6: 3203163 | I6: LARANJA DA TERRA | J6: - | K6: - | L6: - | M6: - | N6: 3203163 | O6: 2023 | P6: Municipal | Q6: ENSINO FUNDAMENTAL DE 9 ANOS - 2º ANO | R6: Língua Portuguesa - Escrita e Leitura | S6: 9 | T6: ENSINO FUNDAMENTAL | U6: 114 | V6: 108 | W6: 94.736842 | X6: 712.87109 | Y6: 90.456575 | Z6: Avançado | AA6: 68,74074074 | AB6: 0.018518519 | AC6: 0.083333333 | AD6: 0.33333333 | AE6: 0.56481481 | AF6: 2 | AG6: 9 | AH6: 36 | AI6: 61 | AK6: ='2023_2ANO_LP_LTR + ECT'!$AB6/100 -> 0.00018518519 | AL6: ='2023_2ANO_LP_LTR + ECT'!$AC6/100 -> 0.00083333333 | AM6: ='2023_2ANO_LP_LTR + ECT'!$AD6/100 -> 0.0033333333 | AN6: ='2023_2ANO_LP_LTR + ECT'!$AE6/100 -> 0.0056481481 | AO6: =SUM(AK6:AN6) -> 0.01
A7: MUNICIPIO | B7: 01058 | C7: Brasil | D7: 32 | E7: ESPÍRITO SANTO | F7: 000037 | G7: SRE AFONSO CLAUDIO | H7: 3204559 | I7: SANTA MARIA DE JETIBA | J7: - | K7: - | L7: - | M7: - | N7: 3204559 | O7: 2023 | P7: Municipal | Q7: ENSINO FUNDAMENTAL DE 9 ANOS - 2º ANO | R7: Língua Portuguesa - Escrita e Leitura | S7: 9 | T7: ENSINO FUNDAMENTAL | U7: 328 | V7: 307 | W7: 93.597561 | X7: 707.17769 | Y7: 106.16824 | Z7: Avançado | AA7: 69,51633987 | AB7: 0.058631922 | AC7: 0.084690554 | AD7: 0.27035831 | AE7: 0.58631922 | AF7: 18 | AG7: 26 | AH7: 83 | AI7: 180 | AK7: ='2023_2ANO_LP_LTR + ECT'!$AB7/100 -> 0.00058631922 | AL7: ='2023_2ANO_LP_LTR + ECT'!$AC7/100 -> 0.00084690554 | AM7: ='2023_2ANO_LP_LTR + ECT'!$AD7/100 -> 0.0027035831 | AN7: ='2023_2ANO_LP_LTR + ECT'!$AE7/100 -> 0.0058631922 | AO7: =SUM(AK7:AN7) -> 0.01
A8: MUNICIPIO | B8: 01058 | C8: Brasil | D8: 32 | E8: ESPÍRITO SANTO | F8: 000037 | G8: SRE AFONSO CLAUDIO | H8: 3205069 | I8: VENDA NOVA DO IMIGRANTE | J8: - | K8: - | L8: - | M8: - | N8: 3205069 | O8: 2023 | P8: Municipal | Q8: ENSINO FUNDAMENTAL DE 9 ANOS - 2º ANO | R8: Língua Portuguesa - Escrita e Leitura | S8: 9 | T8: ENSINO FUNDAMENTAL | U8: 118 | V8: 104 | W8: 88.135593 | X8: 690.85151 | Y8: 93.583307 | Z8: Proficiente | AA8: 65,39360873 | AB8: 0.057692308 | AC8: 0.057692308 | AD8: 0.36538462 | AE8: 0.51923077 | AF8: 6 | AG8: 6 | AH8: 38 | AI8: 54 | AK8: ='2023_2ANO_LP_LTR + ECT'!$AB8/100 -> 0.00057692308 | AL8: ='2023_2ANO_LP_LTR + ECT'!$AC8/100 -> 0.00057692308 | AM8: ='2023_2ANO_LP_LTR + ECT'!$AD8/100 -> 0.0036538462 | AN8: ='2023_2ANO_LP_LTR + ECT'!$AE8/100 -> 0.0051923077 | AO8: =SUM(AK8:AN8) -> 0.01
A9: MUNICIPIO | B9: 01058 | C9: Brasil | D9: 32 | E9: ESPÍRITO SANTO | F9: 000032 | G9: SRE BARRA DE SAO FRANCISCO | H9: 3200169 | I9: AGUA DOCE DO NORTE | J9: - | K9: - | L9: - | M9: - | N9: 3200169 | O9: 2023 | P9: Municipal | Q9: ENSINO FUNDAMENTAL DE 9 ANOS - 2º ANO | R9: Língua Portuguesa - Escrita e Leitura | S9: 9 | T9: ENSINO FUNDAMENTAL | U9: 188 | V9: 170 | W9: 90.425532 | X9: 681.24178 | Y9: 111.26406 | Z9: Proficiente | AA9: 67,64705882 | AB9: 0.076470588 | AC9: 0.11176471 | AD9: 0.35882353 | AE9: 0.45294118 | AF9: 13 | AG9: 19 | AH9: 61 | AI9: 77 | AK9: ='2023_2ANO_LP_LTR + ECT'!$AB9/100 -> 0.00076470588 | AL9: ='2023_2ANO_LP_LTR + ECT'!$AC9/100 -> 0.0011176471 | AM9: ='2023_2ANO_LP_LTR + ECT'!$AD9/100 -> 0.0035882353 | AN9: ='2023_2ANO_LP_LTR + ECT'!$AE9/100 -> 0.0045294118 | AO9: =SUM(AK9:AN9) -> 0.01
A10: MUNICIPIO | B10: 01058 | C10: Brasil | D10: 32 | E10: ESPÍRITO SANTO | F10: 000032 | G10: SRE BARRA DE SAO FRANCISCO | H10: 3200136 | I10: AGUIA BRANCA | J10: - | K10: - | L10: - | M10: - | N10: 3200136 | O10: 2023 | P10: Municipal | Q10: ENSINO FUNDAMENTAL DE 9 ANOS - 2º ANO | R10: Língua Portuguesa - Escrita e Leitura | S10: 9 | T10: ENSINO FUNDAMENTAL | U10: 152 | V10: 143 | W10: 94.078947 | X10: 722.8002 | Y10: 76.887422 | Z10: Avançado | AA10: 72,05633803 | AB10: 0.006993007 | AC10: 0.041958042 | AD10: 0.34265734 | AE10: 0.60839161 | AF10: 1 | AG10: 6 | AH10: 49 | AI10: 87 | AK10: ='2023_2ANO_LP_LTR + ECT'!$AB10/100 -> 6.993007e-05 | AL10: ='2023_2ANO_LP_LTR + ECT'!$AC10/100 -> 0.00041958042 | AM10: ='2023_2ANO_LP_LTR + ECT'!$AD10/100 -> 0.0034265734 | AN10: ='2023_2ANO_LP_LTR + ECT'!$AE10/100 -> 0.0060839161 | AO10: =SUM(AK10:AN10) -> 0.01
A11: MUNICIPIO | B11: 01058 | C11: Brasil | D11: 32 | E11: ESPÍRITO SANTO | F11: 000032 | G11: SRE BARRA DE SAO FRANCISCO | H11: 3200904 | I11: BARRA DE SAO FRANCISCO | J11: - | K11: - | L11: - | M11: - | N11: 3200904 | O11: 2023 | P11: Municipal | Q11: ENSINO FUNDAMENTAL DE 9 ANOS - 2º ANO | R11: Língua Portuguesa - Escrita e Leitura | S11: 9 | T11: ENSINO FUNDAMENTAL | U11: 523 | V11: 489 | W11: 93.499044 | X11: 682.40324 | Y11: 99.451069 | Z11: Proficiente | AA11: 64,94650206 | AB11: 0.065439673 | AC11: 0.096114519 | AD11: 0.37627812 | AE11: 0.46216769 | AF11: 32 | AG11: 47 | AH11: 184 | AI11: 226 | AK11: ='2023_2ANO_LP_LTR + ECT'!$AB11/100 -> 0.00065439673 | AL11: ='2023_2ANO_LP_LTR + ECT'!$AC11/100 -> 0.00096114519 | AM11: ='2023_2ANO_LP_LTR + ECT'!$AD11/100 -> 0.0037627812 | AN11: ='2023_2ANO_LP_LTR + ECT'!$AE11/100 -> 0.0046216769 | AO11: =SUM(AK11:AN11) -> 0.01
A12: MUNICIPIO | B12: 01058 | C12: Brasil | D12: 32 | E12: ESPÍRITO SANTO | F12: 000032 | G12: SRE BARRA DE SAO FRANCISCO | H12: 3202108 | I12: ECOPORANGA | J12: - | K12: - | L12: - | M12: - | N12: 3202108 | O12: 2023 | P12: Municipal | Q12: ENSINO FUNDAMENTAL DE 9 ANOS - 2º ANO | R12: Língua Portuguesa - Escrita e Leitura | S12: 9 | T12: ENSINO FUNDAMENTAL | U12: 231 | V12: 215 | W12: 93.073593 | X12: 665.7616 | Y12: 114.04575 | Z12: Proficiente | AA12: 60,54856284 | AB12: 0.1255814 | AC12: 0.088372093 | AD12: 0.37209302 | AE12: 0.41395349 | AF12: 27 | AG12: 19 | AH12: 80 | AI12: 89 | AK12: ='2023_2ANO_LP_LTR + ECT'!$AB12/100 -> 0.001255814 | AL12: ='2023_2ANO_LP_LTR + ECT'!$AC12/100 -> 0.00088372093 | AM12: ='2023_2ANO_LP_LTR + ECT'!$AD12/100 -> 0.0037209302 | AN12: ='2023_2ANO_LP_LTR + ECT'!$AE12/100 -> 0.0041395349 | AO12: =SUM(AK12:AN12) -> 0.01
A13: MUNICIPIO | B13: 01058 | C13: Brasil | D13: 32 | E13: ESPÍRITO SANTO | F13: 000032 | G13: SRE BARRA DE SAO FRANCISCO | H13: 3203304 | I13: MANTENOPOLIS | J13: - | K13: - | L13: - | M13: - | N13: 3203304 | O13: 2023 | P13: Municipal | Q13: ENSINO FUNDAMENTAL DE 9 ANOS - 2º ANO | R13: Língua Portuguesa - Escrita e Leitura | S13: 9 | T13: ENSINO FUNDAMENTAL | U13: 164 | V13: 155 | W13: 94.512195 | X13: 747.56526 | Y13: 95.25604 | Z13: Avançado | AA13: 76,03542589 | AB13: 0.012903226 | AC13: 0.038709677 | AD13: 0.21935484 | AE13: 0.72903226 | AF13: 2 | AG13: 6 | AH13: 34 | AI13: 113 | AK13: ='2023_2ANO_LP_LTR + ECT'!$AB13/100 -> 0.00012903226 | AL13: ='2023_2ANO_LP_LTR + ECT'!$AC13/100 -> 0.00038709677 | AM13: ='2023_2ANO_LP_LTR + ECT'!$AD13/100 -> 0.0021935484 | AN13: ='2023_2ANO_LP_LTR + ECT'!$AE13/100 -> 0.0072903226 | AO13: =SUM(AK13:AN13) -> 0.01
... A20: MUNICIPIO | B20: 01058 | C20: Brasil | D20: 32 | E20: ESPÍRITO SANTO | F20: 000035 | G20: SRE CACHOEIRO DE ITAPEMIRIM | H20: 3203320 | I20: MARATAIZES | J20: - | K20: - | L20: - | M20: - | N20: 3203320 | O20: 2023 | P20: Municipal | Q20: ENSINO FUNDAMENTAL DE 9 ANOS - 2º ANO | R20: Língua Portuguesa - Escrita e Leitura | S20: 9 | T20: ENSINO FUNDAMENTAL | U20: 682 | V20: 612 | W20: 89.73607 | X20: 666.5482 | Y20: 101.39403 | Z20: Proficiente | AA20: 61,17374005 | AB20: 0.08496732 | AC20: 0.10457516 | AD20: 0.42156863 | AE20: 0.38888889 | AF20: 52 | AG20: 64 | AH20: 258 | AI20: 238 | AK20: ='2023_2ANO_LP_LTR + ECT'!$AB20/100 -> 0.0008496732 | AL20: ='2023_2ANO_LP_LTR + ECT'!$AC20/100 -> 0.0010457516 | AM20: ='2023_2ANO_LP_LTR + ECT'!$AD20/100 -> 0.0042156863 | AN20: ='2023_2ANO_LP_LTR + ECT'!$AE20/100 -> 0.0038888889 | AO20: =SUM(AK20:AN20) -> 0.01
A21: MUNICIPIO | B21: 01058 | C21: Brasil | D21: 32 | E21: ESPÍRITO SANTO | F21: 000035 | G21: SRE CACHOEIRO DE ITAPEMIRIM | H21: 3203403 | I21: MIMOSO DO SUL | J21: - | K21: - | L21: - | M21: - | N21: 3203403 | O21: 2023 | P21: Municipal | Q21: ENSINO FUNDAMENTAL DE 9 ANOS - 2º ANO | R21: Língua Portuguesa - Escrita e Leitura | S21: 9 | T21: ENSINO FUNDAMENTAL | U21: 313 | V21: 283 | W21: 90.415335 | X21: 670.84882 | Y21: 106.98598 | Z21: Proficiente | AA21: 63,91366906 | AB21: 0.088339223 | AC21: 0.13427562 | AD21: 0.35335689 | AE21: 0.41342756 | AF21: 25 | AG21: 38 | AH21: 100 | AI21: 117 | AK21: ='2023_2ANO_LP_LTR + ECT'!$AB21/100 -> 0.00088339223 | AL21: ='2023_2ANO_LP_LTR + ECT'!$AC21/100 -> 0.0013427562 | AM21: ='2023_2ANO_LP_LTR + ECT'!$AD21/100 -> 0.0035335689 | AN21: ='2023_2ANO_LP_LTR + ECT'!$AE21/100 -> 0.0041342756 | AO21: =SUM(AK21:AN21) -> 0.0098939929 | AP21: ='2023_2ANO_LP_LTR + ECT'!$AF21/SUM('2023_2ANO_LP_LTR + ECT'!$AF21:$AI21) -> 0.089285714
A22: MUNICIPIO | B22: 01058 | C22: Brasil | D22: 32 | E22: ESPÍRITO SANTO | F22: 000035 | G22: SRE CACHOEIRO DE ITAPEMIRIM | H22: 3203809 | I22: MUQUI | J22: - | K22: - | L22: - | M22: - | N22: 3203809 | O22: 2023 | P22: Municipal | Q22: ENSINO FUNDAMENTAL DE 9 ANOS - 2º ANO | R22: Língua Portuguesa - Escrita e Leitura | S22: 9 | T22: ENSINO FUNDAMENTAL | U22: 156 | V22: 152 | W22: 97.435897 | X22: 648.44273 | Y22: 107.48467 | Z22: Proficiente | AA22: 60,13245033 | AB22: 0.10526316 | AC22: 0.19736842 | AD22: 0.33552632 | AE22: 0.36184211 | AF22: 16 | AG22: 30 | AH22: 51 | AI22: 55 | AK22: ='2023_2ANO_LP_LTR + ECT'!$AB22/100 -> 0.0010526316 | AL22: ='2023_2ANO_LP_LTR + ECT'!$AC22/100 -> 0.0019736842 | AM22: ='2023_2ANO_LP_LTR + ECT'!$AD22/100 -> 0.0033552632 | AN22: ='2023_2ANO_LP_LTR + ECT'!$AE22/100 -> 0.0036184211 | AO22: =SUM(AK22:AN22) -> 0.01
A23: MUNICIPIO | B23: 01058 | C23: Brasil | D23: 32 | E23: ESPÍRITO SANTO | F23: 000035 | G23: SRE CACHOEIRO DE ITAPEMIRIM | H23: 3204302 | I23: PRESIDENTE KENNEDY | J23: - | K23: - | L23: - | M23: - | N23: 3204302 | O23: 2023 | P23: Municipal | Q23: ENSINO FUNDAMENTAL DE 9 ANOS - 2º ANO | R23: Língua Portuguesa - Escrita e Leitura | S23: 9 | T23: ENSINO FUNDAMENTAL | U23: 228 | V23: 211 | W23: 92.54386 | X23: 648.70183 | Y23: 110.41262 | Z23: Proficiente | AA23: 62,14462889 | AB23: 0.09478673 | AC23: 0.17535545 | AD23: 0.40758294 | AE23: 0.32227488 | AF23: 20 | AG23: 37 | AH23: 86 | AI23: 68 | AK23: ='2023_2ANO_LP_LTR + ECT'!$AB23/100 -> 0.0009478673 | AL23: ='2023_2ANO_LP_LTR + ECT'!$AC23/100 -> 0.0017535545 | AM23: ='2023_2ANO_LP_LTR + ECT'!$AD23/100 -> 0.0040758294 | AN23: ='2023_2ANO_LP_LTR + ECT'!$AE23/100 -> 0.0032227488 | AO23: =SUM(AK23:AN23) -> 0.01
A24: MUNICIPIO | B24: 01058 | C24: Brasil | D24: 32 | E24: ESPÍRITO SANTO | F24: 000035 | G24: SRE CACHOEIRO DE ITAPEMIRIM | H24: 3204401 | I24: RIO NOVO DO SUL | J24: - | K24: - | L24: - | M24: - | N24: 3204401 | O24: 2023 | P24: Municipal | Q24: ENSINO FUNDAMENTAL DE 9 ANOS - 2º ANO | R24: Língua Portuguesa - Escrita e Leitura | S24: 9 | T24: ENSINO FUNDAMENTAL | U24: 145 | V24: 133 | W24: 91.724138 | X24: 700.08429 | Y24: 109.70424 | Z24: Proficiente | AA24: 68,64227396 | AB24: 0.067669173 | AC24: 0.052631579 | AD24: 0.32330827 | AE24: 0.55639098 | AF24: 9 | AG24: 7 | AH24: 43 | AI24: 74 | AK24: ='2023_2ANO_LP_LTR + ECT'!$AB24/100 -> 0.00067669173 | AL24: ='2023_2ANO_LP_LTR + ECT'!$AC24/100 -> 0.00052631579 | AM24: ='2023_2ANO_LP_LTR + ECT'!$AD24/100 -> 0.0032330827 | AN24: ='2023_2ANO_LP_LTR + ECT'!$AE24/100 -> 0.0055639098 | AO24: =SUM(AK24:AN24) -> 0.01
A25: MUNICIPIO | B25: 01058 | C25: Brasil | D25: 32 | E25: ESPÍRITO SANTO | F25: 000035 | G25: SRE CACHOEIRO DE ITAPEMIRIM | H25: 3205036 | I25: VARGEM ALTA | J25: - | K25: - | L25: - | M25: - | N25: 3205036 | O25: 2023 | P25: Municipal | Q25: ENSINO FUNDAMENTAL DE 9 ANOS - 2º ANO | R25: Língua Portuguesa - Escrita e Leitura | S25: 9 | T25: ENSINO FUNDAMENTAL | U25: 305 | V25: 274 | W25: 89.836066 | X25: 662.07547 | Y25: 113.07488 | Z25: Proficiente | AA25: 59,59507042 | AB25: 0.10218978 | AC25: 0.1350365 | AD25: 0.37956204 | AE25: 0.38321168 | AF25: 28 | AG25: 37 | AH25: 104 | AI25: 105 | AK25: ='2023_2ANO_LP_LTR + ECT'!$AB25/100 -> 0.0010218978 | AL25: ='2023_2ANO_LP_LTR + ECT'!$AC25/100 -> 0.001350365 | AM25: ='2023_2ANO_LP_LTR + ECT'!$AD25/100 -> 0.0037956204 | AN25: ='2023_2ANO_LP_LTR + ECT'!$AE25/100 -> 0.0038321168 | AO25: =SUM(AK25:AN25) -> 0.01
A26: MUNICIPIO | B26: 01058 | C26: Brasil | D26: 32 | E26: ESPÍRITO SANTO | F26: 000027 | G26: SRE CARAPINA | H26: 3202207 | I26: FUNDAO | J26: - | K26: - | L26: - | M26: - | N26: 3202207 | O26: 2023 | P26: Municipal | Q26: ENSINO FUNDAMENTAL DE 9 ANOS - 2º ANO | R26: Língua Portuguesa - Escrita e Leitura | S26: 9 | T26: ENSINO FUNDAMENTAL | U26: 256 | V26: 222 | W26: 86.71875 | X26: 637.99642 | Y26: 116.5006 | Z26: Proficiente | AA26: 57,26292710 | AB26: 0.13963964 | AC26: 0.17117117 | AD26: 0.38738739 | AE26: 0.3018018 | AF26: 31 | AG26: 38 | AH26: 86 | AI26: 67 | AK26: ='2023_2ANO_LP_LTR + ECT'!$AB26/100 -> 0.0013963964 | AL26: ='2023_2ANO_LP_LTR + ECT'!$AC26/100 -> 0.0017117117 | AM26: ='2023_2ANO_LP_LTR + ECT'!$AD26/100 -> 0.0038738739 | AN26: ='2023_2ANO_LP_LTR + ECT'!$AE26/100 -> 0.003018018 | AO26: =SUM(AK26:AN26) -> 0.01
A27: MUNICIPIO | B27: 01058 | C27: Brasil | D27: 32 | E27: ESPÍRITO SANTO | F27: 000027 | G27: SRE CARAPINA | H27: 3204609 | I27: SANTA TERESA | J27: - | K27: - | L27: - | M27: - | N27: 3204609 | O27: 2023 | P27: Municipal | Q27: ENSINO FUNDAMENTAL DE 9 ANOS - 2º ANO | R27: Língua Portuguesa - Escrita e Leitura | S27: 9 | T27: ENSINO FUNDAMENTAL | U27: 215 | V27: 185 | W27: 86.046512 | X27: 704.1673 | Y27: 102.67111 | Z27: Avançado | AA27: 66,24783362 | AB27: 0.048648649 | AC27: 0.064864865 | AD27: 0.33513514 | AE27: 0.55135135 | AF27: 9 | AG27: 12 | AH27: 62 | AI27: 102 | AK27: ='2023_2ANO_LP_LTR + ECT'!$AB27/100 -> 0.00048648649 | AL27: ='2023_2ANO_LP_LTR + ECT'!$AC27/100 -> 0.00064864865 | AM27: ='2023_2ANO_LP_LTR + ECT'!$AD27/100 -> 0.0033513514 | AN27: ='2023_2ANO_LP_LTR + ECT'!$AE27/100 -> 0.0055135135 | AO27: =SUM(AK27:AN27) -> 0.01
A28: MUNICIPIO | B28: 01058 | C28: Brasil | D28: 32 | E28: ESPÍRITO SANTO | F28: 000027 | G28: SRE CARAPINA | H28: 3205002 | I28: SERRA | J28: - | K28: - | L28: - | M28: - | N28: 3205002 | O28: 2023 | P28: Municipal | Q28: ENSINO FUNDAMENTAL DE 9 ANOS - 2º ANO | R28: Língua Portuguesa - Escrita e Leitura | S28: 9 | T28: ENSINO FUNDAMENTAL | U28: 6645 | V28: 5731 | W28: 86.245297 | X28: 633.07706 | Y28: 109.10413 | Z28: Proficiente | AA28: 54,88332260 | AB28: 0.14238353 | AC28: 0.18112022 | AD28: 0.39626592 | AE28: 0.28023033 | AF28: 816 | AG28: 1038 | AH28: 2271 | AI28: 1606 | AK28: ='2023_2ANO_LP_LTR + ECT'!$AB28/100 -> 0.0014238353 | AL28: ='2023_2ANO_LP_LTR + ECT'!$AC28/100 -> 0.0018112022 | AM28: ='2023_2ANO_LP_LTR + ECT'!$AD28/100 -> 0.0039626592 | AN28: ='2023_2ANO_LP_LTR + ECT'!$AE28/100 -> 0.0028023033 | AO28: =SUM(AK28:AN28) -> 0.01
A29: MUNICIPIO | B29: 01058 | C29: Brasil | D29: 32 | E29: ESPÍRITO SANTO | F29: 000027 | G29: SRE CARAPINA | H29: 3205309 | I29: VITORIA | J29: - | K29: - | L29: - | M29: - | N29: 3205309 | O29: 2023 | P29: Municipal | Q29: ENSINO FUNDAMENTAL DE 9 ANOS - 2º ANO | R29: Língua Portuguesa - Escrita e Leitura | S29: 9 | T29: ENSINO FUNDAMENTAL | U29: 3090 | V29: 2829 | W29: 91.553398 | X29: 652.26692 | Y29: 103.36162 | Z29: Proficiente | AA29: 60,14199218 | AB29: 0.10109579 | AC29: 0.15800636 | AD29: 0.39483917 | AE29: 0.34464475 | AF29: 286 | AG29: 447 | AH29: 1117 | AI29: 975 | AK29: ='2023_2ANO_LP_LTR + ECT'!$AB29/100 -> 0.0010109579 | AL29: ='2023_2ANO_LP_LTR + ECT'!$AC29/100 -> 0.0015800636 | AM29: ='2023_2ANO_LP_LTR + ECT'!$AD29/100 -> 0.0039483917 | AN29: ='2023_2ANO_LP_LTR + ECT'!$AE29/100 -> 0.0034464475 | AO29: =SUM(AK29:AN29) -> 0.0099858607 | AP29: ='2023_2ANO_LP_LTR + ECT'!$AF29/SUM('2023_2ANO_LP_LTR + ECT'!$AF29:$AI29) -> 0.10123894
A30: MUNICIPIO | B30: 01058 | C30: Brasil | D30: 32 | E30: ESPÍRITO SANTO | F30: 000029 | G30: SRE CARIACICA | H30: 3201308 | I30: CARIACICA | J30: - | K30: - | L30: - | M30: - | N30: 3201308 | O30: 2023 | P30: Municipal | Q30: ENSINO FUNDAMENTAL DE 9 ANOS - 2º ANO | R30: Língua Portuguesa - Escrita e Leitura | S30: 9 | T30: ENSINO FUNDAMENTAL | U30: 5298 | V30: 4640 | W30: 87.580219 | X30: 633.17489 | Y30: 112.597 | Z30: Proficiente | AA30: 57,01880826 | AB30: 0.15280172 | AC30: 0.19073276 | AD30: 0.35538793 | AE30: 0.30107759 | AF30: 709 | AG30: 885 | AH30: 1649 | AI30: 1397 | AK30: ='2023_2ANO_LP_LTR + ECT'!$AB30/100 -> 0.0015280172 | AL30: ='2023_2ANO_LP_LTR + ECT'!$AC30/100 -> 0.0019073276 | AM30: ='2023_2ANO_LP_LTR + ECT'!$AD30/100 -> 0.0035538793 | AN30: ='2023_2ANO_LP_LTR + ECT'!$AE30/100 -> 0.0030107759 | AO30: =SUM(AK30:AN30) -> 0.01
A31: MUNICIPIO | B31: 01058 | C31: Brasil | D31: 32 | E31: ESPÍRITO SANTO | F31: 000029 | G31: SRE CARIACICA | H31: 3203346 | I31: MARECHAL FLORIANO | J31: - | K31: - | L31: - | M31: - | N31: 3203346 | O31: 2023 | P31: Municipal | Q31: ENSINO FUNDAMENTAL DE 9 ANOS - 2º ANO | R31: Língua Portuguesa - Escrita e Leitura | S31: 9 | T31: ENSINO FUNDAMENTAL | U31: 282 | V31: 255 | W31: 90.425532 | X31: 685.91818 | Y31: 97.883616 | Z31: Proficiente | AA31: 61,84251969 | AB31: 0.050980392 | AC31: 0.074509804 | AD31: 0.40784314 | AE31: 0.46666667 | AF31: 13 | AG31: 19 | AH31: 104 | AI31: 119 | AK31: ='2023_2ANO_LP_LTR + ECT'!$AB31/100 -> 0.00050980392 | AL31: ='2023_2ANO_LP_LTR + ECT'!$AC31/100 -> 0.00074509804 | AM31: ='2023_2ANO_LP_LTR + ECT'!$AD31/100 -> 0.0040784314 | AN31: ='2023_2ANO_LP_LTR + ECT'!$AE31/100 -> 0.0046666667 | AO31: =SUM(AK31:AN31) -> 0.01
A32: MUNICIPIO | B32: 01058 | C32: Brasil | D32: 32 | E32: ESPÍRITO SANTO | F32: 000029 | G32: SRE CARIACICA | H32: 3204500 | I32: SANTA LEOPOLDINA | J32: - | K32: - | L32: - | M32: - | N32: 3204500 | O32: 2023 | P32: Municipal | Q32: ENSINO FUNDAMENTAL DE 9 ANOS - 2º ANO | R32: Língua Portuguesa - Escrita e Leitura | S32: 9 | T32: ENSINO FUNDAMENTAL | U32: 169 | V32: 158 | W32: 93.491124 | X32: 700.39673 | Y32: 118.48697 | Z32: Proficiente | AA32: 67,84888204 | AB32: 0.088607595 | AC32: 0.056962025 | AD32: 0.28481013 | AE32: 0.56962025 | AF32: 14 | AG32: 9 | AH32: 45 | AI32: 90 | AK32: ='2023_2ANO_LP_LTR + ECT'!$AB32/100 -> 0.00088607595 | AL32: ='2023_2ANO_LP_LTR + ECT'!$AC32/100 -> 0.00056962025 | AM32: ='2023_2ANO_LP_LTR + ECT'!$AD32/100 -> 0.0028481013 | AN32: ='2023_2ANO_LP_LTR + ECT'!$AE32/100 -> 0.0056962025 | AO32: =SUM(AK32:AN32) -> 0.01
A33: MUNICIPIO | B33: 01058 | C33: Brasil | D33: 32 | E33: ESPÍRITO SANTO | F33: 000029 | G33: SRE CARIACICA | H33: 3205101 | I33: VIANA | J33: - | K33: - | L33: - | M33: - | N33: 3205101 | O33: 2023 | P33: Municipal | Q33: ENSINO FUNDAMENTAL DE 9 ANOS - 2º ANO | R33: Língua Portuguesa - Escrita e Leitura | S33: 9 | T33: ENSINO FUNDAMENTAL | U33: 1267 | V33: 1146 | W33: 90.449882 | X33: 670.62029 | Y33: 109.24176 | Z33: Proficiente | AA33: 63,59395279 | AB33: 0.10122164 | AC33: 0.13438045 | AD33: 0.32286213 | AE33: 0.44153578 | AF33: 116 | AG33: 154 | AH33: 370 | AI33: 506 | AK33: ='2023_2ANO_LP_LTR + ECT'!$AB33/100 -> 0.0010122164 | AL33: ='2023_2ANO_LP_LTR + ECT'!$AC33/100 -> 0.0013438045 | AM33: ='2023_2ANO_LP_LTR + ECT'!$AD33/100 -> 0.0032286213 | AN33: ='2023_2ANO_LP_LTR + ECT'!$AE33/100 -> 0.0044153578 | AO33: =SUM(AK33:AN33) -> 0.01
A34: MUNICIPIO | B34: 01058 | C34: Brasil | D34: 32 | E34: ESPÍRITO SANTO | F34: 000034 | G34: SRE COLATINA | H34: 3200359 | I34: ALTO RIO NOVO | J34: - | K34: - | L34: - | M34: - | N34: 3200359 | O34: 2023 | P34: Municipal | Q34: ENSINO FUNDAMENTAL DE 9 ANOS - 2º ANO | R34: Língua Portuguesa - Escrita e Leitura | S34: 9 | T34: ENSINO FUNDAMENTAL | U34: 115 | V34: 107 | W34: 93.043478 | X34: 649.14175 | Y34: 120.8885 | Z34: Proficiente | AA34: 65,34579439 | AB34: 0.1588785 | AC34: 0.14018692 | AD34: 0.28037383 | AE34: 0.42056075 | AF34: 17 | AG34: 15 | AH34: 30 | AI34: 45 | AK34: ='2023_2ANO_LP_LTR + ECT'!$AB34/100 -> 0.001588785 | AL34: ='2023_2ANO_LP_LTR + ECT'!$AC34/100 -> 0.0014018692 | AM34: ='2023_2ANO_LP_LTR + ECT'!$AD34/100 -> 0.0028037383 | AN34: ='2023_2ANO_LP_LTR + ECT'!$AE34/100 -> 0.0042056075 | AO34: =SUM(AK34:AN34) -> 0.01
A35: MUNICIPIO | B35: 01058 | C35: Brasil | D35: 32 | E35: ESPÍRITO SANTO | F35: 000034 | G35: SRE COLATINA | H35: 3200805 | I35: BAIXO GUANDU | J35: - | K35: - | L35: - | M35: - | N35: 3200805 | O35: 2023 | P35: Municipal | Q35: ENSINO FUNDAMENTAL DE 9 ANOS - 2º ANO | R35: Língua Portuguesa - Escrita e Leitura | S35: 9 | T35: ENSINO FUNDAMENTAL | U35: 376 | V35: 328 | W35: 87.234043 | X35: 659.98338 | Y35: 103.24338 | Z35: Proficiente | AA35: 63,17106745 | AB35: 0.11585366 | AC35: 0.13719512 | AD35: 0.34756098 | AE35: 0.39939024 | AF35: 38 | AG35: 45 | AH35: 114 | AI35: 131 | AK35: ='2023_2ANO_LP_LTR + ECT'!$AB35/100 -> 0.0011585366 | AL35: ='2023_2ANO_LP_LTR + ECT'!$AC35/100 -> 0.0013719512 | AM35: ='2023_2ANO_LP_LTR + ECT'!$AD35/100 -> 0.0034756098 | AN35: ='2023_2ANO_LP_LTR + ECT'!$AE35/100 -> 0.0039939024 | AO35: =SUM(AK35:AN35) -> 0.01
A36: MUNICIPIO | B36: 01058 | C36: Brasil | D36: 32 | E36: ESPÍRITO SANTO | F36: 000034 | G36: SRE COLATINA | H36: 3201506 | I36: COLATINA | J36: - | K36: - | L36: - | M36: - | N36: 3201506 | O36: 2023 | P36: Municipal | Q36: ENSINO FUNDAMENTAL DE 9 ANOS - 2º ANO | R36: Língua Portuguesa - Escrita e Leitura | S36: 9 | T36: ENSINO FUNDAMENTAL | U36: 1378 | V36: 1199 | W36: 87.01016 | X36: 675.54745 | Y36: 113.42734 | Z36: Proficiente | AA36: 61,20481118 | AB36: 0.10341952 | AC36: 0.10675563 | AD36: 0.32193495 | AE36: 0.46788991 | AF36: 124 | AG36: 128 | AH36: 386 | AI36: 561 | AK36: ='2023_2ANO_LP_LTR + ECT'!$AB36/100 -> 0.0010341952 | AL36: ='2023_2ANO_LP_LTR + ECT'!$AC36/100 -> 0.0010675563 | AM36: ='2023_2ANO_LP_LTR + ECT'!$AD36/100 -> 0.0032193495 | AN36: ='2023_2ANO_LP_LTR + ECT'!$AE36/100 -> 0.0046788991 | AO36: =SUM(AK36:AN36) -> 0.01
A37: MUNICIPIO | B37: 01058 | C37: Brasil | D37: 32 | E37: ESPÍRITO SANTO | F37: 000034 | G37: SRE COLATINA | H37: 3202256 | I37: GOVERNADOR LINDENBERG | J37: - | K37: - | L37: - | M37: - | N37: 3202256 | O37: 2023 | P37: Municipal | Q37: ENSINO FUNDAMENTAL DE 9 ANOS - 2º ANO | R37: Língua Portuguesa - Escrita e Leitura | S37: 9 | T37: ENSINO FUNDAMENTAL | U37: 90 | V37: 82 | W37: 91.111111 | X37: 624.37225 | Y37: 119.59435 | Z37: Proficiente | AA37: 60,20000000 | AB37: 0.19512195 | AC37: 0.15853659 | AD37: 0.42682927 | AE37: 0.2195122 | AF37: 16 | AG37: 13 | AH37: 35 | AI37: 18 | AK37: ='2023_2ANO_LP_LTR + ECT'!$AB37/100 -> 0.0019512195 | AL37: ='2023_2ANO_LP_LTR + ECT'!$AC37/100 -> 0.0015853659 | AM37: ='2023_2ANO_LP_LTR + ECT'!$AD37/100 -> 0.0042682927 | AN37: ='2023_2ANO_LP_LTR + ECT'!$AE37/100 -> 0.002195122 | AO37: =SUM(AK37:AN37) -> 0.01
A38: MUNICIPIO | B38: 01058 | C38: Brasil | D38: 32 | E38: ESPÍRITO SANTO | F38: 000034 | G38: SRE COLATINA | H38: 3202702 | I38: ITAGUACU | J38: - | K38: - | L38: - | M38: - | N38: 3202702 | O38: 2023 | P38: Municipal | Q38: ENSINO FUNDAMENTAL DE 9 ANOS - 2º ANO | R38: Língua Portuguesa - Escrita e Leitura | S38: 9 | T38: ENSINO FUNDAMENTAL | U38: 139 | V38: 128 | W38: 92.086331 | X38: 668.49994 | Y38: 117.89931 | Z38: Proficiente | AA38: 59,50726469 | AB38: 0.1015625 | AC38: 0.140625 | AD38: 0.3203125 | AE38: 0.4375 | AF38: 13 | AG38: 18 | AH38: 41 | AI38: 56 | AK38: ='2023_2ANO_LP_LTR + ECT'!$AB38/100 -> 0.001015625 | AL38: ='2023_2ANO_LP_LTR + ECT'!$AC38/100 -> 0.00140625 | AM38: ='2023_2ANO_LP_LTR + ECT'!$AD38/100 -> 0.003203125 | AN38: ='2023_2ANO_LP_LTR + ECT'!$AE38/100 -> 0.004375 | AO38: =SUM(AK38:AN38) -> 0.01
A39: MUNICIPIO | B39: 01058 | C39: Brasil | D39: 32 | E39: ESPÍRITO SANTO | F39: 000034 | G39: SRE COLATINA | H39: 3202900 | I39: ITARANA | J39: - | K39: - | L39: - | M39: - | N39: 3202900 | O39: 2023 | P39: Municipal | Q39: ENSINO FUNDAMENTAL DE 9 ANOS - 2º ANO | R39: Língua Portuguesa - Escrita e Leitura | S39: 9 | T39: ENSINO FUNDAMENTAL | U39: 107 | V39: 100 | W39: 93.457944 | X39: 687.70148 | Y39: 108.05316 | Z39: Proficiente | AA39: 61,93814433 | AB39: 0.07 | AC39: 0.08 | AD39: 0.4 | AE39: 0.45 | AF39: 7 | AG39: 8 | AH39: 40 | AI39: 45 | AK39: ='2023_2ANO_LP_LTR + ECT'!$AB39/100 -> 0.0007 | AL39: ='2023_2ANO_LP_LTR + ECT'!$AC39/100 -> 0.0008 | AM39: ='2023_2ANO_LP_LTR + ECT'!$AD39/100 -> 0.004 | AN39: ='2023_2ANO_LP_LTR + ECT'!$AE39/100 -> 0.0045 | AO39: =SUM(AK39:AN39) -> 0.01
A40: MUNICIPIO | B40: 01058 | C40: Brasil | D40: 32 | E40: ESPÍRITO SANTO | F40: 000034 | G40: SRE COLATINA | H40: 3203353 | I40: MARILANDIA | J40: - | K40: - | L40: - | M40: - | N40: 3203353 | O40: 2023 | P40: Municipal | Q40: ENSINO FUNDAMENTAL DE 9 ANOS - 2º ANO | R40: Língua Portuguesa - Escrita e Leitura | S40: 9 | T40: ENSINO FUNDAMENTAL | U40: 186 | V40: 173 | W40: 93.010753 | X40: 681.2444 | Y40: 112.73465 | Z40: Proficiente | AA40: 64,40000000 | AB40: 0.086705202 | AC40: 0.13294798 | AD40: 0.2716763 | AE40: 0.50867052 | AF40: 15 | AG40: 23 | AH40: 47 | AI40: 88 | AK40: ='2023_2ANO_LP_LTR + ECT'!$AB40/100 -> 0.00086705202 | AL40: ='2023_2ANO_LP_LTR + ECT'!$AC40/100 -> 0.0013294798 | AM40: ='2023_2ANO_LP_LTR + ECT'!$AD40/100 -> 0.002716763 | AN40: ='2023_2ANO_LP_LTR + ECT'!$AE40/100 -> 0.0050867052 | AO40: =SUM(AK40:AN40) -> 0.01
A41: MUNICIPIO | B41: 01058 | C41: Brasil | D41: 32 | E41: ESPÍRITO SANTO | F41: 000034 | G41: SRE COLATINA | H41: 3204005 | I41: PANCAS | J41: - | K41: - | L41: - | M41: - | N41: 3204005 | O41: 2023 | P41: Municipal | Q41: ENSINO FUNDAMENTAL DE 9 ANOS - 2º ANO | R41: Língua Portuguesa - Escrita e Leitura | S41: 9 | T41: ENSINO FUNDAMENTAL | U41: 201 | V41: 186 | W41: 92.537313 | X41: 675.01481 | Y41: 94.269671 | Z41: Proficiente | AA41: 65,73441973 | AB41: 0.069892473 | AC41: 0.11290323 | AD41: 0.39784946 | AE41: 0.41935484 | AF41: 13 | AG41: 21 | AH41: 74 | AI41: 78 | AK41: ='2023_2ANO_LP_LTR + ECT'!$AB41/100 -> 0.00069892473 | AL41: ='2023_2ANO_LP_LTR + ECT'!$AC41/100 -> 0.0011290323 | AM41: ='2023_2ANO_LP_LTR + ECT'!$AD41/100 -> 0.0039784946 | AN41: ='2023_2ANO_LP_LTR + ECT'!$AE41/100 -> 0.0041935484 | AO41: =SUM(AK41:AN41) -> 0.01
... A64: MUNICIPIO | B64: 01058 | C64: Brasil | D64: 32 | E64: ESPÍRITO SANTO | F64: 000033 | G64: SRE NOVA VENECIA | H64: 3203601 | I64: MUCURICI | J64: - | K64: - | L64: - | M64: - | N64: 3203601 | O64: 2023 | P64: Municipal | Q64: ENSINO FUNDAMENTAL DE 9 ANOS - 2º ANO | R64: Língua Portuguesa - Escrita e Leitura | S64: 9 | T64: ENSINO FUNDAMENTAL | U64: 89 | V64: 85 | W64: 95.505618 | X64: 696.55096 | Y64: 117.57838 | Z64: Proficiente | AA64: 66,26154594 | AB64: 0.082352941 | AC64: 0.070588235 | AD64: 0.27058824 | AE64: 0.57647059 | AF64: 7 | AG64: 6 | AH64: 23 | AI64: 49 | AK64: ='2023_2ANO_LP_LTR + ECT'!$AB64/100 -> 0.00082352941 | AL64: ='2023_2ANO_LP_LTR + ECT'!$AC64/100 -> 0.00070588235 | AM64: ='2023_2ANO_LP_LTR + ECT'!$AD64/100 -> 0.0027058824 | AN64: ='2023_2ANO_LP_LTR + ECT'!$AE64/100 -> 0.0057647059 | AO64: =SUM(AK64:AN64) -> 0.01
A65: MUNICIPIO | B65: 01058 | C65: Brasil | D65: 32 | E65: ESPÍRITO SANTO | F65: 000033 | G65: SRE NOVA VENECIA | H65: 3203908 | I65: NOVA VENECIA | J65: - | K65: - | L65: - | M65: - | N65: 3203908 | O65: 2023 | P65: Municipal | Q65: ENSINO FUNDAMENTAL DE 9 ANOS - 2º ANO | R65: Língua Portuguesa - Escrita e Leitura | S65: 9 | T65: ENSINO FUNDAMENTAL | U65: 689 | V65: 621 | W65: 90.130624 | X65: 695.40109 | Y65: 96.377069 | Z65: Proficiente | AA65: 65,39645125 | AB65: 0.043478261 | AC65: 0.08373591 | AD65: 0.36553945 | AE65: 0.50563607 | AF65: 27 | AG65: 52 | AH65: 227 | AI65: 314 | AK65: ='2023_2ANO_LP_LTR + ECT'!$AB65/100 -> 0.00043478261 | AL65: ='2023_2ANO_LP_LTR + ECT'!$AC65/100 -> 0.0008373591 | AM65: ='2023_2ANO_LP_LTR + ECT'!$AD65/100 -> 0.0036553945 | AN65: ='2023_2ANO_LP_LTR + ECT'!$AE65/100 -> 0.0050563607 | AO65: =SUM(AK65:AN65) -> 0.0099838969 | AP65: ='2023_2ANO_LP_LTR + ECT'!$AF65/SUM('2023_2ANO_LP_LTR + ECT'!$AF65:$AI65) -> 0.043548387
A66: MUNICIPIO | B66: 01058 | C66: Brasil | D66: 32 | E66: ESPÍRITO SANTO | F66: 000033 | G66: SRE NOVA VENECIA | H66: 3204104 | I66: PINHEIROS | J66: - | K66: - | L66: - | M66: - | N66: 3204104 | O66: 2023 | P66: Municipal | Q66: ENSINO FUNDAMENTAL DE 9 ANOS - 2º ANO | R66: Língua Portuguesa - Escrita e Leitura | S66: 9 | T66: ENSINO FUNDAMENTAL | U66: 316 | V66: 285 | W66: 90.189873 | X66: 685.99206 | Y66: 104.27552 | Z66: Proficiente | AA66: 63,86306002 | AB66: 0.080701754 | AC66: 0.087719298 | AD66: 0.32280702 | AE66: 0.50877193 | AF66: 23 | AG66: 25 | AH66: 92 | AI66: 145 | AK66: ='2023_2ANO_LP_LTR + ECT'!$AB66/100 -> 0.00080701754 | AL66: ='2023_2ANO_LP_LTR + ECT'!$AC66/100 -> 0.00087719298 | AM66: ='2023_2ANO_LP_LTR + ECT'!$AD66/100 -> 0.0032280702 | AN66: ='2023_2ANO_LP_LTR + ECT'!$AE66/100 -> 0.0050877193 | AO66: =SUM(AK66:AN66) -> 0.01
A67: MUNICIPIO | B67: 01058 | C67: Brasil | D67: 32 | E67: ESPÍRITO SANTO | F67: 000033 | G67: SRE NOVA VENECIA | H67: 3204252 | I67: PONTO BELO | J67: - | K67: - | L67: - | M67: - | N67: 3204252 | O67: 2023 | P67: Municipal | Q67: ENSINO FUNDAMENTAL DE 9 ANOS - 2º ANO | R67: Língua Portuguesa - Escrita e Leitura | S67: 9 | T67: ENSINO FUNDAMENTAL | U67: 94 | V67: 84 | W67: 89.361702 | X67: 721.16752 | Y67: 83.137432 | Z67: Avançado | AA67: 74,96382055 | AB67: 0 | AC67: 0.071428571 | AD67: 0.32142857 | AE67: 0.60714286 | AF67: 0 | AG67: 6 | AH67: 27 | AI67: 51 | AK67: ='2023_2ANO_LP_LTR + ECT'!$AB67/100 -> 0 | AL67: ='2023_2ANO_LP_LTR + ECT'!$AC67/100 -> 0.00071428571 | AM67: ='2023_2ANO_LP_LTR + ECT'!$AD67/100 -> 0.0032142857 | AN67: ='2023_2ANO_LP_LTR + ECT'!$AE67/100 -> 0.0060714286 | AO67: =SUM(AK67:AN67) -> 0.01
A68: MUNICIPIO | B68: 01058 | C68: Brasil | D68: 32 | E68: ESPÍRITO SANTO | F68: 000033 | G68: SRE NOVA VENECIA | H68: 3204708 | I68: SAO GABRIEL DA PALHA | J68: - | K68: - | L68: - | M68: - | N68: 3204708 | O68: 2023 | P68: Municipal | Q68: ENSINO FUNDAMENTAL DE 9 ANOS - 2º ANO | R68: Língua Portuguesa - Escrita e Leitura | S68: 9 | T68: ENSINO FUNDAMENTAL | U68: 393 | V68: 362 | W68: 92.111959 | X68: 672.02469 | Y68: 114.72743 | Z68: Proficiente | AA68: 61,39722347 | AB68: 0.11325967 | AC68: 0.077348066 | AD68: 0.37016575 | AE68: 0.43922652 | AF68: 41 | AG68: 28 | AH68: 134 | AI68: 159 | AK68: ='2023_2ANO_LP_LTR + ECT'!$AB68/100 -> 0.0011325967 | AL68: ='2023_2ANO_LP_LTR + ECT'!$AC68/100 -> 0.00077348066 | AM68: ='2023_2ANO_LP_LTR + ECT'!$AD68/100 -> 0.0037016575 | AN68: ='2023_2ANO_LP_LTR + ECT'!$AE68/100 -> 0.0043922652 | AO68: =SUM(AK68:AN68) -> 0.01
A69: MUNICIPIO | B69: 01058 | C69: Brasil | D69: 32 | E69: ESPÍRITO SANTO | F69: 000033 | G69: SRE NOVA VENECIA | H69: 3205150 | I69: VILA PAVAO | J69: - | K69: - | L69: - | M69: - | N69: 3205150 | O69: 2023 | P69: Municipal | Q69: ENSINO FUNDAMENTAL DE 9 ANOS - 2º ANO | R69: Língua Portuguesa - Escrita e Leitura | S69: 9 | T69: ENSINO FUNDAMENTAL | U69: 123 | V69: 114 | W69: 92.682927 | X69: 677.5055 | Y69: 115.01516 | Z69: Proficiente | AA69: 60,21052632 | AB69: 0.087719298 | AC69: 0.096491228 | AD69: 0.4122807 | AE69: 0.40350877 | AF69: 10 | AG69: 11 | AH69: 47 | AI69: 46 | AK69: ='2023_2ANO_LP_LTR + ECT'!$AB69/100 -> 0.00087719298 | AL69: ='2023_2ANO_LP_LTR + ECT'!$AC69/100 -> 0.00096491228 | AM69: ='2023_2ANO_LP_LTR + ECT'!$AD69/100 -> 0.004122807 | AN69: ='2023_2ANO_LP_LTR + ECT'!$AE69/100 -> 0.0040350877 | AO69: =SUM(AK69:AN69) -> 0.01
A70: MUNICIPIO | B70: 01058 | C70: Brasil | D70: 32 | E70: ESPÍRITO SANTO | F70: 000033 | G70: SRE NOVA VENECIA | H70: 3205176 | I70: VILA VALERIO | J70: - | K70: - | L70: - | M70: - | N70: 3205176 | O70: 2023 | P70: Municipal | Q70: ENSINO FUNDAMENTAL DE 9 ANOS - 2º ANO | R70: Língua Portuguesa - Escrita e Leitura | S70: 9 | T70: ENSINO FUNDAMENTAL | U70: 167 | V70: 150 | W70: 89.820359 | X70: 713.81303 | Y70: 111.87314 | Z70: Avançado | AA70: 72,29333333 | AB70: 0.046666667 | AC70: 0.093333333 | AD70: 0.24666667 | AE70: 0.61333333 | AF70: 7 | AG70: 14 | AH70: 37 | AI70: 92 | AK70: ='2023_2ANO_LP_LTR + ECT'!$AB70/100 -> 0.00046666667 | AL70: ='2023_2ANO_LP_LTR + ECT'!$AC70/100 -> 0.00093333333 | AM70: ='2023_2ANO_LP_LTR + ECT'!$AD70/100 -> 0.0024666667 | AN70: ='2023_2ANO_LP_LTR + ECT'!$AE70/100 -> 0.0061333333 | AO70: =SUM(AK70:AN70) -> 0.01
A71: MUNICIPIO | B71: 01058 | C71: Brasil | D71: 32 | E71: ESPÍRITO SANTO | F71: 000031 | G71: SRE SAO MATEUS | H71: 3201605 | I71: CONCEICAO DA BARRA | J71: - | K71: - | L71: - | M71: - | N71: 3201605 | O71: 2023 | P71: Municipal | Q71: ENSINO FUNDAMENTAL DE 9 ANOS - 2º ANO | R71: Língua Portuguesa - Escrita e Leitura | S71: 9 | T71: ENSINO FUNDAMENTAL | U71: 396 | V71: 377 | W71: 95.20202 | X71: 669.31057 | Y71: 103.76406 | Z71: Proficiente | AA71: 62,89771514 | AB71: 0.079575597 | AC71: 0.11671088 | AD71: 0.40848806 | AE71: 0.39522546 | AF71: 30 | AG71: 44 | AH71: 154 | AI71: 149 | AK71: ='2023_2ANO_LP_LTR + ECT'!$AB71/100 -> 0.00079575597 | AL71: ='2023_2ANO_LP_LTR + ECT'!$AC71/100 -> 0.0011671088 | AM71: ='2023_2ANO_LP_LTR + ECT'!$AD71/100 -> 0.0040848806 | AN71: ='2023_2ANO_LP_LTR + ECT'!$AE71/100 -> 0.0039522546 | AO71: =SUM(AK71:AN71) -> 0.01
A72: MUNICIPIO | B72: 01058 | C72: Brasil | D72: 32 | E72: ESPÍRITO SANTO | F72: 000031 | G72: SRE SAO MATEUS | H72: 3203056 | I72: JAGUARE | J72: - | K72: - | L72: - | M72: - | N72: 3203056 | O72: 2023 | P72: Municipal | Q72: ENSINO FUNDAMENTAL DE 9 ANOS - 2º ANO | R72: Língua Portuguesa - Escrita e Leitura | S72: 9 | T72: ENSINO FUNDAMENTAL | U72: 500 | V72: 461 | W72: 92.2 | X72: 670.57052 | Y72: 116.50155 | Z72: Proficiente | AA72: 59,82425308 | AB72: 0.10195228 | AC72: 0.11062907 | AD72: 0.3340564 | AE72: 0.45336226 | AF72: 47 | AG72: 51 | AH72: 154 | AI72: 209 | AK72: ='2023_2ANO_LP_LTR + ECT'!$AB72/100 -> 0.0010195228 | AL72: ='2023_2ANO_LP_LTR + ECT'!$AC72/100 -> 0.0011062907 | AM72: ='2023_2ANO_LP_LTR + ECT'!$AD72/100 -> 0.003340564 | AN72: ='2023_2ANO_LP_LTR + ECT'!$AE72/100 -> 0.0045336226 | AO72: =SUM(AK72:AN72) -> 0.01
A73: MUNICIPIO | B73: 01058 | C73: Brasil | D73: 32 | E73: ESPÍRITO SANTO | F73: 000031 | G73: SRE SAO MATEUS | H73: 3204054 | I73: PEDRO CANARIO | J73: - | K73: - | L73: - | M73: - | N73: 3204054 | O73: 2023 | P73: Municipal | Q73: ENSINO FUNDAMENTAL DE 9 ANOS - 2º ANO | R73: Língua Portuguesa - Escrita e Leitura | S73: 9 | T73: ENSINO FUNDAMENTAL | U73: 343 | V73: 315 | W73: 91.836735 | X73: 668.64978 | Y73: 111.51211 | Z73: Proficiente | AA73: 63,71545548 | AB73: 0.1015873 | AC73: 0.14285714 | AD73: 0.33650794 | AE73: 0.41904762 | AF73: 32 | AG73: 45 | AH73: 106 | AI73: 132 | AK73: ='2023_2ANO_LP_LTR + ECT'!$AB73/100 -> 0.001015873 | AL73: ='2023_2ANO_LP_LTR + ECT'!$AC73/100 -> 0.0014285714 | AM73: ='2023_2ANO_LP_LTR + ECT'!$AD73/100 -> 0.0033650794 | AN73: ='2023_2ANO_LP_LTR + ECT'!$AE73/100 -> 0.0041904762 | AO73: =SUM(AK73:AN73) -> 0.01
A74: MUNICIPIO | B74: 01058 | C74: Brasil | D74: 32 | E74: ESPÍRITO SANTO | F74: 000031 | G74: SRE SAO MATEUS | H74: 3204906 | I74: SAO MATEUS | J74: - | K74: - | L74: - | M74: - | N74: 3204906 | O74: 2023 | P74: Municipal | Q74: ENSINO FUNDAMENTAL DE 9 ANOS - 2º ANO | R74: Língua Portuguesa - Escrita e Leitura | S74: 9 | T74: ENSINO FUNDAMENTAL | U74: 1648 | V74: 1463 | W74: 88.774272 | X74: 650.34479 | Y74: 116.91124 | Z74: Proficiente | AA74: 58,23526146 | AB74: 0.13738893 | AC74: 0.12440191 | AD74: 0.37320574 | AE74: 0.36500342 | AF74: 201 | AG74: 182 | AH74: 546 | AI74: 534 | AK74: ='2023_2ANO_LP_LTR + ECT'!$AB74/100 -> 0.0013738893 | AL74: ='2023_2ANO_LP_LTR + ECT'!$AC74/100 -> 0.0012440191 | AM74: ='2023_2ANO_LP_LTR + ECT'!$AD74/100 -> 0.0037320574 | AN74: ='2023_2ANO_LP_LTR + ECT'!$AE74/100 -> 0.0036500342 | AO74: =SUM(AK74:AN74) -> 0.01
A75: MUNICIPIO | B75: 01058 | C75: Brasil | D75: 32 | E75: ESPÍRITO SANTO | F75: 000028 | G75: SRE VILA VELHA | H75: 3200300 | I75: ALFREDO CHAVES | J75: - | K75: - | L75: - | M75: - | N75: 3200300 | O75: 2023 | P75: Municipal | Q75: ENSINO FUNDAMENTAL DE 9 ANOS - 2º ANO | R75: Língua Portuguesa - Escrita e Leitura | S75: 9 | T75: ENSINO FUNDAMENTAL | U75: 167 | V75: 161 | W75: 96.407186 | X75: 694.76922 | Y75: 111.08918 | Z75: Proficiente | AA75: 65,01863354 | AB75: 0.074534162 | AC75: 0.10559006 | AD75: 0.27950311 | AE75: 0.54037267 | AF75: 12 | AG75: 17 | AH75: 45 | AI75: 87 | AK75: ='2023_2ANO_LP_LTR + ECT'!$AB75/100 -> 0.00074534161 | AL75: ='2023_2ANO_LP_LTR + ECT'!$AC75/100 -> 0.0010559006 | AM75: ='2023_2ANO_LP_LTR + ECT'!$AD75/100 -> 0.0027950311 | AN75: ='2023_2ANO_LP_LTR + ECT'!$AE75/100 -> 0.0054037267 | AO75: =SUM(AK75:AN75) -> 0.01
A76: MUNICIPIO | B76: 01058 | C76: Brasil | D76: 32 | E76: ESPÍRITO SANTO | F76: 000028 | G76: SRE VILA VELHA | H76: 3200409 | I76: ANCHIETA | J76: - | K76: - | L76: - | M76: - | N76: 3200409 | O76: 2023 | P76: Municipal | Q76: ENSINO FUNDAMENTAL DE 9 ANOS - 2º ANO | R76: Língua Portuguesa - Escrita e Leitura | S76: 9 | T76: ENSINO FUNDAMENTAL | U76: 492 | V76: 455 | W76: 92.479675 | X76: 701.70028 | Y76: 100.48945 | Z76: Avançado | AA76: 68,01424755 | AB76: 0.054945055 | AC76: 0.076923077 | AD76: 0.31208791 | AE76: 0.55604396 | AF76: 25 | AG76: 35 | AH76: 142 | AI76: 253 | AK76: ='2023_2ANO_LP_LTR + ECT'!$AB76/100 -> 0.00054945055 | AL76: ='2023_2ANO_LP_LTR + ECT'!$AC76/100 -> 0.00076923077 | AM76: ='2023_2ANO_LP_LTR + ECT'!$AD76/100 -> 0.0031208791 | AN76: ='2023_2ANO_LP_LTR + ECT'!$AE76/100 -> 0.0055604396 | AO76: =SUM(AK76:AN76) -> 0.01
A77: MUNICIPIO | B77: 01058 | C77: Brasil | D77: 32 | E77: ESPÍRITO SANTO | F77: 000028 | G77: SRE VILA VELHA | H77: 3202405 | I77: GUARAPARI | J77: - | K77: - | L77: - | M77: - | N77: 3202405 | O77: 2023 | P77: Municipal | Q77: ENSINO FUNDAMENTAL DE 9 ANOS - 2º ANO | R77: Língua Portuguesa - Escrita e Leitura | S77: 9 | T77: ENSINO FUNDAMENTAL | U77: 1848 | V77: 1637 | W77: 88.582251 | X77: 669.63326 | Y77: 104.82858 | Z77: Proficiente | AA77: 63,60778295 | AB77: 0.087354917 | AC77: 0.12400733 | AD77: 0.36408064 | AE77: 0.42455712 | AF77: 143 | AG77: 203 | AH77: 596 | AI77: 695 | AK77: ='2023_2ANO_LP_LTR + ECT'!$AB77/100 -> 0.00087354917 | AL77: ='2023_2ANO_LP_LTR + ECT'!$AC77/100 -> 0.0012400733 | AM77: ='2023_2ANO_LP_LTR + ECT'!$AD77/100 -> 0.0036408064 | AN77: ='2023_2ANO_LP_LTR + ECT'!$AE77/100 -> 0.0042455712 | AO77: =SUM(AK77:AN77) -> 0.01
... A79: MUNICIPIO | B79: 01058 | C79: Brasil | D79: 32 | E79: ESPÍRITO SANTO | F79: 000028 | G79: SRE VILA VELHA | H79: 3205200 | I79: VILA VELHA | J79: - | K79: - | L79: - | M79: - | N79: 3205200 | O79: 2023 | P79: Municipal | Q79: ENSINO FUNDAMENTAL DE 9 ANOS - 2º ANO | R79: Língua Portuguesa - Escrita e Leitura | S79: 9 | T79: ENSINO FUNDAMENTAL | U79: 4830 | V79: 4245 | W79: 87.888199 | X79: 654.3712 | Y79: 108.36505 | Z79: Proficiente | AA79: 59,69082033 | AB79: 0.11778563 | AC79: 0.12815077 | AD79: 0.38704358 | AE79: 0.36702002 | AF79: 500 | AG79: 544 | AH79: 1643 | AI79: 1558 | AK79: ='2023_2ANO_LP_LTR + ECT'!$AB79/100 -> 0.0011778563 | AL79: ='2023_2ANO_LP_LTR + ECT'!$AC79/100 -> 0.0012815077 | AM79: ='2023_2ANO_LP_LTR + ECT'!$AD79/100 -> 0.0038704358 | AN79: ='2023_2ANO_LP_LTR + ECT'!$AE79/100 -> 0.0036702002 | AO79: =SUM(AK79:AN79) -> 0.01

Sheet 2023_2ANO_MT
A1: Tipo | B1: Código país | C1: País | D1: Código estado | E1: Estado | F1: Código regional | G1: Regional | H1: Código município | I1: Município | J1: Código escola | K1: Escola | L1: Código turma | M1: Turma | N1: Documento | O1: Edição | P1: Rede | Q1: Etapa | R1: Disciplina | S1: CD_ENSINO | T1: DC_ENSINO | U1: Previsto | V1: Efetivo | W1: Participação % | X1: Proficiência | Y1: Desvio Padrão | Z1: Padrão de Desempenho | AA1: Acertos no Teste % | AB1: Abaixo do Básico % | AC1: Básico % | AD1: Proficiente % | AE1: Avançado % | AF1: Abaixo do Básico | AG1: Básico | AH1: Proficiente | AI1: Avançado
A2: MUNICIPIO | B2: 01058 | C2: Brasil | D2: 32 | E2: ESPÍRITO SANTO | F2: 000037 | G2: SRE AFONSO CLAUDIO | H2: 3200102 | I2: AFONSO CLAUDIO | J2: - | K2: - | L2: - | M2: - | N2: 3200102 | O2: 2023 | P2: Municipal | Q2: ENSINO FUNDAMENTAL DE 9 ANOS - 2º ANO | R2: Matemática | S2: 9 | T2: ENSINO FUNDAMENTAL | U2: 313 | V2: 303 | W2: 96.805112 | X2: 580.06916 | Y2: 79.110436 | Z2: Proficiente | AA2: 77,96112945 | AB2: 0.02640264 | AC2: 0.1320132 | AD2: 0.37953795 | AE2: 0.4620462 | AF2: 8 | AG2: 40 | AH2: 115 | AI2: 140 | AK2: ='2023_2ANO_MT'!$AB2/100 -> 0.0002640264 | AL2: ='2023_2ANO_MT'!$AC2/100 -> 0.001320132 | AM2: ='2023_2ANO_MT'!$AD2/100 -> 0.0037953795 | AN2: ='2023_2ANO_MT'!$AE2/100 -> 0.004620462 | AO2: =SUM(AK2:AN2) -> 0.01
A3: MUNICIPIO | B3: 01058 | C3: Brasil | D3: 32 | E3: ESPÍRITO SANTO | F3: 000037 | G3: SRE AFONSO CLAUDIO | H3: 3201159 | I3: BREJETUBA | J3: - | K3: - | L3: - | M3: - | N3: 3201159 | O3: 2023 | P3: Municipal | Q3: ENSINO FUNDAMENTAL DE 9 ANOS - 2º ANO | R3: Matemática | S3: 9 | T3: ENSINO FUNDAMENTAL | U3: 152 | V3: 142 | W3: 93.421053 | X3: 539.26787 | Y3: 79.0988 | Z3: Proficiente | AA3: 69,09233177 | AB3: 0.035211268 | AC3: 0.27464789 | AD3: 0.44366197 | AE3: 0.24647887 | AF3: 5 | AG3: 39 | AH3: 63 | AI3: 35 | AK3: ='2023_2ANO_MT'!$AB3/100 -> 0.00035211268 | AL3: ='2023_2ANO_MT'!$AC3/100 -> 0.0027464789 | AM3: ='2023_2ANO_MT'!$AD3/100 -> 0.0044366197 | AN3: ='2023_2ANO_MT'!$AE3/100 -> 0.0024647887 | AO3: =SUM(AK3:AN3) -> 0.01
A4: MUNICIPIO | B4: 01058 | C4: Brasil | D4: 32 | E4: ESPÍRITO SANTO | F4: 000037 | G4: SRE AFONSO CLAUDIO | H4: 3201704 | I4: CONCEICAO DO CASTELO | J4: - | K4: - | L4: - | M4: - | N4: 3201704 | O4: 2023 | P4: Municipal | Q4: ENSINO FUNDAMENTAL DE 9 ANOS - 2º ANO | R4: Matemática | S4: 9 | T4: ENSINO FUNDAMENTAL | U4: 171 | V4: 166 | W4: 97.076023 | X4: 569.79034 | Y4: 74.541073 | Z4: Proficiente | AA4: 75,00000000 | AB4: 0.018072289 | AC4: 0.1626506 | AD4: 0.42771084 | AE4: 0.39156627 | AF4: 3 | AG4: 27 | AH4: 71 | AI4: 65 | AK4: ='2023_2ANO_MT'!$AB4/100 -> 0.00018072289 | AL4: ='2023_2ANO_MT'!$AC4/100 -> 0.001626506 | AM4: ='2023_2ANO_MT'!$AD4/100 -> 0.0042771084 | AN4: ='2023_2ANO_MT'!$AE4/100 -> 0.0039156627 | AO4: =SUM(AK4:AN4) -> 0.01
A5: MUNICIPIO | B5: 01058 | C5: Brasil | D5: 32 | E5: ESPÍRITO SANTO | F5: 000037 | G5: SRE AFONSO CLAUDIO | H5: 3201902 | I5: DOMINGOS MARTINS | J5: - | K5: - | L5: - | M5: - | N5: 3201902 | O5: 2023 | P5: Municipal | Q5: ENSINO FUNDAMENTAL DE 9 ANOS - 2º ANO | R5: Matemática | S5: 9 | T5: ENSINO FUNDAMENTAL | U5: 457 | V5: 436 | W5: 95.404814 | X5: 555.53054 | Y5: 74.702675 | Z5: Proficiente | AA5: 72,00560652 | AB5: 0.038990826 | AC5: 0.19266055 | AD5: 0.48165138 | AE5: 0.28669725 | AF5: 17 | AG5: 84 | AH5: 210 | AI5: 125 | AK5: ='2023_2ANO_MT'!$AB5/100 -> 0.00038990826 | AL5: ='2023_2ANO_MT'!$AC5/100 -> 0.0019266055 | AM5: ='2023_2ANO_MT'!$AD5/100 -> 0.0048165138 | AN5: ='2023_2ANO_MT'!$AE5/100 -> 0.0028669725 | AO5: =SUM(AK5:AN5) -> 0.01
A6: MUNICIPIO | B6: 01058 | C6: Brasil | D6: 32 | E6: ESPÍRITO SANTO | F6: 000037 | G6: SRE AFONSO CLAUDIO | H6: 3203163 | I6: LARANJA DA TERRA | J6: - | K6: - | L6: - | M6: - | N6: 3203163 | O6: 2023 | P6: Municipal | Q6: ENSINO FUNDAMENTAL DE 9 ANOS - 2º ANO | R6: Matemática | S6: 9 | T6: ENSINO FUNDAMENTAL | U6: 112 | V6: 108 | W6: 96.428571 | X6: 606.63382 | Y6: 71.729348 | Z6: Avançado | AA6: 84,41358025 | AB6: 0.018518519 | AC6: 0.074074074 | AD6: 0.30555556 | AE6: 0.60185185 | AF6: 2 | AG6: 8 | AH6: 33 | AI6: 65 | AK6: ='2023_2ANO_MT'!$AB6/100 -> 0.00018518519 | AL6: ='2023_2ANO_MT'!$AC6/100 -> 0.00074074074 | AM6: ='2023_2ANO_MT'!$AD6/100 -> 0.0030555556 | AN6: ='2023_2ANO_MT'!$AE6/100 -> 0.0060185185 | AO6: =SUM(AK6:AN6) -> 0.01
A7: MUNICIPIO | B7: 01058 | C7: Brasil | D7: 32 | E7: ESPÍRITO SANTO | F7: 000037 | G7: SRE AFONSO CLAUDIO | H7: 3204559 | I7: SANTA MARIA DE JETIBA | J7: - | K7: - | L7: - | M7: - | N7: 3204559 | O7: 2023 | P7: Municipal | Q7: ENSINO FUNDAMENTAL DE 9 ANOS - 2º ANO | R7: Matemática | S7: 9 | T7: ENSINO FUNDAMENTAL | U7: 327 | V7: 307 | W7: 93.883792 | X7: 590.61676 | Y7: 66.980081 | Z7: Proficiente | AA7: 81,25226203 | AB7: 0.016286645 | AC7: 0.084690554 | AD7: 0.4267101 | AE7: 0.4723127 | AF7: 5 | AG7: 26 | AH7: 131 | AI7: 145 | AK7: ='2023_2ANO_MT'!$AB7/100 -> 0.00016286645 | AL7: ='2023_2ANO_MT'!$AC7/100 -> 0.00084690554 | AM7: ='2023_2ANO_MT'!$AD7/100 -> 0.004267101 | AN7: ='2023_2ANO_MT'!$AE7/100 -> 0.004723127 | AO7: =SUM(AK7:AN7) -> 0.01
A8: MUNICIPIO | B8: 01058 | C8: Brasil | D8: 32 | E8: ESPÍRITO SANTO | F8: 000037 | G8: SRE AFONSO CLAUDIO | H8: 3205069 | I8: VENDA NOVA DO IMIGRANTE | J8: - | K8: - | L8: - | M8: - | N8: 3205069 | O8: 2023 | P8: Municipal | Q8: ENSINO FUNDAMENTAL DE 9 ANOS - 2º ANO | R8: Matemática | S8: 9 | T8: ENSINO FUNDAMENTAL | U8: 117 | V8: 102 | W8: 87.179487 | X8: 544.00605 | Y8: 73.755815 | Z8: Proficiente | AA8: 66,12200436 | AB8: 0.039215686 | AC8: 0.20588235 | AD8: 0.5 | AE8: 0.25490196 | AF8: 4 | AG8: 21 | AH8: 51 | AI8: 26 | AK8: ='2023_2ANO_MT'!$AB8/100 -> 0.00039215686 | AL8: ='2023_2ANO_MT'!$AC8/100 -> 0.0020588235 | AM8: ='2023_2ANO_MT'!$AD8/100 -> 0.005 | AN8: ='2023_2ANO_MT'!$AE8/100 -> 0.0025490196 | AO8: =SUM(AK8:AN8) -> 0.01
A9: MUNICIPIO | B9: 01058 | C9: Brasil | D9: 32 | E9: ESPÍRITO SANTO | F9: 000032 | G9: SRE BARRA DE SAO FRANCISCO | H9: 3200169 | I9: AGUA DOCE DO NORTE | J9: - | K9: - | L9: - | M9: - | N9: 3200169 | O9: 2023 | P9: Municipal | Q9: ENSINO FUNDAMENTAL DE 9 ANOS - 2º ANO | R9: Matemática | S9: 9 | T9: ENSINO FUNDAMENTAL | U9: 188 | V9: 169 | W9: 89.893617 | X9: 590.28064 | Y9: 79.028173 | Z9: Proficiente | AA9: 80,83497699 | AB9: 0.029585799 | AC9: 0.11242604 | AD9: 0.23668639 | AE9: 0.62130178 | AF9: 5 | AG9: 19 | AH9: 40 | AI9: 105 | AK9: ='2023_2ANO_MT'!$AB9/100 -> 0.00029585799 | AL9: ='2023_2ANO_MT'!$AC9/100 -> 0.0011242604 | AM9: ='2023_2ANO_MT'!$AD9/100 -> 0.0023668639 | AN9: ='2023_2ANO_MT'!$AE9/100 -> 0.0062130178 | AO9: =SUM(AK9:AN9) -> 0.01
A10: MUNICIPIO | B10: 01058 | C10: Brasil | D10: 32 | E10: ESPÍRITO SANTO | F10: 000032 | G10: SRE BARRA DE SAO FRANCISCO | H10: 3200136 | I10: AGUIA BRANCA | J10: - | K10: - | L10: - | M10: - | N10: 3200136 | O10: 2023 | P10: Municipal | Q10: ENSINO FUNDAMENTAL DE 9 ANOS - 2º ANO | R10: Matemática | S10: 9 | T10: ENSINO FUNDAMENTAL | U10: 151 | V10: 141 | W10: 93.377483 | X10: 627.40499 | Y10: 52.681057 | Z10: Avançado | AA10: 88,92828999 | AB10: 0 | AC10: 0.035460993 | AD10: 0.19148936 | AE10: 0.77304965 | AF10: 0 | AG10: 5 | AH10: 27 | AI10: 109 | AK10: ='2023_2ANO_MT'!$AB10/100 -> 0 | AL10: ='2023_2ANO_MT'!$AC10/100 -> 0.00035460993 | AM10: ='2023_2ANO_MT'!$AD10/100 -> 0.0019148936 | AN10: ='2023_2ANO_MT'!$AE10/100 -> 0.0077304965 | AO10: =SUM(AK10:AN10) -> 0.01
A11: MUNICIPIO | B11: 01058 | C11: Brasil | D11: 32 | E11: ESPÍRITO SANTO | F11: 000032 | G11: SRE BARRA DE SAO FRANCISCO | H11: 3200904 | I11: BARRA DE SAO FRANCISCO | J11: - | K11: - | L11: - | M11: - | N11: 3200904 | O11: 2023 | P11: Municipal | Q11: ENSINO FUNDAMENTAL DE 9 ANOS - 2º ANO | R11: Matemática | S11: 9 | T11: ENSINO FUNDAMENTAL | U11: 522 | V11: 487 | W11: 93.295019 | X11: 577.25592 | Y11: 79.482859 | Z11: Proficiente | AA11: 78,07437828 | AB11: 0.034907597 | AC11: 0.13552361 | AD11: 0.37577002 | AE11: 0.45379877 | AF11: 17 | AG11: 66 | AH11: 183 | AI11: 221 | AK11: ='2023_2ANO_MT'!$AB11/100 -> 0.00034907597 | AL11: ='2023_2ANO_MT'!$AC11/100 -> 0.0013552361 | AM11: ='2023_2ANO_MT'!$AD11/100 -> 0.0037577002 | AN11: ='2023_2ANO_MT'!$AE11/100 -> 0.0045379877 | AO11: =SUM(AK11:AN11) -> 0.01
A12: MUNICIPIO | B12: 01058 | C12: Brasil | D12: 32 | E12: ESPÍRITO SANTO | F12: 000032 | G12: SRE BARRA DE SAO FRANCISCO | H12: 3202108 | I12: ECOPORANGA | J12: - | K12: - | L12: - | M12: - | N12: 3202108 | O12: 2023 | P12: Municipal | Q12: ENSINO FUNDAMENTAL DE 9 ANOS - 2º ANO | R12: Matemática | S12: 9 | T12: ENSINO FUNDAMENTAL | U12: 230 | V12: 214 | W12: 93.043478 | X12: 548.07295 | Y12: 81.864779 | Z12: Proficiente | AA12: 71,44340602 | AB12: 0.070093458 | AC12: 0.17757009 | AD12: 0.49065421 | AE12: 0.26168224 | AF12: 15 | AG12: 38 | AH12: 105 | AI12: 56 | AK12: ='2023_2ANO_MT'!$AB12/100 -> 0.00070093458 | AL12: ='2023_2ANO_MT'!$AC12/100 -> 0.0017757009 | AM12: ='2023_2ANO_MT'!$AD12/100 -> 0.0049065421 | AN12: ='2023_2ANO_MT'!$AE12/100 -> 0.0026168224 | AO12: =SUM(AK12:AN12) -> 0.01
A13: MUNICIPIO | B13: 01058 | C13: Brasil | D13: 32 | E13: ESPÍRITO SANTO | F13: 000032 | G13: SRE BARRA DE SAO FRANCISCO | H13: 3203304 | I13: MANTENOPOLIS | J13: - | K13: - | L13: - | M13: - | N13: 3203304 | O13: 2023 | P13: Municipal | Q13: ENSINO FUNDAMENTAL DE 9 ANOS - 2º ANO | R13: Matemática | S13: 9 | T13: ENSINO FUNDAMENTAL | U13: 162 | V13: 152 | W13: 93.82716 | X13: 610.366 | Y13: 67.181404 | Z13: Avançado | AA13: 83,80847953 | AB13: 0 | AC13: 0.098684211 | AD13: 0.28947368 | AE13: 0.61184211 | AF13: 0 | AG13: 15 | AH13: 44 | AI13: 93 | AK13: ='2023_2ANO_MT'!$AB13/100 -> 0 | AL13: ='2023_2ANO_MT'!$AC13/100 -> 0.00098684211 | AM13: ='2023_2ANO_MT'!$AD13/100 -> 0.0028947368 | AN13: ='2023_2ANO_MT'!$AE13/100 -> 0.0061184211 | AO13: =SUM(AK13:AN13) -> 0.01
... A79: MUNICIPIO | B79: 01058 | C79: Brasil | D79: 32 | E79: ESPÍRITO SANTO | F79: 000028 | G79: SRE VILA VELHA | H79: 3205200 | I79: VILA VELHA | J79: - | K79: - | L79: - | M79: - | N79: 3205200 | O79: 2023 | P79: Municipal | Q79: ENSINO FUNDAMENTAL DE 9 ANOS - 2º ANO | R79: Matemática | S79: 9 | T79: ENSINO FUNDAMENTAL | U79: 4782 | V79: 4251 | W79: 88.895859 | X79: 525.11299 | Y79: 84.05661 | Z79: Proficiente | AA79: 65,21864137 | AB79: 0.08021642 | AC79: 0.28463891 | AD79: 0.44836509 | AE79: 0.18677958 | AF79: 341 | AG79: 1210 | AH79: 1906 | AI79: 794 | AK79: ='2023_2ANO_MT'!$AB79/100 -> 0.0008021642 | AL79: ='2023_2ANO_MT'!$AC79/100 -> 0.0028463891 | AM79: ='2023_2ANO_MT'!$AD79/100 -> 0.0044836509 | AN79: ='2023_2ANO_MT'!$AE79/100 -> 0.0018677958 | AO79: =SUM(AK79:AN79) -> 0.01

Sheet 2023_5ANO_MT
A1: Tipo | B1: Código país | C1: País | D1: Código estado | E1: Estado | F1: Código regional | G1: Regional | H1: Código município | I1: Município | J1: Código escola | K1: Escola | L1: Código turma | M1: Turma | N1: Documento | O1: Edição | P1: Rede | Q1: Etapa | R1: Disciplina | S1: CD_ENSINO | T1: DC_ENSINO | U1: Previsto | V1: Efetivo | W1: Participação % | X1: Proficiência | Y1: Desvio Padrão | Z1: Padrão de Desempenho | AA1: Acertos no Teste % | AB1: Abaixo do Básico % | AC1: Básico % | AD1: Proficiente % | AE1: Avançado % | AF1: Abaixo do Básico | AG1: Básico | AH1: Proficiente | AI1: Avançado
A2: MUNICIPIO | B2: 01058 | C2: Brasil | D2: 32 | E2: ESPÍRITO SANTO | F2: 000037 | G2: SRE AFONSO CLAUDIO | H2: 3200102 | I2: AFONSO CLAUDIO | J2: - | K2: - | L2: - | M2: - | N2: 3200102 | O2: 2023 | P2: Municipal | Q2: ENSINO FUNDAMENTAL DE 9 ANOS - 5º ANO | R2: Matemática | S2: 9 | T2: ENSINO FUNDAMENTAL | U2: 325 | V2: 308 | W2: 94.769231 | X2: 243.54767 | Y2: 46.218478 | Z2: Proficiente | AA2: 56,53778040 | AB2: 0.081168831 | AC2: 0.27922078 | AD2: 0.38636364 | AE2: 0.25324675 | AF2: 25 | AG2: 86 | AH2: 119 | AI2: 78 | AK2: ='2023_5ANO_MT'!$AB2/100 -> 0.00081168831 | AL2: ='2023_5ANO_MT'!$AC2/100 -> 0.0027922078 | AM2: ='2023_5ANO_MT'!$AD2/100 -> 0.0038636364 | AN2: ='2023_5ANO_MT'!$AE2/100 -> 0.0025324675 | AO2: =SUM(AK2:AN2) -> 0.01
A3: MUNICIPIO | B3: 01058 | C3: Brasil | D3: 32 | E3: ESPÍRITO SANTO | F3: 000037 | G3: SRE AFONSO CLAUDIO | H3: 3201159 | I3: BREJETUBA | J3: - | K3: - | L3: - | M3: - | N3: 3201159 | O3: 2023 | P3: Municipal | Q3: ENSINO FUNDAMENTAL DE 9 ANOS - 5º ANO | R3: Matemática | S3: 9 | T3: ENSINO FUNDAMENTAL | U3: 194 | V3: 183 | W3: 94.329897 | X3: 244.40836 | Y3: 49.361917 | Z3: Proficiente | AA3: 57,02930949 | AB3: 0.087431694 | AC3: 0.28961749 | AD3: 0.32786885 | AE3: 0.29508197 | AF3: 16 | AG3: 53 | AH3: 60 | AI3: 54 | AK3: ='2023_5ANO_MT'!$AB3/100 -> 0.00087431694 | AL3: ='2023_5ANO_MT'!$AC3/100 -> 0.0028961749 | AM3: ='2023_5ANO_MT'!$AD3/100 -> 0.0032786885 | AN3: ='2023_5ANO_MT'!$AE3/100 -> 0.0029508197 | AO3: =SUM(AK3:AN3) -> 0.01
A4: MUNICIPIO | B4: 01058 | C4: Brasil | D4: 32 | E4: ESPÍRITO SANTO | F4: 000037 | G4: SRE AFONSO CLAUDIO | H4: 3201704 | I4: CONCEICAO DO CASTELO | J4: - | K4: - | L4: - | M4: - | N4: 3201704 | O4: 2023 | P4: Municipal | Q4: ENSINO FUNDAMENTAL DE 9 ANOS - 5º ANO | R4: Matemática | S4: 9 | T4: ENSINO FUNDAMENTAL | U4: 190 | V4: 185 | W4: 97.368421 | X4: 241.65355 | Y4: 47.240566 | Z4: Proficiente | AA4: 55,77395577 | AB4: 0.097297297 | AC4: 0.3027027 | AD4: 0.33513514 | AE4: 0.26486486 | AF4: 18 | AG4: 56 | AH4: 62 | AI4: 49 | AK4: ='2023_5ANO_MT'!$AB4/100 -> 0.00097297297 | AL4: ='2023_5ANO_MT'!$AC4/100 -> 0.003027027 | AM4: ='2023_5ANO_MT'!$AD4/100 -> 0.0033513514 | AN4: ='2023_5ANO_MT'!$AE4/100 -> 0.0026486486 | AO4: =SUM(AK4:AN4) -> 0.01
A5: MUNICIPIO | B5: 01058 | C5: Brasil | D5: 32 | E5: ESPÍRITO SANTO | F5: 000037 | G5: SRE AFONSO CLAUDIO | H5: 3201902 | I5: DOMINGOS MARTINS | J5: - | K5: - | L5: - | M5: - | N5: 3201902 | O5: 2023 | P5: Municipal | Q5: ENSINO FUNDAMENTAL DE 9 ANOS - 5º ANO | R5: Matemática | S5: 9 | T5: ENSINO FUNDAMENTAL | U5: 410 | V5: 381 | W5: 92.926829 | X5: 240.6231 | Y5: 46.254261 | Z5: Proficiente | AA5: 55,10617991 | AB5: 0.1023622 | AC5: 0.25459318 | AD5: 0.38582677 | AE5: 0.25721785 | AF5: 39 | AG5: 97 | AH5: 147 | AI5: 98 | AK5: ='2023_5ANO_MT'!$AB5/100 -> 0.001023622 | AL5: ='2023_5ANO_MT'!$AC5/100 -> 0.0025459318 | AM5: ='2023_5ANO_MT'!$AD5/100 -> 0.0038582677 | AN5: ='2023_5ANO_MT'!$AE5/100 -> 0.0025721785 | AO5: =SUM(AK5:AN5) -> 0.01
A6: MUNICIPIO | B6: 01058 | C6: Brasil | D6: 32 | E6: ESPÍRITO SANTO | F6: 000037 | G6: SRE AFONSO CLAUDIO | H6: 3203163 | I6: LARANJA DA TERRA | J6: - | K6: - | L6: - | M6: - | N6: 3203163 | O6: 2023 | P6: Municipal | Q6: ENSINO FUNDAMENTAL DE 9 ANOS - 5º ANO | R6: Matemática | S6: 9 | T6: ENSINO FUNDAMENTAL | U6: 115 | V6: 108 | W6: 93.913043 | X6: 255.58863 | Y6: 45.258571 | Z6: Proficiente | AA6: 62,33164983 | AB6: 0.027777778 | AC6: 0.21296296 | AD6: 0.42592593 | AE6: 0.33333333 | AF6: 3 | AG6: 23 | AH6: 46 | AI6: 36 | AK6: ='2023_5ANO_MT'!$AB6/100 -> 0.00027777778 | AL6: ='2023_5ANO_MT'!$AC6/100 -> 0.0021296296 | AM6: ='2023_5ANO_MT'!$AD6/100 -> 0.0042592593 | AN6: ='2023_5ANO_MT'!$AE6/100 -> 0.0033333333 | AO6: =SUM(AK6:AN6) -> 0.01
A7: MUNICIPIO | B7: 01058 | C7: Brasil | D7: 32 | E7: ESPÍRITO SANTO | F7: 000037 | G7: SRE AFONSO CLAUDIO | H7: 3204559 | I7: SANTA MARIA DE JETIBA | J7: - | K7: - | L7: - | M7: - | N7: 3204559 | O7: 2023 | P7: Municipal | Q7: ENSINO FUNDAMENTAL DE 9 ANOS - 5º ANO | R7: Matemática | S7: 9 | T7: ENSINO FUNDAMENTAL | U7: 306 | V7: 290 | W7: 94.771242 | X7: 245.45336 | Y7: 43.617111 | Z7: Proficiente | AA7: 57,06896552 | AB7: 0.075862069 | AC7: 0.23448276 | AD7: 0.43448276 | AE7: 0.25517241 | AF7: 22 | AG7: 68 | AH7: 126 | AI7: 74 | AK7: ='2023_5ANO_MT'!$AB7/100 -> 0.00075862069 | AL7: ='2023_5ANO_MT'!$AC7/100 -> 0.0023448276 | AM7: ='2023_5ANO_MT'!$AD7/100 -> 0.0043448276 | AN7: ='2023_5ANO_MT'!$AE7/100 -> 0.0025517241 | AO7: =SUM(AK7:AN7) -> 0.01
A8: MUNICIPIO | B8: 01058 | C8: Brasil | D8: 32 | E8: ESPÍRITO SANTO | F8: 000037 | G8: SRE AFONSO CLAUDIO | H8: 3205069 | I8: VENDA NOVA DO IMIGRANTE | J8: - | K8: - | L8: - | M8: - | N8: 3205069 | O8: 2023 | P8: Municipal | Q8: ENSINO FUNDAMENTAL DE 9 ANOS - 5º ANO | R8: Matemática | S8: 9 | T8: ENSINO FUNDAMENTAL | U8: 123 | V8: 112 | W8: 91.056911 | X8: 228.99668 | Y8: 43.77491 | Z8: Proficiente | AA8: 51,82629870 | AB8: 0.10714286 | AC8: 0.375 | AD8: 0.36607143 | AE8: 0.15178571 | AF8: 12 | AG8: 42 | AH8: 41 | AI8: 17 | AK8: ='2023_5ANO_MT'!$AB8/100 -> 0.0010714286 | AL8: ='2023_5ANO_MT'!$AC8/100 -> 0.00375 | AM8: ='2023_5ANO_MT'!$AD8/100 -> 0.0036607143 | AN8: ='2023_5ANO_MT'!$AE8/100 -> 0.0015178571 | AO8: =SUM(AK8:AN8) -> 0.01
A9: MUNICIPIO | B9: 01058 | C9: Brasil | D9: 32 | E9: ESPÍRITO SANTO | F9: 000032 | G9: SRE BARRA DE SAO FRANCISCO | H9: 3200169 | I9: AGUA DOCE DO NORTE | J9: - | K9: - | L9: - | M9: - | N9: 3200169 | O9: 2023 | P9: Municipal | Q9: ENSINO FUNDAMENTAL DE 9 ANOS - 5º ANO | R9: Matemática | S9: 9 | T9: ENSINO FUNDAMENTAL | U9: 154 | V9: 142 | W9: 92.207792 | X9: 233.30921 | Y9: 51.289291 | Z9: Proficiente | AA9: 52,78489117 | AB9: 0.11267606 | AC9: 0.28873239 | AD9: 0.38732394 | AE9: 0.21126761 | AF9: 16 | AG9: 41 | AH9: 55 | AI9: 30 | AK9: ='2023_5ANO_MT'!$AB9/100 -> 0.0011267606 | AL9: ='2023_5ANO_MT'!$AC9/100 -> 0.0028873239 | AM9: ='2023_5ANO_MT'!$AD9/100 -> 0.0038732394 | AN9: ='2023_5ANO_MT'!$AE9/100 -> 0.0021126761 | AO9: =SUM(AK9:AN9) -> 0.01
A10: MUNICIPIO | B10: 01058 | C10: Brasil | D10: 32 | E10: ESPÍRITO SANTO | F10: 000032 | G10: SRE BARRA DE SAO FRANCISCO | H10: 3200136 | I10: AGUIA BRANCA | J10: - | K10: - | L10: - | M10: - | N10: 3200136 | O10: 2023 | P10: Municipal | Q10: ENSINO FUNDAMENTAL DE 9 ANOS - 5º ANO | R10: Matemática | S10: 9 | T10: ENSINO FUNDAMENTAL | U10: 152 | V10: 143 | W10: 94.078947 | X10: 244.09543 | Y10: 47.818899 | Z10: Proficiente | AA10: 57,43801653 | AB10: 0.06993007 | AC10: 0.27272727 | AD10: 0.41258741 | AE10: 0.24475524 | AF10: 10 | AG10: 39 | AH10: 59 | AI10: 35 | AK10: ='2023_5ANO_MT'!$AB10/100 -> 0.0006993007 | AL10: ='2023_5ANO_MT'!$AC10/100 -> 0.0027272727 | AM10: ='2023_5ANO_MT'!$AD10/100 -> 0.0041258741 | AN10: ='2023_5ANO_MT'!$AE10/100 -> 0.0024475524 | AO10: =SUM(AK10:AN10) -> 0.01
A11: MUNICIPIO | B11: 01058 | C11: Brasil | D11: 32 | E11: ESPÍRITO SANTO | F11: 000032 | G11: SRE BARRA DE SAO FRANCISCO | H11: 3200904 | I11: BARRA DE SAO FRANCISCO | J11: - | K11: - | L11: - | M11: - | N11: 3200904 | O11: 2023 | P11: Municipal | Q11: ENSINO FUNDAMENTAL DE 9 ANOS - 5º ANO | R11: Matemática | S11: 9 | T11: ENSINO FUNDAMENTAL | U11: 467 | V11: 436 | W11: 93.361884 | X11: 241.29436 | Y11: 46.832291 | Z11: Proficiente | AA11: 55,78607173 | AB11: 0.096330275 | AC11: 0.25458716 | AD11: 0.42201835 | AE11: 0.22706422 | AF11: 42 | AG11: 111 | AH11: 184 | AI11: 99 | AK11: ='2023_5ANO_MT'!$AB11/100 -> 0.00096330275 | AL11: ='2023_5ANO_MT'!$AC11/100 -> 0.0025458716 | AM11: ='2023_5ANO_MT'!$AD11/100 -> 0.0042201835 | AN11: ='2023_5ANO_MT'!$AE11/100 -> 0.0022706422 | AO11: =SUM(AK11:AN11) -> 0.01
A12: MUNICIPIO | B12: 01058 | C12: Brasil | D12: 32 | E12: ESPÍRITO SANTO | F12: 000032 | G12: SRE BARRA DE SAO FRANCISCO | H12: 3202108 | I12: ECOPORANGA | J12: - | K12: - | L12: - | M12: - | N12: 3202108 | O12: 2023 | P12: Municipal | Q12: ENSINO FUNDAMENTAL DE 9 ANOS - 5º ANO | R12: Matemática | S12: 9 | T12: ENSINO FUNDAMENTAL | U12: 215 | V12: 202 | W12: 93.953488 | X12: 232.8079 | Y12: 47.681962 | Z12: Proficiente | AA12: 52,38523852 | AB12: 0.12376238 | AC12: 0.31683168 | AD12: 0.37128713 | AE12: 0.18811881 | AF12: 25 | AG12: 64 | AH12: 75 | AI12: 38 | AK12: ='2023_5ANO_MT'!$AB12/100 -> 0.0012376238 | AL12: ='2023_5ANO_MT'!$AC12/100 -> 0.0031683168 | AM12: ='2023_5ANO_MT'!$AD12/100 -> 0.0037128713 | AN12: ='2023_5ANO_MT'!$AE12/100 -> 0.0018811881 | AO12: =SUM(AK12:AN12) -> 0.01
A13: MUNICIPIO | B13: 01058 | C13: Brasil | D13: 32 | E13: ESPÍRITO SANTO | F13: 000032 | G13: SRE BARRA DE SAO FRANCISCO | H13: 3203304 | I13: MANTENOPOLIS | J13: - | K13: - | L13: - | M13: - | N13: 3203304 | O13: 2023 | P13: Municipal | Q13: ENSINO FUNDAMENTAL DE 9 ANOS - 5º ANO | R13: Matemática | S13: 9 | T13: ENSINO FUNDAMENTAL | U13: 172 | V13: 163 | W13: 94.767442 | X13: 263.67609 | Y13: 49.647754 | Z13: Proficiente | AA13: 64,80758505 | AB13: 0.042944785 | AC13: 0.19018405 | AD13: 0.33742331 | AE13: 0.42944785 | AF13: 7 | AG13: 31 | AH13: 55 | AI13: 70 | AK13: ='2023_5ANO_MT'!$AB13/100 -> 0.00042944785 | AL13: ='2023_5ANO_MT'!$AC13/100 -> 0.0019018405 | AM13: ='2023_5ANO_MT'!$AD13/100 -> 0.0033742331 | AN13: ='2023_5ANO_MT'!$AE13/100 -> 0.0042944785 | AO13: =SUM(AK13:AN13) -> 0.01
... A79: MUNICIPIO | B79: 01058 | C79: Brasil | D79: 32 | E79: ESPÍRITO SANTO | F79: 000028 | G79: SRE VILA VELHA | H79: 3205200 | I79: VILA VELHA | J79: - | K79: - | L79: - | M79: - | N79: 3205200 | O79: 2023 | P79: Municipal | Q79: ENSINO FUNDAMENTAL DE 9 ANOS - 5º ANO | R79: Matemática | S79: 9 | T79: ENSINO FUNDAMENTAL | U79: 4575 | V79: 4102 | W79: 89.661202 | X79: 221.0175 | Y79: 45.324824 | Z79: Básico | AA79: 46,90284119 | AB79: 0.17089225 | AC79: 0.38249634 | AD79: 0.32155046 | AE79: 0.12506095 | AF79: 701 | AG79: 1569 | AH79: 1319 | AI79: 513 | AK79: ='2023_5ANO_MT'!$AB79/100 -> 0.0017089225 | AL79: ='2023_5ANO_MT'!$AC79/100 -> 0.0038249634 | AM79: ='2023_5ANO_MT'!$AD79/100 -> 0.0032155046 | AN79: ='2023_5ANO_MT'!$AE79/100 -> 0.0012506095 | AO79: =SUM(AK79:AN79) -> 0.01

Sheet 2023_5ANO_LP
A1: Tipo | B1: Código país | C1: País | D1: Código estado | E1: Estado | F1: Código regional | G1: Regional | H1: Código município | I1: Município | J1: Código escola | K1: Escola | L1: Código turma | M1: Turma | N1: Documento | O1: Edição | P1: Rede | Q1: Etapa | R1: Disciplina | S1: CD_ENSINO | T1: DC_ENSINO | U1: Previsto | V1: Efetivo | W1: Participação % | X1: Proficiência | Y1: Desvio Padrão | Z1: Padrão de Desempenho | AA1: Acertos no Teste % | AB1: Abaixo do Básico % | AC1: Básico % | AD1: Proficiente % | AE1: Avançado % | AF1: Abaixo do Básico | AG1: Básico | AH1: Proficiente | AI1: Avançado
A2: MUNICIPIO | B2: 01058 | C2: Brasil | D2: 32 | E2: ESPÍRITO SANTO | F2: 000037 | G2: SRE AFONSO CLAUDIO | H2: 3200102 | I2: AFONSO CLAUDIO | J2: - | K2: - | L2: - | M2: - | N2: 3200102 | O2: 2023 | P2: Municipal | Q2: ENSINO FUNDAMENTAL DE 9 ANOS - 5º ANO | R2: Língua Portuguesa | S2: 9 | T2: ENSINO FUNDAMENTAL | U2: 325 | V2: 308 | W2: 94.769231 | X2: 229.77733 | Y2: 46.550716 | Z2: Proficiente | AA2: 69,33293979 | AB2: 0.061688312 | AC2: 0.21103896 | AD2: 0.39285714 | AE2: 0.33441558 | AF2: 19 | AG2: 65 | AH2: 121 | AI2: 103 | AK2: ='2023_5ANO_LP'!$AB2/100 -> 0.00061688312 | AL2: ='2023_5ANO_LP'!$AC2/100 -> 0.0021103896 | AM2: ='2023_5ANO_LP'!$AD2/100 -> 0.0039285714 | AN2: ='2023_5ANO_LP'!$AE2/100 -> 0.0033441558 | AO2: =SUM(AK2:AN2) -> 0.01
A3: MUNICIPIO | B3: 01058 | C3: Brasil | D3: 32 | E3: ESPÍRITO SANTO | F3: 000037 | G3: SRE AFONSO CLAUDIO | H3: 3201159 | I3: BREJETUBA | J3: - | K3: - | L3: - | M3: - | N3: 3201159 | O3: 2023 | P3: Municipal | Q3: ENSINO FUNDAMENTAL DE 9 ANOS - 5º ANO | R3: Língua Portuguesa | S3: 9 | T3: ENSINO FUNDAMENTAL | U3: 194 | V3: 183 | W3: 94.329897 | X3: 230.54627 | Y3: 47.016626 | Z3: Proficiente | AA3: 69,24987581 | AB3: 0.049180328 | AC3: 0.21857923 | AD3: 0.35519126 | AE3: 0.37704918 | AF3: 9 | AG3: 40 | AH3: 65 | AI3: 69 | AK3: ='2023_5ANO_LP'!$AB3/100 -> 0.00049180328 | AL3: ='2023_5ANO_LP'!$AC3/100 -> 0.0021857923 | AM3: ='2023_5ANO_LP'!$AD3/100 -> 0.0035519126 | AN3: ='2023_5ANO_LP'!$AE3/100 -> 0.0037704918 | AO3: =SUM(AK3:AN3) -> 0.01
A4: MUNICIPIO | B4: 01058 | C4: Brasil | D4: 32 | E4: ESPÍRITO SANTO | F4: 000037 | G4: SRE AFONSO CLAUDIO | H4: 3201704 | I4: CONCEICAO DO CASTELO | J4: - | K4: - | L4: - | M4: - | N4: 3201704 | O4: 2023 | P4: Municipal | Q4: ENSINO FUNDAMENTAL DE 9 ANOS - 5º ANO | R4: Língua Portuguesa | S4: 9 | T4: ENSINO FUNDAMENTAL | U4: 190 | V4: 185 | W4: 97.368421 | X4: 234.7333 | Y4: 46.47214 | Z4: Proficiente | AA4: 70,71253071 | AB4: 0.032432432 | AC4: 0.23783784 | AD4: 0.36756757 | AE4: 0.36216216 | AF4: 6 | AG4: 44 | AH4: 68 | AI4: 67 | AK4: ='2023_5ANO_LP'!$AB4/100 -> 0.00032432432 | AL4: ='2023_5ANO_LP'!$AC4/100 -> 0.0023783784 | AM4: ='2023_5ANO_LP'!$AD4/100 -> 0.0036756757 | AN4: ='2023_5ANO_LP'!$AE4/100 -> 0.0036216216 | AO4: =SUM(AK4:AN4) -> 0.01
A5: MUNICIPIO | B5: 01058 | C5: Brasil | D5: 32 | E5: ESPÍRITO SANTO | F5: 000037 | G5: SRE AFONSO CLAUDIO | H5: 3201902 | I5: DOMINGOS MARTINS | J5: - | K5: - | L5: - | M5: - | N5: 3201902 | O5: 2023 | P5: Municipal | Q5: ENSINO FUNDAMENTAL DE 9 ANOS - 5º ANO | R5: Língua Portuguesa | S5: 9 | T5: ENSINO FUNDAMENTAL | U5: 410 | V5: 381 | W5: 92.926829 | X5: 228.07278 | Y5: 46.615985 | Z5: Proficiente | AA5: 68,39656407 | AB5: 0.052493438 | AC5: 0.21784777 | AD5: 0.43307087 | AE5: 0.29658793 | AF5: 20 | AG5: 83 | AH5: 165 | AI5: 113 | AK5: ='2023_5ANO_LP'!$AB5/100 -> 0.00052493438 | AL5: ='2023_5ANO_LP'!$AC5/100 -> 0.0021784777 | AM5: ='2023_5ANO_LP'!$AD5/100 -> 0.0043307087 | AN5: ='2023_5ANO_LP'!$AE5/100 -> 0.0029658793 | AO5: =SUM(AK5:AN5) -> 0.01
A6: MUNICIPIO | B6: 01058 | C6: Brasil | D6: 32 | E6: ESPÍRITO SANTO | F6: 000037 | G6: SRE AFONSO CLAUDIO | H6: 3203163 | I6: LARANJA DA TERRA | J6: - | K6: - | L6: - | M6: - | N6: 3203163 | O6: 2023 | P6: Municipal | Q6: ENSINO FUNDAMENTAL DE 9 ANOS - 5º ANO | R6: Língua Portuguesa | S6: 9 | T6: ENSINO FUNDAMENTAL | U6: 115 | V6: 108 | W6: 93.913043 | X6: 240.24182 | Y6: 46.17571 | Z6: Proficiente | AA6: 73,14814815 | AB6: 0.037037037 | AC6: 0.12962963 | AD6: 0.41666667 | AE6: 0.41666667 | AF6: 4 | AG6: 14 | AH6: 45 | AI6: 45 | AK6: ='2023_5ANO_LP'!$AB6/100 -> 0.00037037037 | AL6: ='2023_5ANO_LP'!$AC6/100 -> 0.0012962963 | AM6: ='2023_5ANO_LP'!$AD6/100 -> 0.0041666667 | AN6: ='2023_5ANO_LP'!$AE6/100 -> 0.0041666667 | AO6: =SUM(AK6:AN6) -> 0.01
A7: MUNICIPIO | B7: 01058 | C7: Brasil | D7: 32 | E7: ESPÍRITO SANTO | F7: 000037 | G7: SRE AFONSO CLAUDIO | H7: 3204559 | I7: SANTA MARIA DE JETIBA | J7: - | K7: - | L7: - | M7: - | N7: 3204559 | O7: 2023 | P7: Municipal | Q7: ENSINO FUNDAMENTAL DE 9 ANOS - 5º ANO | R7: Língua Portuguesa | S7: 9 | T7: ENSINO FUNDAMENTAL | U7: 306 | V7: 290 | W7: 94.771242 | X7: 225.94803 | Y7: 42.684244 | Z7: Proficiente | AA7: 68,11912226 | AB7: 0.044827586 | AC7: 0.22758621 | AD7: 0.45172414 | AE7: 0.27586207 | AF7: 13 | AG7: 66 | AH7: 131 | AI7: 80 | AK7: ='2023_5ANO_LP'!$AB7/100 -> 0.00044827586 | AL7: ='2023_5ANO_LP'!$AC7/100 -> 0.0022758621 | AM7: ='2023_5ANO_LP'!$AD7/100 -> 0.0045172414 | AN7: ='2023_5ANO_LP'!$AE7/100 -> 0.0027586207 | AO7: =SUM(AK7:AN7) -> 0.01
A8: MUNICIPIO | B8: 01058 | C8: Brasil | D8: 32 | E8: ESPÍRITO SANTO | F8: 000037 | G8: SRE AFONSO CLAUDIO | H8: 3205069 | I8: VENDA NOVA DO IMIGRANTE | J8: - | K8: - | L8: - | M8: - | N8: 3205069 | O8: 2023 | P8: Municipal | Q8: ENSINO FUNDAMENTAL DE 9 ANOS - 5º ANO | R8: Língua Portuguesa | S8: 9 | T8: ENSINO FUNDAMENTAL | U8: 123 | V8: 112 | W8: 91.056911 | X8: 233.34917 | Y8: 45.438036 | Z8: Proficiente | AA8: 71,38798701 | AB8: 0.017857143 | AC8: 0.23214286 | AD8: 0.40178571 | AE8: 0.34821429 | AF8: 2 | AG8: 26 | AH8: 45 | AI8: 39 | AK8: ='2023_5ANO_LP'!$AB8/100 -> 0.00017857143 | AL8: ='2023_5ANO_LP'!$AC8/100 -> 0.0023214286 | AM8: ='2023_5ANO_LP'!$AD8/100 -> 0.0040178571 | AN8: ='2023_5ANO_LP'!$AE8/100 -> 0.0034821429 | AO8: =SUM(AK8:AN8) -> 0.01
A9: MUNICIPIO | B9: 01058 | C9: Brasil | D9: 32 | E9: ESPÍRITO SANTO | F9: 000032 | G9: SRE BARRA DE SAO FRANCISCO | H9: 3200169 | I9: AGUA DOCE DO NORTE | J9: - | K9: - | L9: - | M9: - | N9: 3200169 | O9: 2023 | P9: Municipal | Q9: ENSINO FUNDAMENTAL DE 9 ANOS - 5º ANO | R9: Língua Portuguesa | S9: 9 | T9: ENSINO FUNDAMENTAL | U9: 154 | V9: 142 | W9: 92.207792 | X9: 217.12508 | Y9: 47.586559 | Z9: Proficiente | AA9: 63,44430218 | AB9: 0.070422535 | AC9: 0.34507042 | AD9: 0.34507042 | AE9: 0.23943662 | AF9: 10 | AG9: 49 | AH9: 49 | AI9: 34 | AK9: ='2023_5ANO_LP'!$AB9/100 -> 0.00070422535 | AL9: ='2023_5ANO_LP'!$AC9/100 -> 0.0034507042 | AM9: ='2023_5ANO_LP'!$AD9/100 -> 0.0034507042 | AN9: ='2023_5ANO_LP'!$AE9/100 -> 0.0023943662 | AO9: =SUM(AK9:AN9) -> 0.01
A10: MUNICIPIO | B10: 01058 | C10: Brasil | D10: 32 | E10: ESPÍRITO SANTO | F10: 000032 | G10: SRE BARRA DE SAO FRANCISCO | H10: 3200136 | I10: AGUIA BRANCA | J10: - | K10: - | L10: - | M10: - | N10: 3200136 | O10: 2023 | P10: Municipal | Q10: ENSINO FUNDAMENTAL DE 9 ANOS - 5º ANO | R10: Língua Portuguesa | S10: 9 | T10: ENSINO FUNDAMENTAL | U10: 152 | V10: 143 | W10: 94.078947 | X10: 229.70269 | Y10: 44.358289 | Z10: Proficiente | AA10: 68,97647807 | AB10: 0.027972028 | AC10: 0.25174825 | AD10: 0.3986014 | AE10: 0.32167832 | AF10: 4 | AG10: 36 | AH10: 57 | AI10: 46 | AK10: ='2023_5ANO_LP'!$AB10/100 -> 0.00027972028 | AL10: ='2023_5ANO_LP'!$AC10/100 -> 0.0025174825 | AM10: ='2023_5ANO_LP'!$AD10/100 -> 0.003986014 | AN10: ='2023_5ANO_LP'!$AE10/100 -> 0.0032167832 | AO10: =SUM(AK10:AN10) -> 0.01
A11: MUNICIPIO | B11: 01058 | C11: Brasil | D11: 32 | E11: ESPÍRITO SANTO | F11: 000032 | G11: SRE BARRA DE SAO FRANCISCO | H11: 3200904 | I11: BARRA DE SAO FRANCISCO | J11: - | K11: - | L11: - | M11: - | N11: 3200904 | O11: 2023 | P11: Municipal | Q11: ENSINO FUNDAMENTAL DE 9 ANOS - 5º ANO | R11: Língua Portuguesa | S11: 9 | T11: ENSINO FUNDAMENTAL | U11: 467 | V11: 436 | W11: 93.361884 | X11: 230.6319 | Y11: 45.424647 | Z11: Proficiente | AA11: 69,79774812 | AB11: 0.050458716 | AC11: 0.21330275 | AD11: 0.37614679 | AE11: 0.36009174 | AF11: 22 | AG11: 93 | AH11: 164 | AI11: 157 | AK11: ='2023_5ANO_LP'!$AB11/100 -> 0.00050458716 | AL11: ='2023_5ANO_LP'!$AC11/100 -> 0.0021330275 | AM11: ='2023_5ANO_LP'!$AD11/100 -> 0.0037614679 | AN11: ='2023_5ANO_LP'!$AE11/100 -> 0.0036009174 | AO11: =SUM(AK11:AN11) -> 0.01
A12: MUNICIPIO | B12: 01058 | C12: Brasil | D12: 32 | E12: ESPÍRITO SANTO | F12: 000032 | G12: SRE BARRA DE SAO FRANCISCO | H12: 3202108 | I12: ECOPORANGA | J12: - | K12: - | L12: - | M12: - | N12: 3202108 | O12: 2023 | P12: Municipal | Q12: ENSINO FUNDAMENTAL DE 9 ANOS - 5º ANO | R12: Língua Portuguesa | S12: 9 | T12: ENSINO FUNDAMENTAL | U12: 215 | V12: 202 | W12: 93.953488 | X12: 226.22711 | Y12: 52.15723 | Z12: Proficiente | AA12: 66,74167417 | AB12: 0.084158416 | AC12: 0.25742574 | AD12: 0.31683168 | AE12: 0.34158416 | AF12: 17 | AG12: 52 | AH12: 64 | AI12: 69 | AK12: ='2023_5ANO_LP'!$AB12/100 -> 0.00084158416 | AL12: ='2023_5ANO_LP'!$AC12/100 -> 0.0025742574 | AM12: ='2023_5ANO_LP'!$AD12/100 -> 0.0031683168 | AN12: ='2023_5ANO_LP'!$AE12/100 -> 0.0034158416 | AO12: =SUM(AK12:AN12) -> 0.01
A13: MUNICIPIO | B13: 01058 | C13: Brasil | D13: 32 | E13: ESPÍRITO SANTO | F13: 000032 | G13: SRE BARRA DE SAO FRANCISCO | H13: 3203304 | I13: MANTENOPOLIS | J13: - | K13: - | L13: - | M13: - | N13: 3203304 | O13: 2023 | P13: Municipal | Q13: ENSINO FUNDAMENTAL DE 9 ANOS - 5º ANO | R13: Língua Portuguesa | S13: 9 | T13: ENSINO FUNDAMENTAL | U13: 172 | V13: 163 | W13: 94.767442 | X13: 246.48221 | Y13: 47.5545 | Z13: Proficiente | AA13: 75,98996096 | AB13: 0.036809816 | AC13: 0.15337423 | AD13: 0.26993865 | AE13: 0.5398773 | AF13: 6 | AG13: 25 | AH13: 44 | AI13: 88 | AK13: ='2023_5ANO_LP'!$AB13/100 -> 0.00036809816 | AL13: ='2023_5ANO_LP'!$AC13/100 -> 0.0015337423 | AM13: ='2023_5ANO_LP'!$AD13/100 -> 0.0026993865 | AN13: ='2023_5ANO_LP'!$AE13/100 -> 0.005398773 | AO13: =SUM(AK13:AN13) -> 0.01
... A79: MUNICIPIO | B79: 01058 | C79: Brasil | D79: 32 | E79: ESPÍRITO SANTO | F79: 000028 | G79: SRE VILA VELHA | H79: 3205200 | I79: VILA VELHA | J79: - | K79: - | L79: - | M79: - | N79: 3205200 | O79: 2023 | P79: Municipal | Q79: ENSINO FUNDAMENTAL DE 9 ANOS - 5º ANO | R79: Língua Portuguesa | S79: 9 | T79: ENSINO FUNDAMENTAL | U79: 4575 | V79: 4113 | W79: 89.901639 | X79: 213.6341 | Y79: 49.950146 | Z79: Proficiente | AA79: 62,09358354 | AB79: 0.12399708 | AC79: 0.27255045 | AD79: 0.35667396 | AE79: 0.24677851 | AF79: 510 | AG79: 1121 | AH79: 1467 | AI79: 1015 | AK79: ='2023_5ANO_LP'!$AB79/100 -> 0.0012399708 | AL79: ='2023_5ANO_LP'!$AC79/100 -> 0.0027255045 | AM79: ='2023_5ANO_LP'!$AD79/100 -> 0.0035667396 | AN79: ='2023_5ANO_LP'!$AE79/100 -> 0.0024677851 | AO79: =SUM(AK79:AN79) -> 0.01

Sheet REF - Profic Média e DP 2022
A1: Ano | B1: Etapa | C1: Componente Curricular | D1: Proficiência Média | E1: Desvio Padrão
A2: 2022 | B2: 2º ano | C2: Língua Portuguesa (Leitura + Escrita) | D2: 619,27962905 | E2: 107,76006197
C3: Matemática | D3: 520,74798807 | E3: 88,02908741
B4: 5º ano | C4: Língua Portuguesa | D4: 204,39724781 | E4: 51,58659561
C5: Matemática | D5: 216,17343134 | E5: 45,87094673

Sheet IQEF
A1: Código município | B1: Município | C1: IQEF | D1: 2º ANO | BB1: 5º ANO
D2: IQ2i2023 | E2: ΔIDEN2i2023 | F2: ΔIDE2i2023 | G2: IDE2i2023 | H2: LÍNGUA PORTUGUESA 2023 | S2: MATEMÁTICA 2023 | AE2: IDE2i2022 | AF2: LÍNGUA PORTUGUESA 2022 | AQ2: MATEMÁTICA 2022 | BB2: IQ5i2023 | BC2: ΔIDEN5i2023 | BD2: ΔIDE5i2023 | BE2: IDE5i2023 | BF2: LÍNGUA PORTUGUESA 2023 | BQ2: MATEMÁTICA 2023 | CB2: IDE5i2022 | CC2: LÍNGUA PORTUGUESA 2022 | CN2: MATEMÁTICA 2022
H3: IQLP2i2023 | I3: PMNLP2i2023 | J3: PMLP2i2023 | K3: PMLP2mín,2023 | L3: PMLP2máx,2023 | M3: IDALP2i2023 | N3: ABLP2i2023 | O3: BLP2i2023 | P3: PLP2i2023 | Q3: AVLP2i2023 | R3: TPLP2i2023 | S3: IQMT2i2023 | U3: PMNMT2i2023 | V3: PMMT2i2023 | W3: PMMT2mín,2023 | X3: PMMT2máx,2023 | Y3: IDAMT2i2023 | Z3: ABMT2i2023 | AA3: BMT2i2023 | AB3: PMT2i2023 | AC3: AVMT2i2023 | AD3: TPMT2i2023 | AF3: IQLP2i2022 | AG3: PMNLP2i2022 | AH3: PMLP2i2022 | AI3: PMLP2mín,2022 | AJ3: PMLP2máx,2022 | AK3: IDALP2i2022 | AL3: ABLP2i2022 | AM3: BLP2i2022 | AN3: PLP2i2022 | AO3: AVLP2i2022 | AP3: TPLP2i2022 | AQ3: IQMT2i2022 | AR3: PMNMT2i2022 | AS3: PMMT2i2022 | AT3: PMMT2mín,2022 | AU3: PMMT2máx,2022 | AV3: IDAMT2i2022 | AW3: ABMT2i2022 | AX3: BMT2i2022 | AY3: PMT2i2022 | AZ3: AVMT2i2022 | BA3: TPMT2i2022 | BF3: IQLP5i2023 | BG3: PMNLP5i2023 | BH3: PMLP5i2023 | BI3: PMLP5mín,2023 | BJ3: PMLP5máx,2023 | BK3: IDALP5i2023 | BL3: ABLP5i2023 | BM3: BLP5i2023 | BN3: PLP5i2023 | BO3: AVLP5i2023 | BP3: TPLP5i2023 | BQ3: IQMT5i2023 | BR3: PMNMT5i2023 | BS3: PMMT5i2023 | BT3: PMMT5mín,2023 | BU3: PMMT5máx,2023 | BV3: IDAMT5i2023 | BW3: ABMT5i2023 | BX3: BMT5i2023 | BY3: PMT5i2023 | BZ3: AVMT5i2023 | CA3: TPMT5i2023 | CC3: IQLP5i2022 | CD3: PMNLP5i2022 | CE3: PMLP5i2022 | CF3: PMLP5mín,2022 | CG3: PMLP5máx,2022 | CH3: IDALP5i2022 | CI3: ABLP5i2022 | CJ3: BLP5i2022 | CK3: PLP5i2022 | CL3: AVLP5i2022 | CM3: TPLP5i2022 | CN3: IQMT5i2022 | CO3: PMNMT5i2022 | CP3: PMMT5i2022 | CQ3: PMMT5mín,2022 | CR3: PMMT5máx,2022 | CS3: IDAMT5i2022 | CT3: ABMT5i2022 | CU3: BMT5i2022 | CV3: PMT5i2022 | CW3: AVMT5i2022 | CX3: TPMT5i2022
A5: 3200102 | B5: AFONSO CLAUDIO | C5: =0.6*D5+0.4*BB5 -> 0.66016135 | D5: =0.5*G5+0.5*E5 -> 0.66540303 | E5: =(F5-MIN($F$5:$F$82))/(MAX($F$5:$F$82)-MIN($F$5:$F$82)) -> 0.53203627 | F5: =G5-AE5 -> 0.050511148 | G5: =0.6*H5+0.4*S5 -> 0.7987698 | H5: =(0.5*I5+0.25*M5+0.25*R5) -> 0.81614308 | I5: =(J5-K5)/(L5-K5) -> 0.67640522 | J5: =VLOOKUP(A5,'2023_2ANO_LP_LTR + ECT'!$H:$X,17,0) -> 733.33626 | K5: ='REF - Profic Média e DP 2022'!$D$2-3*'REF - Profic Média e DP 2022'!$E$2 -> 295.99944 | L5: ='REF - Profic Média e DP 2022'!$D$2+3*'REF - Profic Média e DP 2022'!$E$2 -> 942.55981 | M5: =(0.3*O5+0.7*(P5+Q5))/0.7 -> 0.94360902 | N5: =VLOOKUP($A5,'2023_2ANO_LP_LTR + ECT'!$H:$AE,21,0) -> 0.02631579 | O5: =VLOOKUP($A5,'2023_2ANO_LP_LTR + ECT'!$H:$AE,22,0) -> 0.052631579 | P5: =VLOOKUP($A5,'2023_2ANO_LP_LTR + ECT'!$H:$AE,23,0) -> 0.25 | Q5: =VLOOKUP($A5,'2023_2ANO_LP_LTR + ECT'!$H:$AE,24,0) -> 0.67105263 | R5: =VLOOKUP($A5,'2023_2ANO_LP_LTR + ECT'!$H:$AE,16,0)/100 -> 0.96815287 | S5: =(0.5*U5+0.25*Y5+0.25*AD5) -> 0.77270988 | T5: 0.77270988 | U5: =(V5-W5)/(X5-W5) -> 0.61231358 | V5: =VLOOKUP(A5,'2023_2ANO_MT'!$H:$X,17,0) -> 580.06916 | W5: ='REF - Profic Média e DP 2022'!$D$3-3*'REF - Profic Média e DP 2022'!$E$3 -> 256.66073 | X5: ='REF - Profic Média e DP 2022'!$D$3+3*'REF - Profic Média e DP 2022'!$E$3 -> 784.83525 | Y5: =(0.3*AA5+0.7*(AB5+AC5))/0.7 -> 0.89816124 | Z5: =VLOOKUP($A5,'2023_2ANO_MT'!$H:$AE,21,0) -> 0.02640264 | AA5: =VLOOKUP($A5,'2023_2ANO_MT'!$H:$AE,22,0) -> 0.1320132 | AB5: =VLOOKUP($A5,'2023_2ANO_MT'!$H:$AE,23,0) -> 0.37953795 | AC5: =VLOOKUP($A5,'2023_2ANO_MT'!$H:$AE,24,0) -> 0.4620462 | AD5: =VLOOKUP($A5,'2023_2ANO_MT'!$H:$AE,16,0)/100 -> 0.96805112 | AE5: =0.6*AF5+0.4*AQ5 -> 0.74825865 | AF5: =(0.5*AG5+0.25*AK5+0.25*AP5) -> 0.75516596 | AG5: =(AH5-AI5)/(AJ5-AI5) -> 0.60096826 | AH5: =VLOOKUP($A5,'2022_2ANO_LP_LTR + ECT'!H:X,17,0) -> 684.56171 | AI5: ='REF - Profic Média e DP 2022'!$D$2-3*'REF - Profic Média e DP 2022'!$E$2 -> 295.99944 | AJ5: ='REF - Profic Média e DP 2022'!$D$2+3*'REF - Profic Média e DP 2022'!$E$2 -> 942.55981 | AK5: =(0.3*AM5+0.7*(AN5+AO5))/0.7 -> 0.8968523 | AL5: =VLOOKUP($A5,'2022_2ANO_LP_LTR + ECT'!$H:$AE,21,0) -> 0.050847458 | AM5: =VLOOKUP($A5,'2022_2ANO_LP_LTR + ECT'!$H:$AE,22,0) -> 0.091525424 | AN5: =VLOOKUP($A5,'2022_2ANO_LP_LTR + ECT'!$H:$AE,23,0) -> 0.40677966 | AO5: =VLOOKUP($A5,'2022_2ANO_LP_LTR + ECT'!$H:$AE,24,0) -> 0.45084746 | AP5: =VLOOKUP($A5,'2022_2ANO_LP_LTR + ECT'!$H:$AE,16,0)/100 -> 0.921875 | AQ5: =(0.5*AR5+0.25*AV5+0.25*BA5) -> 0.7378977 | AR5: =(AS5-AT5)/(AU5-AT5) -> 0.57938126 | AS5: =VLOOKUP($A5,'2022_2ANO_MT'!$H:$X,17,0) -> 562.67515 | AT5: ='REF - Profic Média e DP 2022'!$D$3-3*'REF - Profic Média e DP 2022'!$E$3 -> 256.66073 | AU5: ='REF - Profic Média e DP 2022'!$D$3+3*'REF - Profic Média e DP 2022'!$E$3 -> 784.83525 | AV5: =(0.3*AX5+0.7*(AY5+AZ5))/0.7 -> 0.86093972 | AW5: =VLOOKUP($A5,'2022_2ANO_MT'!$H:$AE,21,0) -> 0.03654485 | AX5: =VLOOKUP($A5,'2022_2ANO_MT'!$H:$AE,22,0) -> 0.17940199 | AY5: =VLOOKUP($A5,'2022_2ANO_MT'!$H:$AE,23,0) -> 0.40531561 | AZ5: =VLOOKUP($A5,'2022_2ANO_MT'!$H:$AE,24,0) -> 0.37873754 | BA5: =VLOOKUP($A5,'2022_2ANO_MT'!$H:$AE,16,0)/100 -> 0.93188854 | BB5: =0.5*BE5+0.5*BC5 -> 0.65229881 | BC5: =(BD5-MIN($BD$5:$BD$82))/(MAX($BD$5:$BD$82)-MIN($BD$5:$BD$82)) -> 0.5751854 | BD5: =BE5-CB5 -> 0.046686823 | BE5: =0.5*BF5+0.5*BQ5 -> 0.72941222 | BF5: =(0.5*BG5+0.25*BK5+0.25*BP5) -> 0.73235174 | BG5: =(BH5-BI5)/(BJ5-BI5) -> 0.58199833 | BH5: =VLOOKUP($A5,'2023_5ANO_LP'!$H:$X,17,0) -> 229.77733 | BI5: ='REF - Profic Média e DP 2022'!$D$4-3*'REF - Profic Média e DP 2022'!$E$4 -> 49.637461 | BJ5: ='REF - Profic Média e DP 2022'!$D$4+3*'REF - Profic Média e DP 2022'!$E$4 -> 359.15703 | BK5: =(0.3*BM5+0.7*(BN5+BO5))/0.7 -> 0.817718 | BL5: =VLOOKUP($A5,'2023_5ANO_LP'!$H:$AE,21,0) -> 0.061688312 | BM5: =VLOOKUP($A5,'2023_5ANO_LP'!$H:$AE,22,0) -> 0.21103896 | BN5: =VLOOKUP($A5,'2023_5ANO_LP'!$H:$AE,23,0) -> 0.39285714 | BO5: =VLOOKUP($A5,'2023_5ANO_LP'!$H:$AE,24,0) -> 0.33441558 | BP5: =VLOOKUP($A5,'2023_5ANO_LP'!$H:$AE,16,0)/100 -> 0.94769231 | BQ5: =(0.5*BR5+0.25*BV5+0.25*CA5) -> 0.72647271 | BR5: =(BS5-BT5)/(BU5-BT5) -> 0.59946105 | BS5: =VLOOKUP($A5,'2023_5ANO_MT'!H:X,17,0) -> 243.54767 | BT5: ='REF - Profic Média e DP 2022'!$D$5-3*'REF - Profic Média e DP 2022'!$E$5 -> 78.560591 | BU5: ='REF - Profic Média e DP 2022'!$D$5+3*'REF - Profic Média e DP 2022'!$E$5 -> 353.78627 | BV5: =(0.3*BX5+0.7*(BY5+BZ5))/0.7 -> 0.75927644 | BW5: =VLOOKUP($A5,'2023_5ANO_MT'!$H:$AE,21,0) -> 0.081168831 | BX5: =VLOOKUP($A5,'2023_5ANO_MT'!$H:$AE,22,0) -> 0.27922078 | BY5: =VLOOKUP($A5,'2023_5ANO_MT'!$H:$AE,23,0) -> 0.38636364 | BZ5: =VLOOKUP($A5,'2023_5ANO_MT'!$H:$AE,24,0) -> 0.25324675 | CA5: =VLOOKUP($A5,'2023_5ANO_MT'!$H:$AE,16,0)/100 -> 0.94769231 | CB5: =0.5*CC5+0.5*CN5 -> 0.6827254 | CC5: =(0.5*CD5+0.25*CH5+0.25*CM5) -> 0.68409108 | CD5: =(CE5-CF5)/(CG5-CF5) -> 0.54763762 | CE5: =VLOOKUP($A5,'2022_5ANO_LP'!$H:$X,17,0) -> 219.14202 | CF5: ='REF - Profic Média e DP 2022'!$D$4-3*'REF - Profic Média e DP 2022'!$E$4 -> 49.637461 | CG5: ='REF - Profic Média e DP 2022'!$D$4+3*'REF - Profic Média e DP 2022'!$E$4 -> 359.15703 | CH5: =(0.3*CJ5+0.7*(CK5+CL5))/0.7 -> 0.74570447 | CI5: =VLOOKUP($A5,'2022_5ANO_LP'!$H:$AE,21,0) -> 0.089347079 | CJ5: =VLOOKUP($A5,'2022_5ANO_LP'!$H:$AE,22,0) -> 0.28865979 | CK5: =VLOOKUP($A5,'2022_5ANO_LP'!$H:$AE,23,0) -> 0.35738832 | CL5: =VLOOKUP($A5,'2022_5ANO_LP'!$H:$AE,24,0) -> 0.26460481 | CM5: =VLOOKUP($A5,'2022_5ANO_LP'!$H:$AE,16,0)/100 -> 0.89538462 | CN5: =(0.5*CO5+0.25*CS5+0.25*CX5) -> 0.68135972 | CO5: =(CP5-CQ5)/(CR5-CQ5) -> 0.57015723 | CP5: =VLOOKUP($A5,'2022_5ANO_MT'!H:X,17,0) -> 235.4825 | CQ5: ='REF - Profic Média e DP 2022'!$D$5-3*'REF - Profic Média e DP 2022'!$E$5 -> 78.560591 | CR5: ='REF - Profic Média e DP 2022'!$D$5+3*'REF - Profic Média e DP 2022'!$E$5 -> 353.78627 | CS5: =(0.3*CU5+0.7*(CV5+CW5))/0.7 -> 0.68973981 | CT5: =VLOOKUP($A5,'2022_5ANO_MT'!$H:$AE,21,0) -> 0.12371134 | CU5: =VLOOKUP($A5,'2022_5ANO_MT'!$H:$AE,22,0) -> 0.32646048 | CV5: =VLOOKUP($A5,'2022_5ANO_MT'!$H:$AE,23,0) -> 0.36082474 | CW5: =VLOOKUP($A5,'2022_5ANO_MT'!$H:$AE,24,0) -> 0.18900344 | CX5: =VLOOKUP($A5,'2022_5ANO_MT'!$H:$AE,16,0)/100 -> 0.89538462
A6: 3200169 | B6: AGUA DOCE DO NORTE | C6: =0.6*D6+0.4*BB6 -> 0.73192125 | D6: =0.5*G6+0.5*E6 -> 0.87508902 | E6: =(F6-MIN($F$5:$F$82))/(MAX($F$5:$F$82)-MIN($F$5:$F$82)) -> 1 | F6: =G6-AE6 -> 0.12492866 | G6: =0.6*H6+0.4*S6 -> 0.75017805 | H6: =(0.5*I6+0.25*M6+0.25*R6) -> 0.73889655 | I6: =(J6-K6)/(L6-K6) -> 0.59583351 | J6: =VLOOKUP(A6,'2023_2ANO_LP_LTR + ECT'!$H:$X,17,0) -> 681.24178 | K6: ='REF - Profic Média e DP 2022'!$D$2-3*'REF - Profic Média e DP 2022'!$E$2 -> 295.99944 | L6: ='REF - Profic Média e DP 2022'!$D$2+3*'REF - Profic Média e DP 2022'!$E$2 -> 942.55981 | M6: =(0.3*O6+0.7*(P6+Q6))/0.7 -> 0.85966387 | N6: =VLOOKUP($A6,'2023_2ANO_LP_LTR + ECT'!$H:$AE,21,0) -> 0.076470588 | O6: =VLOOKUP($A6,'2023_2ANO_LP_LTR + ECT'!$H:$AE,22,0) -> 0.11176471 | P6: =VLOOKUP($A6,'2023_2ANO_LP_LTR + ECT'!$H:$AE,23,0) -> 0.35882353 | Q6: =VLOOKUP($A6,'2023_2ANO_LP_LTR + ECT'!$H:$AE,24,0) -> 0.45294118 | R6: =VLOOKUP($A6,'2023_2ANO_LP_LTR + ECT'!$H:$AE,16,0)/100 -> 0.90425532 | S6: =(0.5*U6+0.25*Y6+0.25*AD6) -> 0.76710029 | T6: 0.76710029 | U6: =(V6-W6)/(X6-W6) -> 0.63164712 | V6: =VLOOKUP(A6,'2023_2ANO_MT'!$H:$X,17,0) -> 590.28064 | W6: ='REF - Profic Média e DP 2022'!$D$3-3*'REF - Profic Média e DP 2022'!$E$3 -> 256.66073 | X6: ='REF - Profic Média e DP 2022'!$D$3+3*'REF - Profic Média e DP 2022'!$E$3 -> 784.83525 | Y6: =(0.3*AA6+0.7*(AB6+AC6))/0.7 -> 0.90617075 | Z6: =VLOOKUP($A6,'2023_2ANO_MT'!$H:$AE,21,0) -> 0.029585799 | AA6: =VLOOKUP($A6,'2023_2ANO_MT'!$H:$AE,22,0) -> 0.11242604 | AB6: =VLOOKUP($A6,'2023_2ANO_MT'!$H:$AE,23,0) -> 0.23668639 | AC6: =VLOOKUP($A6,'2023_2ANO_MT'!$H:$AE,24,0) -> 0.62130178 | AD6: =VLOOKUP($A6,'2023_2ANO_MT'!$H:$AE,16,0)/100 -> 0.89893617 | AE6: =0.6*AF6+0.4*AQ6 -> 0.62524939 | AF6: =(0.5*AG6+0.25*AK6+0.25*AP6) -> 0.64502754 | AG6: =(AH6-AI6)/(AJ6-AI6) -> 0.48144048 | AH6: =VLOOKUP($A6,'2022_2ANO_LP_LTR + ECT'!H:X,17,0) -> 607.27978 | AI6: ='REF - Profic Média e DP 2022'!$D$2-3*'REF - Profic Média e DP 2022'!$E$2 -> 295.99944 | AJ6: ='REF - Profic Média e DP 2022'!$D$2+3*'REF - Profic Média e DP 2022'!$E$2 -> 942.55981 | AK6: =(0.3*AM6+0.7*(AN6+AO6))/0.7 -> 0.72216749 | AL6: =VLOOKUP($A6,'2022_2ANO_LP_LTR + ECT'!$H:$AE,21,0) -> 0.17931034 | AM6: =VLOOKUP($A6,'2022_2ANO_LP_LTR + ECT'!$H:$AE,22,0) -> 0.17241379 | AN6: =VLOOKUP($A6,'2022_2ANO_LP_LTR + ECT'!$H:$AE,23,0) -> 0.48275862 | AO6: =VLOOKUP($A6,'2022_2ANO_LP_LTR + ECT'!$H:$AE,24,0) -> 0.16551724 | AP6: =VLOOKUP($A6,'2022_2ANO_LP_LTR + ECT'!$H:$AE,16,0)/100 -> 0.89506173 | AQ6: =(0.5*AR6+0.25*AV6+0.25*BA6) -> 0.59558217 | AR6: =(AS6-AT6)/(AU6-AT6) -> 0.44001546 | AS6: =VLOOKUP($A6,'2022_2ANO_MT'!$H:$X,17,0) -> 489.06568 | AT6: ='REF - Profic Média e DP 2022'!$D$3-3*'REF - Profic Média e DP 2022'!$E$3 -> 256.66073 | AU6: ='REF - Profic Média e DP 2022'!$D$3+3*'REF - Profic Média e DP 2022'!$E$3 -> 784.83525 | AV6: =(0.3*AX6+0.7*(AY6+AZ6))/0.7 -> 0.62575453 | AW6: =VLOOKUP($A6,'2022_2ANO_MT'!$H:$AE,21,0) -> 0.14084507 | AX6: =VLOOKUP($A6,'2022_2ANO_MT'!$H:$AE,22,0) -> 0.4084507 | AY6: =VLOOKUP($A6,'2022_2ANO_MT'!$H:$AE,23,0) -> 0.38028169 | AZ6: =VLOOKUP($A6,'2022_2ANO_MT'!$H:$AE,24,0) -> 0.070422535 | BA6: =VLOOKUP($A6,'2022_2ANO_MT'!$H:$AE,16,0)/100 -> 0.87654321 | BB6: =0.5*BE6+0.5*BC6 -> 0.51716959 | BC6: =(BD6-MIN($BD$5:$BD$82))/(MAX($BD$5:$BD$82)-MIN($BD$5:$BD$82)) -> 0.34613314 | BD6: =BE6-CB6 -> 0.017217146 | BE6: =0.5*BF6+0.5*BQ6 -> 0.68820605 | BF6: =(0.5*BG6+0.25*BK6+0.25*BP6) -> 0.68417869 | BG6: =(BH6-BI6)/(BJ6-BI6) -> 0.54112124 | BH6: =VLOOKUP($A6,'2023_5ANO_LP'!$H:$X,17,0) -> 217.12508 | BI6: ='REF - Profic Média e DP 2022'!$D$4-3*'REF - Profic Média e DP 2022'!$E$4 -> 49.637461 | BJ6: ='REF - Profic Média e DP 2022'!$D$4+3*'REF - Profic Média e DP 2022'!$E$4 -> 359.15703 | BK6: =(0.3*BM6+0.7*(BN6+BO6))/0.7 -> 0.73239437 | BL6: =VLOOKUP($A6,'2023_5ANO_LP'!$H:$AE,21,0) -> 0.070422535 | BM6: =VLOOKUP($A6,'2023_5ANO_LP'!$H:$AE,22,0) -> 0.34507042 | BN6: =VLOOKUP($A6,'2023_5ANO_LP'!$H:$AE,23,0) -> 0.34507042 | BO6: =VLOOKUP($A6,'2023_5ANO_LP'!$H:$AE,24,0) -> 0.23943662 | BP6: =VLOOKUP($A6,'2023_5ANO_LP'!$H:$AE,16,0)/100 -> 0.92207792 | BQ6: =(0.5*BR6+0.25*BV6+0.25*CA6) -> 0.6922334 | BR6: =(BS6-BT6)/(BU6-BT6) -> 0.56226083 | BS6: =VLOOKUP($A6,'2023_5ANO_MT'!H:X,17,0) -> 233.30921 | BT6: ='REF - Profic Média e DP 2022'!$D$5-3*'REF - Profic Média e DP 2022'!$E$5 -> 78.560591 | BU6: ='REF - Profic Média e DP 2022'!$D$5+3*'REF - Profic Média e DP 2022'!$E$5 -> 353.78627 | BV6: =(0.3*BX6+0.7*(BY6+BZ6))/0.7 -> 0.722334 | BW6: =VLOOKUP($A6,'2023_5ANO_MT'!$H:$AE,21,0) -> 0.11267606 | BX6: =VLOOKUP($A6,'2023_5ANO_MT'!$H:$AE,22,0) -> 0.28873239 | BY6: =VLOOKUP($A6,'2023_5ANO_MT'!$H:$AE,23,0) -> 0.38732394 | BZ6: =VLOOKUP($A6,'2023_5ANO_MT'!$H:$AE,24,0) -> 0.21126761 | CA6: =VLOOKUP($A6,'2023_5ANO_MT'!$H:$AE,16,0)/100 -> 0.92207792 | CB6: =0.5*CC6+0.5*CN6 -> 0.6709889 | CC6: =(0.5*CD6+0.25*CH6+0.25*CM6) -> 0.66981036 | CD6: =(CE6-CF6)/(CG6-CF6) -> 0.52570752 | CE6: =VLOOKUP($A6,'2022_5ANO_LP'!$H:$X,17,0) -> 212.35423 | CF6: ='REF - Profic Média e DP 2022'!$D$4-3*'REF - Profic Média e DP 2022'!$E$4 -> 49.637461 | CG6: ='REF - Profic Média e DP 2022'!$D$4+3*'REF - Profic Média e DP 2022'!$E$4 -> 359.15703 | CH6: =(0.3*CJ6+0.7*(CK6+CL6))/0.7 -> 0.69340017 | CI6: =VLOOKUP($A6,'2022_5ANO_LP'!$H:$AE,21,0) -> 0.12280702 | CJ6: =VLOOKUP($A6,'2022_5ANO_LP'!$H:$AE,22,0) -> 0.32163743 | CK6: =VLOOKUP($A6,'2022_5ANO_LP'!$H:$AE,23,0) -> 0.29239766 | CL6: =VLOOKUP($A6,'2022_5ANO_LP'!$H:$AE,24,0) -> 0.26315789 | CM6: =VLOOKUP($A6,'2022_5ANO_LP'!$H:$AE,16,0)/100 -> 0.93442623 | CN6: =(0.5*CO6+0.25*CS6+0.25*CX6) -> 0.67216744 | CO6: =(CP6-CQ6)/(CR6-CQ6) -> 0.54002904 | CP6: =VLOOKUP($A6,'2022_5ANO_MT'!H:X,17,0) -> 227.19045 | CQ6: ='REF - Profic Média e DP 2022'!$D$5-3*'REF - Profic Média e DP 2022'!$E$5 -> 78.560591 | CR6: ='REF - Profic Média e DP 2022'!$D$5+3*'REF - Profic Média e DP 2022'!$E$5 -> 353.78627 | CS6: =(0.3*CU6+0.7*(CV6+CW6))/0.7 -> 0.67418546 | CT6: =VLOOKUP($A6,'2022_5ANO_MT'!$H:$AE,21,0) -> 0.12865497 | CU6: =VLOOKUP($A6,'2022_5ANO_MT'!$H:$AE,22,0) -> 0.34502924 | CV6: =VLOOKUP($A6,'2022_5ANO_MT'!$H:$AE,23,0) -> 0.39766082 | CW6: =VLOOKUP($A6,'2022_5ANO_MT'!$H:$AE,24,0) -> 0.12865497 | CX6: =VLOOKUP($A6,'2022_5ANO_MT'!$H:$AE,16,0)/100 -> 0.93442623
A7: 3200136 | B7: AGUIA BRANCA | C7: =0.6*D7+0.4*BB7 -> 0.71596432 | D7: =0.5*G7+0.5*E7 -> 0.7701334 | E7: =(F7-MIN($F$5:$F$82))/(MAX($F$5:$F$82)-MIN($F$5:$F$82)) -> 0.72402267 | F7: =G7-AE7 -> 0.081041611 | G7: =0.6*H7+0.4*S7 -> 0.81624414 | H7: =(0.5*I7+0.25*M7+0.25*R7) -> 0.80750994 | I7: =(J7-K7)/(L7-K7) -> 0.66010967 | J7: =VLOOKUP(A7,'2023_2ANO_LP_LTR + ECT'!$H:$X,17,0) -> 722.8002 | K7: ='REF - Profic Média e DP 2022'!$D$2-3*'REF - Profic Média e DP 2022'!$E$2 -> 295.99944 | L7: ='REF - Profic Média e DP 2022'!$D$2+3*'REF - Profic Média e DP 2022'!$E$2 -> 942.55981 | M7: =(0.3*O7+0.7*(P7+Q7))/0.7 -> 0.96903097 | N7: =VLOOKUP($A7,'2023_2ANO_LP_LTR + ECT'!$H:$AE,21,0) -> 0.006993007 | O7: =VLOOKUP($A7,'2023_2ANO_LP_LTR + ECT'!$H:$AE,22,0) -> 0.041958042 | P7: =VLOOKUP($A7,'2023_2ANO_LP_LTR + ECT'!$H:$AE,23,0) -> 0.34265734 | Q7: =VLOOKUP($A7,'2023_2ANO_LP_LTR + ECT'!$H:$AE,24,0) -> 0.60839161 | R7: =VLOOKUP($A7,'2023_2ANO_LP_LTR + ECT'!$H:$AE,16,0)/100 -> 0.94078947 | S7: =(0.5*U7+0.25*Y7+0.25*AD7) -> 0.82934542 | T7: 0.82934542 | U7: =(V7-W7)/(X7-W7) -> 0.70193514 | V7: =VLOOKUP(A7,'2023_2ANO_MT'!$H:$X,17,0) -> 627.40499 | W7: ='REF - Profic Média e DP 2022'!$D$3-3*'REF - Profic Média e DP 2022'!$E$3 -> 256.66073 | X7: ='REF - Profic Média e DP 2022'!$D$3+3*'REF - Profic Média e DP 2022'!$E$3 -> 784.83525 | Y7: =(0.3*AA7+0.7*(AB7+AC7))/0.7 -> 0.97973658 | Z7: =VLOOKUP($A7,'2023_2ANO_MT'!$H:$AE,21,0) -> 0 | AA7: =VLOOKUP($A7,'2023_2ANO_MT'!$H:$AE,22,0) -> 0.035460993 | AB7: =VLOOKUP($A7,'2023_2ANO_MT'!$H:$AE,23,0) -> 0.19148936 | AC7: =VLOOKUP($A7,'2023_2ANO_MT'!$H:$AE,24,0) -> 0.77304965 | AD7: =VLOOKUP($A7,'2023_2ANO_MT'!$H:$AE,16,0)/100 -> 0.93377483 | AE7: =0.6*AF7+0.4*AQ7 -> 0.73520252 | AF7: =(0.5*AG7+0.25*AK7+0.25*AP7) -> 0.71134563 | AG7: =(AH7-AI7)/(AJ7-AI7) -> 0.55065345 | AH7: =VLOOKUP($A7,'2022_2ANO_LP_LTR + ECT'!H:X,17,0) -> 652.03014 | AI7: ='REF - Profic Média e DP 2022'!$D$2-3*'REF - Profic Média e DP 2022'!$E$2 -> 295.99944 | AJ7: ='REF - Profic Média e DP 2022'!$D$2+3*'REF - Profic Média e DP 2022'!$E$2 -> 942.55981 | AK7: =(0.3*AM7+0.7*(AN7+AO7))/0.7 -> 0.83443709 | AL7: =VLOOKUP($A7,'2022_2ANO_LP_LTR + ECT'!$H:$AE,21,0) -> 0.059602649 | AM7: =VLOOKUP($A7,'2022_2ANO_LP_LTR + ECT'!$H:$AE,22,0) -> 0.18543046 | AN7: =VLOOKUP($A7,'2022_2ANO_LP_LTR + ECT'!$H:$AE,23,0) -> 0.47019868 | AO7: =VLOOKUP($A7,'2022_2ANO_LP_LTR + ECT'!$H:$AE,24,0) -> 0.28476821 | AP7: =VLOOKUP($A7,'2022_2ANO_LP_LTR + ECT'!$H:$AE,16,0)/100 -> 0.90963855 | AQ7: =(0.5*AR7+0.25*AV7+0.25*BA7) -> 0.77098786 | AR7: =(AS7-AT7)/(AU7-AT7) -> 0.63731135 | AS7: =VLOOKUP($A7,'2022_2ANO_MT'!$H:$X,17,0) -> 593.27235 | AT7: ='REF - Profic Média e DP 2022'!$D$3-3*'REF - Profic Média e DP 2022'!$E$3 -> 256.66073 | AU7: ='REF - Profic Média e DP 2022'!$D$3+3*'REF - Profic Média e DP 2022'!$E$3 -> 784.83525 | AV7: =(0.3*AX7+0.7*(AY7+AZ7))/0.7 -> 0.90571429 | AW7: =VLOOKUP($A7,'2022_2ANO_MT'!$H:$AE,21,0) -> 0.033333333 | AX7: =VLOOKUP($A7,'2022_2ANO_MT'!$H:$AE,22,0) -> 0.10666667 | AY7: =VLOOKUP($A7,'2022_2ANO_MT'!$H:$AE,23,0) -> 0.32666667 | AZ7: =VLOOKUP($A7,'2022_2ANO_MT'!$H:$AE,24,0) -> 0.53333333 | BA7: =VLOOKUP($A7,'2022_2ANO_MT'!$H:$AE,16,0)/100 -> 0.90361446 | BB7: =0.5*BE7+0.5*BC7 -> 0.63471071 | BC7: =(BD7-MIN($BD$5:$BD$82))/(MAX($BD$5:$BD$82)-MIN($BD$5:$BD$82)) -> 0.53812224 | BD7: =BE7-CB7 -> 0.041918307 | BE7: =0.5*BF7+0.5*BQ7 -> 0.73129917 | BF7: =(0.5*BG7+0.25*BK7+0.25*BP7) -> 0.7331189 | BG7: =(BH7-BI7)/(BJ7-BI7) -> 0.58175715 | BH7: =VLOOKUP($A7,'2023_5ANO_LP'!$H:$X,17,0) -> 229.70269 | BI7: ='REF - Profic Média e DP 2022'!$D$4-3*'REF - Profic Média e DP 2022'!$E$4 -> 49.637461 | BJ7: ='REF - Profic Média e DP 2022'!$D$4+3*'REF - Profic Média e DP 2022'!$E$4 -> 359.15703 | BK7: =(0.3*BM7+0.7*(BN7+BO7))/0.7 -> 0.82817183 | BL7: =VLOOKUP($A7,'2023_5ANO_LP'!$H:$AE,21,0) -> 0.027972028 | BM7: =VLOOKUP($A7,'2023_5ANO_LP'!$H:$AE,22,0) -> 0.25174825 | BN7: =VLOOKUP($A7,'2023_5ANO_LP'!$H:$AE,23,0) -> 0.3986014 | BO7: =VLOOKUP($A7,'2023_5ANO_LP'!$H:$AE,24,0) -> 0.32167832 | BP7: =VLOOKUP($A7,'2023_5ANO_LP'!$H:$AE,16,0)/100 -> 0.94078947 | BQ7: =(0.5*BR7+0.25*BV7+0.25*CA7) -> 0.72947945 | BR7: =(BS7-BT7)/(BU7-BT7) -> 0.60145127 | BS7: =VLOOKUP($A7,'2023_5ANO_MT'!H:X,17,0) -> 244.09543 | BT7: ='REF - Profic Média e DP 2022'!$D$5-3*'REF - Profic Média e DP 2022'!$E$5 -> 78.560591 | BU7: ='REF - Profic Média e DP 2022'!$D$5+3*'REF - Profic Média e DP 2022'!$E$5 -> 353.78627 | BV7: =(0.3*BX7+0.7*(BY7+BZ7))/0.7 -> 0.77422577 | BW7: =VLOOKUP($A7,'2023_5ANO_MT'!$H:$AE,21,0) -> 0.06993007 | BX7: =VLOOKUP($A7,'2023_5ANO_MT'!$H:$AE,22,0) -> 0.27272727 | BY7: =VLOOKUP($A7,'2023_5ANO_MT'!$H:$AE,23,0) -> 0.41258741 | BZ7: =VLOOKUP($A7,'2023_5ANO_MT'!$H:$AE,24,0) -> 0.24475524 | CA7: =VLOOKUP($A7,'2023_5ANO_MT'!$H:$AE,16,0)/100 -> 0.94078947 | CB7: =0.5*CC7+0.5*CN7 -> 0.68938087 | CC7: =(0.5*CD7+0.25*CH7+0.25*CM7) -> 0.69155579 | CD7: =(CE7-CF7)/(CG7-CF7) -> 0.53548103 | CE7: =VLOOKUP($A7,'2022_5ANO_LP'!$H:$X,17,0) -> 215.37932 | CF7: ='REF - Profic Média e DP 2022'!$D$4-3*'REF - Profic Média e DP 2022'!$E$4 -> 49.637461 | CG7: ='REF - Profic Média e DP 2022'!$D$4+3*'REF - Profic Média e DP 2022'!$E$4 -> 359.15703 | CH7: =(0.3*CJ7+0.7*(CK7+CL7))/0.7 -> 0.75159915 | CI7: =VLOOKUP($A7,'2022_5ANO_LP'!$H:$AE,21,0) -> 0.1119403 | CJ7: =VLOOKUP($A7,'2022_5ANO_LP'!$H:$AE,22,0) -> 0.23880597 | CK7: =VLOOKUP($A7,'2022_5ANO_LP'!$H:$AE,23,0) -> 0.44029851 | CL7: =VLOOKUP($A7,'2022_5ANO_LP'!$H:$AE,24,0) -> 0.20895522 | CM7: =VLOOKUP($A7,'2022_5ANO_LP'!$H:$AE,16,0)/100 -> 0.94366197 | CN7: =(0.5*CO7+0.25*CS7+0.25*CX7) -> 0.68720594 | CO7: =(CP7-CQ7)/(CR7-CQ7) -> 0.55609901 | CP7: =VLOOKUP($A7,'2022_5ANO_MT'!H:X,17,0) -> 231.61332 | CQ7: ='REF - Profic Média e DP 2022'!$D$5-3*'REF - Profic Média e DP 2022'!$E$5 -> 78.560591 | CR7: ='REF - Profic Média e DP 2022'!$D$5+3*'REF - Profic Média e DP 2022'!$E$5 -> 353.78627 | CS7: =(0.3*CU7+0.7*(CV7+CW7))/0.7 -> 0.69296375 | CT7: =VLOOKUP($A7,'2022_5ANO_MT'!$H:$AE,21,0) -> 0.11940299 | CU7: =VLOOKUP($A7,'2022_5ANO_MT'!$H:$AE,22,0) -> 0.32835821 | CV7: =VLOOKUP($A7,'2022_5ANO_MT'!$H:$AE,23,0) -> 0.37313433 | CW7: =VLOOKUP($A7,'2022_5ANO_MT'!$H:$AE,24,0) -> 0.17910448 | CX7: =VLOOKUP($A7,'2022_5ANO_MT'!$H:$AE,16,0)/100 -> 0.94366197
A8: 3200201 | B8: ALEGRE | C8: =0.6*D8+0.4*BB8 -> 0.38980252 | D8: =0.5*G8+0.5*E8 -> 0.35340051 | E8: =(F8-MIN($F$5:$F$82))/(MAX($F$5:$F$82)-MIN($F$5:$F$82)) -> 0.0050280055 | F8: =G8-AE8 -> -0.033295863 | G8: =0.6*H8+0.4*S8 -> 0.70177302 | H8: =(0.5*I8+0.25*M8+0.25*R8) -> 0.71295608 | I8: =(J8-K8)/(L8-K8) -> 0.55658549 | J8: =VLOOKUP(A8,'2023_2ANO_LP_LTR + ECT'!$H:$X,17,0) -> 655.86557 | K8: ='REF - Profic Média e DP 2022'!$D$2-3*'REF - Profic Média e DP 2022'!$E$2 -> 295.99944 | L8: ='REF - Profic Média e DP 2022'!$D$2+3*'REF - Profic Média e DP 2022'!$E$2 -> 942.55981 | M8: =(0.3*O8+0.7*(P8+Q8))/0.7 -> 0.79962894 | N8: =VLOOKUP($A8,'2023_2ANO_LP_LTR + ECT'!$H:$AE,21,0) -> 0.12121212 | O8: =VLOOKUP($A8,'2023_2ANO_LP_LTR + ECT'!$H:$AE,22,0) -> 0.13852814 | P8: =VLOOKUP($A8,'2023_2ANO_LP_LTR + ECT'!$H:$AE,23,0) -> 0.35497836 | Q8: =VLOOKUP($A8,'2023_2ANO_LP_LTR + ECT'!$H:$AE,24,0) -> 0.38528139 | R8: =VLOOKUP($A8,'2023_2ANO_LP_LTR + ECT'!$H:$AE,16,0)/100 -> 0.93902439 | S8: =(0.5*U8+0.25*Y8+0.25*AD8) -> 0.68499843 | T8: 0.68499843 | U8: =(V8-W8)/(X8-W8) -> 0.5209306 | V8: =VLOOKUP(A8,'2023_2ANO_MT'!$H:$X,17,0) -> 531.803 | W8: ='REF - Profic Média e DP 2022'!$D$3-3*'REF - Profic Média e DP 2022'!$E$3 -> 256.66073 | X8: ='REF - Profic Média e DP 2022'!$D$3+3*'REF - Profic Média e DP 2022'!$E$3 -> 784.83525 | Y8: =(0.3*AA8+0.7*(AB8+AC8))/0.7 -> 0.77130326 | Z8: =VLOOKUP($A8,'2023_2ANO_MT'!$H:$AE,21,0) -> 0.10087719 | AA8: =VLOOKUP($A8,'2023_2ANO_MT'!$H:$AE,22,0) -> 0.22368421 | AB8: =VLOOKUP($A8,'2023_2ANO_MT'!$H:$AE,23,0) -> 0.45175439 | AC8: =VLOOKUP($A8,'2023_2ANO_MT'!$H:$AE,24,0) -> 0.22368421 | AD8: =VLOOKUP($A8,'2023_2ANO_MT'!$H:$AE,16,0)/100 -> 0.92682927 | AE8: =0.6*AF8+0.4*AQ8 -> 0.73506888 | AF8: =(0.5*AG8+0.25*AK8+0.25*AP8) -> 0.72059821 | AG8: =(AH8-AI8)/(AJ8-AI8) -> 0.56563898 | AH8: =VLOOKUP($A8,'2022_2ANO_LP_LTR + ECT'!H:X,17,0) -> 661.71919 | AI8: ='REF - Profic Média e DP 2022'!$D$2-3*'REF - Profic Média e DP 2022'!$E$2 -> 295.99944 | AJ8: ='REF - Profic Média e DP 2022'!$D$2+3*'REF - Profic Média e DP 2022'!$E$2 -> 942.55981 | AK8: =(0.3*AM8+0.7*(AN8+AO8))/0.7 -> 0.82716049 | AL8: =VLOOKUP($A8,'2022_2ANO_LP_LTR + ECT'!$H:$AE,21,0) -> 0.057613169 | AM8: =VLOOKUP($A8,'2022_2ANO_LP_LTR + ECT'!$H:$AE,22,0) -> 0.20164609 | AN8: =VLOOKUP($A8,'2022_2ANO_LP_LTR + ECT'!$H:$AE,23,0) -> 0.38683128 | AO8: =VLOOKUP($A8,'2022_2ANO_LP_LTR + ECT'!$H:$AE,24,0) -> 0.35390946 | AP8: =VLOOKUP($A8,'2022_2ANO_LP_LTR + ECT'!$H:$AE,16,0)/100 -> 0.92395437 | AQ8: =(0.5*AR8+0.25*AV8+0.25*BA8) -> 0.7567749 | AR8: =(AS8-AT8)/(AU8-AT8) -> 0.62179694 | AS8: =VLOOKUP($A8,'2022_2ANO_MT'!$H:$X,17,0) -> 585.07803 | AT8: ='REF - Profic Média e DP 2022'!$D$3-3*'REF - Profic Média e DP 2022'!$E$3 -> 256.66073 | AU8: ='REF - Profic Média e DP 2022'!$D$3+3*'REF - Profic Média e DP 2022'!$E$3 -> 784.83525 | AV8: =(0.3*AX8+0.7*(AY8+AZ8))/0.7 -> 0.8899696 | AW8: =VLOOKUP($A8,'2022_2ANO_MT'!$H:$AE,21,0) -> 0.046808511 | AX8: =VLOOKUP($A8,'2022_2ANO_MT'!$H:$AE,22,0) -> 0.1106383 | AY8: =VLOOKUP($A8,'2022_2ANO_MT'!$H:$AE,23,0) -> 0.34893617 | AZ8: =VLOOKUP($A8,'2022_2ANO_MT'!$H:$AE,24,0) -> 0.49361702 | BA8: =VLOOKUP($A8,'2022_2ANO_MT'!$H:$AE,16,0)/100 -> 0.89353612 | BB8: =0.5*BE8+0.5*BC8 -> 0.44440552 | BC8: =(BD8-MIN($BD$5:$BD$82))/(MAX($BD$5:$BD$82)-MIN($BD$5:$BD$82)) -> 0.23364112 | BD8: =BE8-CB8 -> 0.0027440146 | BE8: =0.5*BF8+0.5*BQ8 -> 0.65516992 | BF8: =(0.5*BG8+0.25*BK8+0.25*BP8) -> 0.67355267 | BG8: =(BH8-BI8)/(BJ8-BI8) -> 0.52071491 | BH8: =VLOOKUP($A8,'2023_5ANO_LP'!$H:$X,17,0) -> 210.80892 | BI8: ='REF - Profic Média e DP 2022'!$D$4-3*'REF - Profic Média e DP 2022'!$E$4 -> 49.637461 | BJ8: ='REF - Profic Média e DP 2022'!$D$4+3*'REF - Profic Média e DP 2022'!$E$4 -> 359.15703 | BK8: =(0.3*BM8+0.7*(BN8+BO8))/0.7 -> 0.71841795 | BL8: =VLOOKUP($A8,'2023_5ANO_LP'!$H:$AE,21,0) -> 0.11157025 | BM8: =VLOOKUP($A8,'2023_5ANO_LP'!$H:$AE,22,0) -> 0.29752066 | BN8: =VLOOKUP($A8,'2023_5ANO_LP'!$H:$AE,23,0) -> 0.38842975 | BO8: =VLOOKUP($A8,'2023_5ANO_LP'!$H:$AE,24,0) -> 0.20247934 | BP8: =VLOOKUP($A8,'2023_5ANO_LP'!$H:$AE,16,0)/100 -> 0.93436293 | BQ8: =(0.5*BR8+0.25*BV8+0.25*CA8) -> 0.63678716 | BR8: =(BS8-BT8)/(BU8-BT8) -> 0.50739639 | BS8: =VLOOKUP($A8,'2023_5ANO_MT'!H:X,17,0) -> 218.20911 | BT8: ='REF - Profic Média e DP 2022'!$D$5-3*'REF - Profic Média e DP 2022'!$E$5 -> 78.560591 | BU8: ='REF - Profic Média e DP 2022'!$D$5+3*'REF - Profic Média e DP 2022'!$E$5 -> 353.78627 | BV8: =(0.3*BX8+0.7*(BY8+BZ8))/0.7 -> 0.59799292 | BW8: =VLOOKUP($A8,'2023_5ANO_MT'!$H:$AE,21,0) -> 0.16115702 | BX8: =VLOOKUP($A8,'2023_5ANO_MT'!$H:$AE,22,0) -> 0.4214876 | BY8: =VLOOKUP($A8,'2023_5ANO_MT'!$H:$AE,23,0) -> 0.32231405 | BZ8: =VLOOKUP($A8,'2023_5ANO_MT'!$H:$AE,24,0) -> 0.095041322 | CA8: =VLOOKUP($A8,'2023_5ANO_MT'!$H:$AE,16,0)/100 -> 0.93436293 | CB8: =0.5*CC8+0.5*CN8 -> 0.6524259 | CC8: =(0.5*CD8+0.25*CH8+0.25*CM8) -> 0.67939377 | CD8: =(CE8-CF8)/(CG8-CF8) -> 0.52884352 | CE8: =VLOOKUP($A8,'2022_5ANO_LP'!$H:$X,17,0) -> 213.32488 | CF8: ='REF - Profic Média e DP 2022'!$D$4-3*'REF - Profic Média e DP 2022'!$E$4 -> 49.637461 | CG8: ='REF - Profic Média e DP 2022'!$D$4+3*'REF - Profic Média e DP 2022'!$E$4 -> 359.15703 | CH8: =(0.3*CJ8+0.7*(CK8+CL8))/0.7 -> 0.71936759 | CI8: =VLOOKUP($A8,'2022_5ANO_LP'!$H:$AE,21,0) -> 0.12252964 | CJ8: =VLOOKUP($A8,'2022_5ANO_LP'!$H:$AE,22,0) -> 0.27667984 | CK8: =VLOOKUP($A8,'2022_5ANO_LP'!$H:$AE,23,0) -> 0.34387352 | CL8: =VLOOKUP($A8,'2022_5ANO_LP'!$H:$AE,24,0) -> 0.256917 | CM8: =VLOOKUP($A8,'2022_5ANO_LP'!$H:$AE,16,0)/100 -> 0.94052045 | CN8: =(0.5*CO8+0.25*CS8+0.25*CX8) -> 0.62545803 | CO8: =(CP8-CQ8)/(CR8-CQ8) -> 0.49720017 | CP8: =VLOOKUP($A8,'2022_5ANO_MT'!H:X,17,0) -> 215.40285 | CQ8: ='REF - Profic Média e DP 2022'!$D$5-3*'REF - Profic Média e DP 2022'!$E$5 -> 78.560591 | CR8: ='REF - Profic Média e DP 2022'!$D$5+3*'REF - Profic Média e DP 2022'!$E$5 -> 353.78627 | CS8: =(0.3*CU8+0.7*(CV8+CW8))/0.7 -> 0.56691135 | CT8: =VLOOKUP($A8,'2022_5ANO_MT'!$H:$AE,21,0) -> 0.22529644 | CU8: =VLOOKUP($A8,'2022_5ANO_MT'!$H:$AE,22,0) -> 0.36363636 | CV8: =VLOOKUP($A8,'2022_5ANO_MT'!$H:$AE,23,0) -> 0.30039526 | CW8: =VLOOKUP($A8,'2022_5ANO_MT'!$H:$AE,24,0) -> 0.11067194 | CX8: =VLOOKUP($A8,'2022_5ANO_MT'!$H:$AE,16,0)/100 -> 0.94052045
A9: 3200300 | B9: ALFREDO CHAVES | C9: =0.6*D9+0.4*BB9 -> 0.53587705 | D9: =0.5*G9+0.5*E9 -> 0.53155834 | E9: =(F9-MIN($F$5:$F$82))/(MAX($F$5:$F$82)-MIN($F$5:$F$82)) -> 0.29105042 | F9: =G9-AE9 -> 0.012188591 | G9: =0.6*H9+0.4*S9 -> 0.77206626 | H9: =(0.5*I9+0.25*M9+0.25*R9) -> 0.76567796 | I9: =(J9-K9)/(L9-K9) -> 0.61675567 | J9: =VLOOKUP(A9,'2023_2ANO_LP_LTR + ECT'!$H:$X,17,0) -> 694.76922 | K9: ='REF - Profic Média e DP 2022'!$D$2-3*'REF - Profic Média e DP 2022'!$E$2 -> 295.99944 | L9: ='REF - Profic Média e DP 2022'!$D$2+3*'REF - Profic Média e DP 2022'!$E$2 -> 942.55981 | M9: =(0.3*O9+0.7*(P9+Q9))/0.7 -> 0.86512866 | N9: =VLOOKUP($A9,'2023_2ANO_LP_LTR + ECT'!$H:$AE,21,0) -> 0.074534162 | O9: =VLOOKUP($A9,'2023_2ANO_LP_LTR + ECT'!$H:$AE,22,0) -> 0.10559006 | P9: =VLOOKUP($A9,'2023_2ANO_LP_LTR + ECT'!$H:$AE,23,0) -> 0.27950311 | Q9: =VLOOKUP($A9,'2023_2ANO_LP_LTR + ECT'!$H:$AE,24,0) -> 0.54037267 | R9: =VLOOKUP($A9,'2023_2ANO_LP_LTR + ECT'!$H:$AE,16,0)/100 -> 0.96407186 | S9: =(0.5*U9+0.25*Y9+0.25*AD9) -> 0.78164872 | T9: 0.78164872 | U9: =(V9-W9)/(X9-W9) -> 0.62889837 | V9: =VLOOKUP(A9,'2023_2ANO_MT'!$H:$X,17,0) -> 588.82883 | W9: ='REF - Profic Média e DP 2022'!$D$3-3*'REF - Profic Média e DP 2022'!$E$3 -> 256.66073 | X9: ='REF - Profic Média e DP 2022'!$D$3+3*'REF - Profic Média e DP 2022'!$E$3 -> 784.83525 | Y9: =(0.3*AA9+0.7*(AB9+AC9))/0.7 -> 0.91071429 | Z9: =VLOOKUP($A9,'2023_2ANO_MT'!$H:$AE,21,0) -> 0.025 | AA9: =VLOOKUP($A9,'2023_2ANO_MT'!$H:$AE,22,0) -> 0.1125 | AB9: =VLOOKUP($A9,'2023_2ANO_MT'!$H:$AE,23,0) -> 0.3375 | AC9: =VLOOKUP($A9,'2023_2ANO_MT'!$H:$AE,24,0) -> 0.525 | AD9: =VLOOKUP($A9,'2023_2ANO_MT'!$H:$AE,16,0)/100 -> 0.95808383 | AE9: =0.6*AF9+0.4*AQ9 -> 0.75987767 | AF9: =(0.5*AG9+0.25*AK9+0.25*AP9) -> 0.7254463 | AG9: =(AH9-AI9)/(AJ9-AI9) -> 0.56373088 | AH9: =VLOOKUP($A9,'2022_2ANO_LP_LTR + ECT'!H:X,17,0) -> 660.48549 | AI9: ='REF - Profic Média e DP 2022'!$D$2-3*'REF - Profic Média e DP 2022'!$E$2 -> 295.99944 | AJ9: ='REF - Profic Média e DP 2022'!$D$2+3*'REF - Profic Média e DP 2022'!$E$2 -> 942.55981 | AK9: =(0.3*AM9+0.7*(AN9+AO9))/0.7 -> 0.84425349 | AL9: =VLOOKUP($A9,'2022_2ANO_LP_LTR + ECT'!$H:$AE,21,0) -> 0.022556391 | AM9: =VLOOKUP($A9,'2022_2ANO_LP_LTR + ECT'!$H:$AE,22,0) -> 0.23308271 | AN9: =VLOOKUP($A9,'2022_2ANO_LP_LTR + ECT'!$H:$AE,23,0) -> 0.37593985 | AO9: =VLOOKUP($A9,'2022_2ANO_LP_LTR + ECT'!$H:$AE,24,0) -> 0.36842105 | AP9: =VLOOKUP($A9,'2022_2ANO_LP_LTR + ECT'!$H:$AE,16,0)/100 -> 0.93006993 | AQ9: =(0.5*AR9+0.25*AV9+0.25*BA9) -> 0.81152474 | AR9: =(AS9-AT9)/(AU9-AT9) -> 0.67842268 | AS9: =VLOOKUP($A9,'2022_2ANO_MT'!$H:$X,17,0) -> 614.9863 | AT9: ='REF - Profic Média e DP 2022'!$D$3-3*'REF - Profic Média e DP 2022'!$E$3 -> 256.66073 | AU9: ='REF - Profic Média e DP 2022'!$D$3+3*'REF - Profic Média e DP 2022'!$E$3 -> 784.83525 | AV9: =(0.3*AX9+0.7*(AY9+AZ9))/0.7 -> 0.95918367 | AW9: =VLOOKUP($A9,'2022_2ANO_MT'!$H:$AE,21,0) -> 0.015037594 | AX9: =VLOOKUP($A9,'2022_2ANO_MT'!$H:$AE,22,0) -> 0.045112782 | AY9: =VLOOKUP($A9,'2022_2ANO_MT'!$H:$AE,23,0) -> 0.2556391 | AZ9: =VLOOKUP($A9,'2022_2ANO_MT'!$H:$AE,24,0) -> 0.68421053 | BA9: =VLOOKUP($A9,'2022_2ANO_MT'!$H:$AE,16,0)/100 -> 0.93006993 | BB9: =0.5*BE9+0.5*BC9 -> 0.54235512 | BC9: =(BD9-MIN($BD$5:$BD$82))/(MAX($BD$5:$BD$82)-MIN($BD$5:$BD$82)) -> 0.33463569 | BD9: =BE9-CB9 -> 0.015737893 | BE9: =0.5*BF9+0.5*BQ9 -> 0.75007456 | BF9: =(0.5*BG9+0.25*BK9+0.25*BP9) -> 0.75861155 | BG9: =(BH9-BI9)/(BJ9-BI9) -> 0.59389323 | BH9: =VLOOKUP($A9,'2023_5ANO_LP'!$H:$X,17,0) -> 233.45904 | BI9: ='REF - Profic Média e DP 2022'!$D$4-3*'REF - Profic Média e DP 2022'!$E$4 -> 49.637461 | BJ9: ='REF - Profic Média e DP 2022'!$D$4+3*'REF - Profic Média e DP 2022'!$E$4 -> 359.15703 | BK9: =(0.3*BM9+0.7*(BN9+BO9))/0.7 -> 0.85795918 | BL9: =VLOOKUP($A9,'2023_5ANO_LP'!$H:$AE,21,0) -> 0.034285714 | BM9: =VLOOKUP($A9,'2023_5ANO_LP'!$H:$AE,22,0) -> 0.18857143 | BN9: =VLOOKUP($A9,'2023_5ANO_LP'!$H:$AE,23,0) -> 0.41142857 | BO9: =VLOOKUP($A9,'2023_5ANO_LP'!$H:$AE,24,0) -> 0.36571429 | BP9: =VLOOKUP($A9,'2023_5ANO_LP'!$H:$AE,16,0)/100 -> 0.98870057 | BQ9: =(0.5*BR9+0.25*BV9+0.25*CA9) -> 0.74153757 | BR9: =(BS9-BT9)/(BU9-BT9) -> 0.59933711 | BS9: =VLOOKUP($A9,'2023_5ANO_MT'!H:X,17,0) -> 243.51355 | BT9: ='REF - Profic Média e DP 2022'!$D$5-3*'REF - Profic Média e DP 2022'!$E$5 -> 78.560591 | BU9: ='REF - Profic Média e DP 2022'!$D$5+3*'REF - Profic Média e DP 2022'!$E$5 -> 353.78627 | BV9: =(0.3*BX9+0.7*(BY9+BZ9))/0.7 -> 0.77877551 | BW9: =VLOOKUP($A9,'2023_5ANO_MT'!$H:$AE,21,0) -> 0.028571429 | BX9: =VLOOKUP($A9,'2023_5ANO_MT'!$H:$AE,22,0) -> 0.33714286 | BY9: =VLOOKUP($A9,'2023_5ANO_MT'!$H:$AE,23,0) -> 0.40571429 | BZ9: =VLOOKUP($A9,'2023_5ANO_MT'!$H:$AE,24,0) -> 0.22857143 | CA9: =VLOOKUP($A9,'2023_5ANO_MT'!$H:$AE,16,0)/100 -> 0.98870057 | CB9: =0.5*CC9+0.5*CN9 -> 0.73433667 | CC9: =(0.5*CD9+0.25*CH9+0.25*CM9) -> 0.74076931 | CD9: =(CE9-CF9)/(CG9-CF9) -> 0.60632365 | CE9: =VLOOKUP($A9,'2022_5ANO_LP'!$H:$X,17,0) -> 237.3065 | CF9: ='REF - Profic Média e DP 2022'!$D$4-3*'REF - Profic Média e DP 2022'!$E$4 -> 49.637461 | CG9: ='REF - Profic Média e DP 2022'!$D$4+3*'REF - Profic Média e DP 2022'!$E$4 -> 359.15703 | CH9: =(0.3*CJ9+0.7*(CK9+CL9))/0.7 -> 0.84632035 | CI9: =VLOOKUP($A9,'2022_5ANO_LP'!$H:$AE,21,0) -> 0.045454545 | CJ9: =VLOOKUP($A9,'2022_5ANO_LP'!$H:$AE,22,0) -> 0.18939394 | CK9: =VLOOKUP($A9,'2022_5ANO_LP'!$H:$AE,23,0) -> 0.32575758 | CL9: =VLOOKUP($A9,'2022_5ANO_LP'!$H:$AE,24,0) -> 0.43939394 | CM9: =VLOOKUP($A9,'2022_5ANO_LP'!$H:$AE,16,0)/100 -> 0.90410959 | CN9: =(0.5*CO9+0.25*CS9+0.25*CX9) -> 0.72790403 | CO9: =(CP9-CQ9)/(CR9-CQ9) -> 0.62442426 | CP9: =VLOOKUP($A9,'2022_5ANO_MT'!H:X,17,0) -> 250.41818 | CQ9: ='REF - Profic Média e DP 2022'!$D$5-3*'REF - Profic Média e DP 2022'!$E$5 -> 78.560591 | CR9: ='REF - Profic Média e DP 2022'!$D$5+3*'REF - Profic Média e DP 2022'!$E$5 -> 353.78627 | CS9: =(0.3*CU9+0.7*(CV9+CW9))/0.7 -> 0.75865801 | CT9: =VLOOKUP($A9,'2022_5ANO_MT'!$H:$AE,21,0) -> 0.098484848 | CU9: =VLOOKUP($A9,'2022_5ANO_MT'!$H:$AE,22,0) -> 0.25 | CV9: =VLOOKUP($A9,'2022_5ANO_MT'!$H:$AE,23,0) -> 0.29545455 | CW9: =VLOOKUP($A9,'2022_5ANO_MT'!$H:$AE,24,0) -> 0.35606061 | CX9: =VLOOKUP($A9,'2022_5ANO_MT'!$H:$AE,16,0)/100 -> 0.90410959
A10: 3200359 | B10: ALTO RIO NOVO | C10: =0.6*D10+0.4*BB10 -> 0.60444242 | D10: =0.5*G10+0.5*E10 -> 0.64909925 | E10: =(F10-MIN($F$5:$F$82))/(MAX($F$5:$F$82)-MIN($F$5:$F$82)) -> 0.56549451 | F10: =G10-AE10 -> 0.055831815 | G10: =0.6*H10+0.4*S10 -> 0.73270398 | H10: =(0.5*I10+0.25*M10+0.25*R10) -> 0.69595543 | I10: =(J10-K10)/(L10-K10) -> 0.54618614 | J10: =VLOOKUP(A10,'2023_2ANO_LP_LTR + ECT'!$H:$X,17,0) -> 649.14175 | K10: ='REF - Profic Média e DP 2022'!$D$2-3*'REF - Profic Média e DP 2022'!$E$2 -> 295.99944 | L10: ='REF - Profic Média e DP 2022'!$D$2+3*'REF - Profic Média e DP 2022'!$E$2 -> 942.55981 | M10: =(0.3*O10+0.7*(P10+Q10))/0.7 -> 0.76101469 | N10: =VLOOKUP($A10,'2023_2ANO_LP_LTR + ECT'!$H:$AE,21,0) -> 0.1588785 | O10: =VLOOKUP($A10,'2023_2ANO_LP_LTR + ECT'!$H:$AE,22,0) -> 0.14018692 | P10: =VLOOKUP($A10,'2023_2ANO_LP_LTR + ECT'!$H:$AE,23,0) -> 0.28037383 | Q10: =VLOOKUP($A10,'2023_2ANO_LP_LTR + ECT'!$H:$AE,24,0) -> 0.42056075 | R10: =VLOOKUP($A10,'2023_2ANO_LP_LTR + ECT'!$H:$AE,16,0)/100 -> 0.93043478 | S10: =(0.5*U10+0.25*Y10+0.25*AD10) -> 0.7878268 | T10: 0.7878268 | U10: =(V10-W10)/(X10-W10) -> 0.65516252 | V10: =VLOOKUP(A10,'2023_2ANO_MT'!$H:$X,17,0) -> 602.70088 | W10: ='REF - Profic Média e DP 2022'!$D$3-3*'REF - Profic Média e DP 2022'!$E$3 -> 256.66073 | X10: ='REF - Profic Média e DP 2022'!$D$3+3*'REF - Profic Média e DP 2022'!$E$3 -> 784.83525 | Y10: =(0.3*AA10+0.7*(AB10+AC10))/0.7 -> 0.9105474 | Z10: =VLOOKUP($A10,'2023_2ANO_MT'!$H:$AE,21,0) -> 0.046728972 | AA10: =VLOOKUP($A10,'2023_2ANO_MT'!$H:$AE,22,0) -> 0.074766355 | AB10: =VLOOKUP($A10,'2023_2ANO_MT'!$H:$AE,23,0) -> 0.20560748 | AC10: =VLOOKUP($A10,'2023_2ANO_MT'!$H:$AE,24,0) -> 0.6728972 | AD10: =VLOOKUP($A10,'2023_2ANO_MT'!$H:$AE,16,0)/100 -> 0.93043478 | AE10: =0.6*AF10+0.4*AQ10 -> 0.67687217 | AF10: =(0.5*AG10+0.25*AK10+0.25*AP10) -> 0.64217047 | AG10: =(AH10-AI10)/(AJ10-AI10) -> 0.48544398 | AH10: =VLOOKUP($A10,'2022_2ANO_LP_LTR + ECT'!H:X,17,0) -> 609.86829 | AI10: ='REF - Profic Média e DP 2022'!$D$2-3*'REF - Profic Média e DP 2022'!$E$2 -> 295.99944 | AJ10: ='REF - Profic Média e DP 2022'!$D$2+3*'REF - Profic Média e DP 2022'!$E$2 -> 942.55981 | AK10: =(0.3*AM10+0.7*(AN10+AO10))/0.7 -> 0.68253968 | AL10: =VLOOKUP($A10,'2022_2ANO_LP_LTR + ECT'!$H:$AE,21,0) -> 0.18518519 | AM10: =VLOOKUP($A10,'2022_2ANO_LP_LTR + ECT'!$H:$AE,22,0) -> 0.23148148 | AN10: =VLOOKUP($A10,'2022_2ANO_LP_LTR + ECT'!$H:$AE,23,0) -> 0.36111111 | AO10: =VLOOKUP($A10,'2022_2ANO_LP_LTR + ECT'!$H:$AE,24,0) -> 0.22222222 | AP10: =VLOOKUP($A10,'2022_2ANO_LP_LTR + ECT'!$H:$AE,16,0)/100 -> 0.91525424 | AQ10: =(0.5*AR10+0.25*AV10+0.25*BA10) -> 0.72892471 | AR10: =(AS10-AT10)/(AU10-AT10) -> 0.59095404 | AS10: =VLOOKUP($A10,'2022_2ANO_MT'!$H:$X,17,0) -> 568.7876 | AT10: ='REF - Profic Média e DP 2022'!$D$3-3*'REF - Profic Média e DP 2022'!$E$3 -> 256.66073 | AU10: ='REF - Profic Média e DP 2022'!$D$3+3*'REF - Profic Média e DP 2022'!$E$3 -> 784.83525 | AV10: =(0.3*AX10+0.7*(AY10+AZ10))/0.7 -> 0.81782438 | AW10: =VLOOKUP($A10,'2022_2ANO_MT'!$H:$AE,21,0) -> 0.04587156 | AX10: =VLOOKUP($A10,'2022_2ANO_MT'!$H:$AE,22,0) -> 0.23853211 | AY10: =VLOOKUP($A10,'2022_2ANO_MT'!$H:$AE,23,0) -> 0.28440367 | AZ10: =VLOOKUP($A10,'2022_2ANO_MT'!$H:$AE,24,0) -> 0.43119266 | BA10: =VLOOKUP($A10,'2022_2ANO_MT'!$H:$AE,16,0)/100 -> 0.91596639 | BB10: =0.5*BE10+0.5*BC10 -> 0.53745719 | BC10: =(BD10-MIN($BD$5:$BD$82))/(MAX($BD$5:$BD$82)-MIN($BD$5:$BD$82)) -> 0.34967708 | BD10: =BE10-CB10 -> 0.017673107 | BE10: =0.5*BF10+0.5*BQ10 -> 0.7252373 | BF10: =(0.5*BG10+0.25*BK10+0.25*BP10) -> 0.743367 | BG10: =(BH10-BI10)/(BJ10-BI10) -> 0.59411417 | BH10: =VLOOKUP($A10,'2023_5ANO_LP'!$H:$X,17,0) -> 233.52743 | BI10: ='REF - Profic Média e DP 2022'!$D$4-3*'REF - Profic Média e DP 2022'!$E$4 -> 49.637461 | BJ10: ='REF - Profic Média e DP 2022'!$D$4+3*'REF - Profic Média e DP 2022'!$E$4 -> 359.15703 | BK10: =(0.3*BM10+0.7*(BN10+BO10))/0.7 -> 0.8282504 | BL10: =VLOOKUP($A10,'2023_5ANO_LP'!$H:$AE,21,0) -> 0.056179775 | BM10: =VLOOKUP($A10,'2023_5ANO_LP'!$H:$AE,22,0) -> 0.20224719 | BN10: =VLOOKUP($A10,'2023_5ANO_LP'!$H:$AE,23,0) -> 0.35955056 | BO10: =VLOOKUP($A10,'2023_5ANO_LP'!$H:$AE,24,0) -> 0.38202247 | BP10: =VLOOKUP($A10,'2023_5ANO_LP'!$H:$AE,16,0)/100 -> 0.95698925 | BQ10: =(0.5*BR10+0.25*BV10+0.25*CA10) -> 0.70710759 | BR10: =(BS10-BT10)/(BU10-BT10) -> 0.58018284 | BS10: =VLOOKUP($A10,'2023_5ANO_MT'!H:X,17,0) -> 238.24181 | BT10: ='REF - Profic Média e DP 2022'!$D$5-3*'REF - Profic Média e DP 2022'!$E$5 -> 78.560591 | BU10: ='REF - Profic Média e DP 2022'!$D$5+3*'REF - Profic Média e DP 2022'!$E$5 -> 353.78627 | BV10: =(0.3*BX10+0.7*(BY10+BZ10))/0.7 -> 0.71107544 | BW10: =VLOOKUP($A10,'2023_5ANO_MT'!$H:$AE,21,0) -> 0.08988764 | BX10: =VLOOKUP($A10,'2023_5ANO_MT'!$H:$AE,22,0) -> 0.34831461 | BY10: =VLOOKUP($A10,'2023_5ANO_MT'!$H:$AE,23,0) -> 0.28089888 | BZ10: =VLOOKUP($A10,'2023_5ANO_MT'!$H:$AE,24,0) -> 0.28089888 | CA10: =VLOOKUP($A10,'2023_5ANO_MT'!$H:$AE,16,0)/100 -> 0.95698925 | CB10: =0.5*CC10+0.5*CN10 -> 0.70756419 | CC10: =(0.5*CD10+0.25*CH10+0.25*CM10) -> 0.70945065 | CD10: =(CE10-CF10)/(CG10-CF10) -> 0.55621537 | CE10: =VLOOKUP($A10,'2022_5ANO_LP'!$H:$X,17,0) -> 221.79701 | CF10: ='REF - Profic Média e DP 2022'!$D$4-3*'REF - Profic Média e DP 2022'!$E$4 -> 49.637461 | CG10: ='REF - Profic Média e DP 2022'!$D$4+3*'REF - Profic Média e DP 2022'!$E$4 -> 359.15703 | CH10: =(0.3*CJ10+0.7*(CK10+CL10))/0.7 -> 0.77344877 | CI10: =VLOOKUP($A10,'2022_5ANO_LP'!$H:$AE,21,0) -> 0.070707071 | CJ10: =VLOOKUP($A10,'2022_5ANO_LP'!$H:$AE,22,0) -> 0.27272727 | CK10: =VLOOKUP($A10,'2022_5ANO_LP'!$H:$AE,23,0) -> 0.36363636 | CL10: =VLOOKUP($A10,'2022_5ANO_LP'!$H:$AE,24,0) -> 0.29292929 | CM10: =VLOOKUP($A10,'2022_5ANO_LP'!$H:$AE,16,0)/100 -> 0.95192308 | CN10: =(0.5*CO10+0.25*CS10+0.25*CX10) -> 0.70567773 | CO10: =(CP10-CQ10)/(CR10-CQ10) -> 0.57941445 | CP10: =VLOOKUP($A10,'2022_5ANO_MT'!H:X,17,0) -> 238.03033 | CQ10: ='REF - Profic Média e DP 2022'!$D$5-3*'REF - Profic Média e DP 2022'!$E$5 -> 78.560591 | CR10: ='REF - Profic Média e DP 2022'!$D$5+3*'REF - Profic Média e DP 2022'!$E$5 -> 353.78627 | CS10: =(0.3*CU10+0.7*(CV10+CW10))/0.7 -> 0.72157434 | CT10: =VLOOKUP($A10,'2022_5ANO_MT'!$H:$AE,21,0) -> 0.13265306 | CU10: =VLOOKUP($A10,'2022_5ANO_MT'!$H:$AE,22,0) -> 0.25510204 | CV10: =VLOOKUP($A10,'2022_5ANO_MT'!$H:$AE,23,0) -> 0.39795918 | CW10: =VLOOKUP($A10,'2022_5ANO_MT'!$H:$AE,24,0) -> 0.21428571 | CX10: =VLOOKUP($A10,'2022_5ANO_MT'!$H:$AE,16,0)/100 -> 0.94230769
A11: 3200409 | B11: ANCHIETA | C11: =0.6*D11+0.4*BB11 -> 0.63466425 | D11: =0.5*G11+0.5*E11 -> 0.71113411 | E11: =(F11-MIN($F$5:$F$82))/(MAX($F$5:$F$82)-MIN($F$5:$F$82)) -> 0.65523512 | F11: =G11-AE11 -> 0.070102734 | G11: =0.6*H11+0.4*S11 -> 0.76703309 | H11: =(0.5*I11+0.25*M11+0.25*R11) -> 0.7702117 | I11: =(J11-K11)/(L11-K11) -> 0.62747558 | J11: =VLOOKUP(A11,'2023_2ANO_LP_LTR + ECT'!$H:$X,17,0) -> 701.70028 | K11: ='REF - Profic Média e DP 2022'!$D$2-3*'REF - Profic Média e DP 2022'!$E$2 -> 295.99944 | L11: ='REF - Profic Média e DP 2022'!$D$2+3*'REF - Profic Média e DP 2022'!$E$2 -> 942.55981 | M11: =(0.3*O11+0.7*(P11+Q11))/0.7 -> 0.9010989 | N11: =VLOOKUP($A11,'2023_2ANO_LP_LTR + ECT'!$H:$AE,21,0) -> 0.054945055 | O11: =VLOOKUP($A11,'2023_2ANO_LP_LTR + ECT'!$H:$AE,22,0) -> 0.076923077 | P11: =VLOOKUP($A11,'2023_2ANO_LP_LTR + ECT'!$H:$AE,23,0) -> 0.31208791 | Q11: =VLOOKUP($A11,'2023_2ANO_LP_LTR + ECT'!$H:$AE,24,0) -> 0.55604396 | R11: =VLOOKUP($A11,'2023_2ANO_LP_LTR + ECT'!$H:$AE,16,0)/100 -> 0.92479675 | S11: =(0.5*U11+0.25*Y11+0.25*AD11) -> 0.76226519 | T11: 0.76226519 | U11: =(V11-W11)/(X11-W11) -> 0.60696908 | V11: =VLOOKUP(A11,'2023_2ANO_MT'!$H:$X,17,0) -> 577.24633 | W11: ='REF - Profic Média e DP 2022'!$D$3-3*'REF - Profic Média e DP 2022'!$E$3 -> 256.66073 | X11: ='REF - Profic Média e DP 2022'!$D$3+3*'REF - Profic Média e DP 2022'!$E$3 -> 784.83525 | Y11: =(0.3*AA11+0.7*(AB11+AC11))/0.7 -> 0.90246952 | Z11: =VLOOKUP($A11,'2023_2ANO_MT'!$H:$AE,21,0) -> 0.026258206 | AA11: =VLOOKUP($A11,'2023_2ANO_MT'!$H:$AE,22,0) -> 0.12472648 | AB11: =VLOOKUP($A11,'2023_2ANO_MT'!$H:$AE,23,0) -> 0.41356674 | AC11: =VLOOKUP($A11,'2023_2ANO_MT'!$H:$AE,24,0) -> 0.43544858 | AD11: =VLOOKUP($A11,'2023_2ANO_MT'!$H:$AE,16,0)/100 -> 0.93265306 | AE11: =0.6*AF11+0.4*AQ11 -> 0.69693036 | AF11: =(0.5*AG11+0.25*AK11+0.25*AP11) -> 0.70420582 | AG11: =(AH11-AI11)/(AJ11-AI11) -> 0.54736281 | AH11: =VLOOKUP($A11,'2022_2ANO_LP_LTR + ECT'!H:X,17,0) -> 649.90255 | AI11: ='REF - Profic Média e DP 2022'!$D$2-3*'REF - Profic Média e DP 2022'!$E$2 -> 295.99944 | AJ11: ='REF - Profic Média e DP 2022'!$D$2+3*'REF - Profic Média e DP 2022'!$E$2 -> 942.55981 | AK11: =(0.3*AM11+0.7*(AN11+AO11))/0.7 -> 0.81181319 | AL11: =VLOOKUP($A11,'2022_2ANO_LP_LTR + ECT'!$H:$AE,21,0) -> 0.096153846 | AM11: =VLOOKUP($A11,'2022_2ANO_LP_LTR + ECT'!$H:$AE,22,0) -> 0.16105769 | AN11: =VLOOKUP($A11,'2022_2ANO_LP_LTR + ECT'!$H:$AE,23,0) -> 0.40144231 | AO11: =VLOOKUP($A11,'2022_2ANO_LP_LTR + ECT'!$H:$AE,24,0) -> 0.34134615 | AP11: =VLOOKUP($A11,'2022_2ANO_LP_LTR + ECT'!$H:$AE,16,0)/100 -> 0.91028446 | AQ11: =(0.5*AR11+0.25*AV11+0.25*BA11) -> 0.68601717 | AR11: =(AS11-AT11)/(AU11-AT11) -> 0.5286642 | AS11: =VLOOKUP($A11,'2022_2ANO_MT'!$H:$X,17,0) -> 535.88769 | AT11: ='REF - Profic Média e DP 2022'!$D$3-3*'REF - Profic Média e DP 2022'!$E$3 -> 256.66073 | AU11: ='REF - Profic Média e DP 2022'!$D$3+3*'REF - Profic Média e DP 2022'!$E$3 -> 784.83525 | AV11: =(0.3*AX11+0.7*(AY11+AZ11))/0.7 -> 0.79490806 | AW11: =VLOOKUP($A11,'2022_2ANO_MT'!$H:$AE,21,0) -> 0.059405941 | AX11: =VLOOKUP($A11,'2022_2ANO_MT'!$H:$AE,22,0) -> 0.25495049 | AY11: =VLOOKUP($A11,'2022_2ANO_MT'!$H:$AE,23,0) -> 0.46287129 | AZ11: =VLOOKUP($A11,'2022_2ANO_MT'!$H:$AE,24,0) -> 0.22277228 | BA11: =VLOOKUP($A11,'2022_2ANO_MT'!$H:$AE,16,0)/100 -> 0.89183223 | BB11: =0.5*BE11+0.5*BC11 -> 0.51995945 | BC11: =(BD11-MIN($BD$5:$BD$82))/(MAX($BD$5:$BD$82)-MIN($BD$5:$BD$82)) -> 0.29868185 | BD11: =BE11-CB11 -> 0.011112102 | BE11: =0.5*BF11+0.5*BQ11 -> 0.74123705 | BF11: =(0.5*BG11+0.25*BK11+0.25*BP11) -> 0.74525506 | BG11: =(BH11-BI11)/(BJ11-BI11) -> 0.60365145 | BH11: =VLOOKUP($A11,'2023_5ANO_LP'!$H:$X,17,0) -> 236.4794 | BI11: ='REF - Profic Média e DP 2022'!$D$4-3*'REF - Profic Média e DP 2022'!$E$4 -> 49.637461 | BJ11: ='REF - Profic Média e DP 2022'!$D$4+3*'REF - Profic Média e DP 2022'!$E$4 -> 359.15703 | BK11: =(0.3*BM11+0.7*(BN11+BO11))/0.7 -> 0.85326279 | BL11: =VLOOKUP($A11,'2023_5ANO_LP'!$H:$AE,21,0) -> 0.039506173 | BM11: =VLOOKUP($A11,'2023_5ANO_LP'!$H:$AE,22,0) -> 0.18765432 | BN11: =VLOOKUP($A11,'2023_5ANO_LP'!$H:$AE,23,0) -> 0.37530864 | BO11: =VLOOKUP($A11,'2023_5ANO_LP'!$H:$AE,24,0) -> 0.39753086 | BP11: =VLOOKUP($A11,'2023_5ANO_LP'!$H:$AE,16,0)/100 -> 0.92045455 | BQ11: =(0.5*BR11+0.25*BV11+0.25*CA11) -> 0.73721904 | BR11: =(BS11-BT11)/(BU11-BT11) -> 0.61789314 | BS11: =VLOOKUP($A11,'2023_5ANO_MT'!H:X,17,0) -> 248.62065 | BT11: ='REF - Profic Média e DP 2022'!$D$5-3*'REF - Profic Média e DP 2022'!$E$5 -> 78.560591 | BU11: ='REF - Profic Média e DP 2022'!$D$5+3*'REF - Profic Média e DP 2022'!$E$5 -> 353.78627 | BV11: =(0.3*BX11+0.7*(BY11+BZ11))/0.7 -> 0.79490806 | BW11: =VLOOKUP($A11,'2023_5ANO_MT'!$H:$AE,21,0) -> 0.04950495 | BX11: =VLOOKUP($A11,'2023_5ANO_MT'!$H:$AE,22,0) -> 0.27227723 | BY11: =VLOOKUP($A11,'2023_5ANO_MT'!$H:$AE,23,0) -> 0.39851485 | BZ11: =VLOOKUP($A11,'2023_5ANO_MT'!$H:$AE,24,0) -> 0.27970297 | CA11: =VLOOKUP($A11,'2023_5ANO_MT'!$H:$AE,16,0)/100 -> 0.91818182 | CB11: =0.5*CC11+0.5*CN11 -> 0.73012495 | CC11: =(0.5*CD11+0.25*CH11+0.25*CM11) -> 0.74202884 | CD11: =(CE11-CF11)/(CG11-CF11) -> 0.58510266 | CE11: =VLOOKUP($A11,'2022_5ANO_LP'!$H:$X,17,0) -> 230.73819 | CF11: ='REF - Profic Média e DP 2022'!$D$4-3*'REF - Profic Média e DP 2022'!$E$4 -> 49.637461 | CG11: ='REF - Profic Média e DP 2022'!$D$4+3*'REF - Profic Média e DP 2022'!$E$4 -> 359.15703 | CH11: =(0.3*CJ11+0.7*(CK11+CL11))/0.7 -> 0.85215533 | CI11: =VLOOKUP($A11,'2022_5ANO_LP'!$H:$AE,21,0) -> 0.042394015 | CJ11: =VLOOKUP($A11,'2022_5ANO_LP'!$H:$AE,22,0) -> 0.18453865 | CK11: =VLOOKUP($A11,'2022_5ANO_LP'!$H:$AE,23,0) -> 0.43142145 | CL11: =VLOOKUP($A11,'2022_5ANO_LP'!$H:$AE,24,0) -> 0.34164589 | CM11: =VLOOKUP($A11,'2022_5ANO_LP'!$H:$AE,16,0)/100 -> 0.94575472 | CN11: =(0.5*CO11+0.25*CS11+0.25*CX11) -> 0.71822105 | CO11: =(CP11-CQ11)/(CR11-CQ11) -> 0.58825302 | CP11: =VLOOKUP($A11,'2022_5ANO_MT'!H:X,17,0) -> 240.46293 | CQ11: ='REF - Profic Média e DP 2022'!$D$5-3*'REF - Profic Média e DP 2022'!$E$5 -> 78.560591 | CR11: ='REF - Profic Média e DP 2022'!$D$5+3*'REF - Profic Média e DP 2022'!$E$5 -> 353.78627 | CS11: =(0.3*CU11+0.7*(CV11+CW11))/0.7 -> 0.75062344 | CT11: =VLOOKUP($A11,'2022_5ANO_MT'!$H:$AE,21,0) -> 0.069825436 | CU11: =VLOOKUP($A11,'2022_5ANO_MT'!$H:$AE,22,0) -> 0.31421446 | CV11: =VLOOKUP($A11,'2022_5ANO_MT'!$H:$AE,23,0) -> 0.40897756 | CW11: =VLOOKUP($A11,'2022_5ANO_MT'!$H:$AE,24,0) -> 0.20698254 | CX11: =VLOOKUP($A11,'2022_5ANO_MT'!$H:$AE,16,0)/100 -> 0.94575472
A12: 3200508 | B12: APIACA | C12: =0.6*D12+0.4*BB12 -> 0.60824779 | D12: =0.5*G12+0.5*E12 -> 0.724946 | E12: =(F12-MIN($F$5:$F$82))/(MAX($F$5:$F$82)-MIN($F$5:$F$82)) -> 0.73711193 | F12: =G12-AE12 -> 0.08312312 | G12: =0.6*H12+0.4*S12 -> 0.71278006 | H12: =(0.5*I12+0.25*M12+0.25*R12) -> 0.68594923 | I12: =(J12-K12)/(L12-K12) -> 0.51838292 | J12: =VLOOKUP(A12,'2023_2ANO_LP_LTR + ECT'!$H:$X,17,0) -> 631.1653 | K12: ='REF - Profic Média e DP 2022'!$D$2-3*'REF - Profic Média e DP 2022'!$E$2 -> 295.99944 | L12: ='REF - Profic Média e DP 2022'!$D$2+3*'REF - Profic Média e DP 2022'!$E$2 -> 942.55981 | M12: =(0.3*O12+0.7*(P12+Q12))/0.7 -> 0.71985158 | N12: =VLOOKUP($A12,'2023_2ANO_LP_LTR + ECT'!$H:$AE,21,0) -> 0.16883117 | O12: =VLOOKUP($A12,'2023_2ANO_LP_LTR + ECT'!$H:$AE,22,0) -> 0.19480519 | P12: =VLOOKUP($A12,'2023_2ANO_LP_LTR + ECT'!$H:$AE,23,0) -> 0.2987013 | Q12: =VLOOKUP($A12,'2023_2ANO_LP_LTR + ECT'!$H:$AE,24,0) -> 0.33766234 | R12: =VLOOKUP($A12,'2023_2ANO_LP_LTR + ECT'!$H:$AE,16,0)/100 -> 0.98717949 | S12: =(0.5*U12+0.25*Y12+0.25*AD12) -> 0.7530263 | T12: 0.7530263 | U12: =(V12-W12)/(X12-W12) -> 0.56215536 | V12: =VLOOKUP(A12,'2023_2ANO_MT'!$H:$X,17,0) -> 553.57687 | W12: ='REF - Profic Média e DP 2022'!$D$3-3*'REF - Profic Média e DP 2022'!$E$3 -> 256.66073 | X12: ='REF - Profic Média e DP 2022'!$D$3+3*'REF - Profic Média e DP 2022'!$E$3 -> 784.83525 | Y12: =(0.3*AA12+0.7*(AB12+AC12))/0.7 -> 0.90095238 | Z12: =VLOOKUP($A12,'2023_2ANO_MT'!$H:$AE,21,0) -> 0 | AA12: =VLOOKUP($A12,'2023_2ANO_MT'!$H:$AE,22,0) -> 0.17333333 | AB12: =VLOOKUP($A12,'2023_2ANO_MT'!$H:$AE,23,0) -> 0.58666667 | AC12: =VLOOKUP($A12,'2023_2ANO_MT'!$H:$AE,24,0) -> 0.24 | AD12: =VLOOKUP($A12,'2023_2ANO_MT'!$H:$AE,16,0)/100 -> 0.98684211 | AE12: =0.6*AF12+0.4*AQ12 -> 0.62965694 | AF12: =(0.5*AG12+0.25*AK12+0.25*AP12) -> 0.63483086 | AG12: =(AH12-AI12)/(AJ12-AI12) -> 0.47056451 | AH12: =VLOOKUP($A12,'2022_2ANO_LP_LTR + ECT'!H:X,17,0) -> 600.24781 | AI12: ='REF - Profic Média e DP 2022'!$D$2-3*'REF - Profic Média e DP 2022'!$E$2 -> 295.99944 | AJ12: ='REF - Profic Média e DP 2022'!$D$2+3*'REF - Profic Média e DP 2022'!$E$2 -> 942.55981 | AK12: =(0.3*AM12+0.7*(AN12+AO12))/0.7 -> 0.6639839 | AL12: =VLOOKUP($A12,'2022_2ANO_LP_LTR + ECT'!$H:$AE,21,0) -> 0.23943662 | AM12: =VLOOKUP($A12,'2022_2ANO_LP_LTR + ECT'!$H:$AE,22,0) -> 0.16901408 | AN12: =VLOOKUP($A12,'2022_2ANO_LP_LTR + ECT'!$H:$AE,23,0) -> 0.36619718 | AO12: =VLOOKUP($A12,'2022_2ANO_LP_LTR + ECT'!$H:$AE,24,0) -> 0.22535211 | AP12: =VLOOKUP($A12,'2022_2ANO_LP_LTR + ECT'!$H:$AE,16,0)/100 -> 0.93421053 | AQ12: =(0.5*AR12+0.25*AV12+0.25*BA12) -> 0.62189604 | AR12: =(AS12-AT12)/(AU12-AT12) -> 0.44371899 | AS12: =VLOOKUP($A12,'2022_2ANO_MT'!$H:$X,17,0) -> 491.02179 | AT12: ='REF - Profic Média e DP 2022'!$D$3-3*'REF - Profic Média e DP 2022'!$E$3 -> 256.66073 | AU12: ='REF - Profic Média e DP 2022'!$D$3+3*'REF - Profic Média e DP 2022'!$E$3 -> 784.83525 | AV12: =(0.3*AX12+0.7*(AY12+AZ12))/0.7 -> 0.65277778 | AW12: =VLOOKUP($A12,'2022_2ANO_MT'!$H:$AE,21,0) -> 0.18055556 | AX12: =VLOOKUP($A12,'2022_2ANO_MT'!$H:$AE,22,0) -> 0.29166667 | AY12: =VLOOKUP($A12,'2022_2ANO_MT'!$H:$AE,23,0) -> 0.45833333 | AZ12: =VLOOKUP($A12,'2022_2ANO_MT'!$H:$AE,24,0) -> 0.069444444 | BA12: =VLOOKUP($A12,'2022_2ANO_MT'!$H:$AE,16,0)/100 -> 0.94736842 | BB12: =0.5*BE12+0.5*BC12 -> 0.43320047 | BC12: =(BD12-MIN($BD$5:$BD$82))/(MAX($BD$5:$BD$82)-MIN($BD$5:$BD$82)) -> 0.28459756 | BD12: =BE12-CB12 -> 0.0093000288 | BE12: =0.5*BF12+0.5*BQ12 -> 0.58180338 | BF12: =(0.5*BG12+0.25*BK12+0.25*BP12) -> 0.58728283 | BG12: =(BH12-BI12)/(BJ12-BI12) -> 0.45356986 | BH12: =VLOOKUP($A12,'2023_5ANO_LP'!$H:$X,17,0) -> 190.02621 | BI12: ='REF - Profic Média e DP 2022'!$D$4-3*'REF - Profic Média e DP 2022'!$E$4 -> 49.637461 | BJ12: ='REF - Profic Média e DP 2022'!$D$4+3*'REF - Profic Média e DP 2022'!$E$4 -> 359.15703 | BK12: =(0.3*BM12+0.7*(BN12+BO12))/0.7 -> 0.55827068 | BL12: =VLOOKUP($A12,'2023_5ANO_LP'!$H:$AE,21,0) -> 0.22368421 | BM12: =VLOOKUP($A12,'2023_5ANO_LP'!$H:$AE,22,0) -> 0.38157895 | BN12: =VLOOKUP($A12,'2023_5ANO_LP'!$H:$AE,23,0) -> 0.27631579 | BO12: =VLOOKUP($A12,'2023_5ANO_LP'!$H:$AE,24,0) -> 0.11842105 | BP12: =VLOOKUP($A12,'2023_5ANO_LP'!$H:$AE,16,0)/100 -> 0.88372093 | BQ12: =(0.5*BR12+0.25*BV12+0.25*CA12) -> 0.57632393 | BR12: =(BS12-BT12)/(BU12-BT12) -> 0.45984756 | BS12: =VLOOKUP($A12,'2023_5ANO_MT'!H:X,17,0) -> 205.12245 | BT12: ='REF - Profic Média e DP 2022'!$D$5-3*'REF - Profic Média e DP 2022'!$E$5 -> 78.560591 | BU12: ='REF - Profic Média e DP 2022'!$D$5+3*'REF - Profic Média e DP 2022'!$E$5 -> 353.78627 | BV12: =(0.3*BX12+0.7*(BY12+BZ12))/0.7 -> 0.5018797 | BW12: =VLOOKUP($A12,'2023_5ANO_MT'!$H:$AE,21,0) -> 0.25 | BX12: =VLOOKUP($A12,'2023_5ANO_MT'!$H:$AE,22,0) -> 0.43421053 | BY12: =VLOOKUP($A12,'2023_5ANO_MT'!$H:$AE,23,0) -> 0.26315789 | BZ12: =VLOOKUP($A12,'2023_5ANO_MT'!$H:$AE,24,0) -> 0.052631579 | CA12: =VLOOKUP($A12,'2023_5ANO_MT'!$H:$AE,16,0)/100 -> 0.88372093 | CB12: =0.5*CC12+0.5*CN12 -> 0.57250335 | CC12: =(0.5*CD12+0.25*CH12+0.25*CM12) -> 0.58779598 | CD12: =(CE12-CF12)/(CG12-CF12) -> 0.4603786 | CE12: =VLOOKUP($A12,'2022_5ANO_LP'!$H:$X,17,0) -> 192.13365 | CF12: ='REF - Profic Média e DP 2022'!$D$4-3*'REF - Profic Média e DP 2022'!$E$4 -> 49.637461 | CG12: ='REF - Profic Média e DP 2022'!$D$4+3*'REF - Profic Média e DP 2022'!$E$4 -> 359.15703 | CH12: =(0.3*CJ12+0.7*(CK12+CL12))/0.7 -> 0.53246753 | CI12: =VLOOKUP($A12,'2022_5ANO_LP'!$H:$AE,21,0) -> 0.27272727 | CJ12: =VLOOKUP($A12,'2022_5ANO_LP'!$H:$AE,22,0) -> 0.34090909 | CK12: =VLOOKUP($A12,'2022_5ANO_LP'!$H:$AE,23,0) -> 0.18181818 | CL12: =VLOOKUP($A12,'2022_5ANO_LP'!$H:$AE,24,0) -> 0.20454545 | CM12: =VLOOKUP($A12,'2022_5ANO_LP'!$H:$AE,16,0)/100 -> 0.89795918 | CN12: =(0.5*CO12+0.25*CS12+0.25*CX12) -> 0.55721073 | CO12: =(CP12-CQ12)/(CR12-CQ12) -> 0.44872109 | CP12: =VLOOKUP($A12,'2022_5ANO_MT'!H:X,17,0) -> 202.06016 | CQ12: ='REF - Profic Média e DP 2022'!$D$5-3*'REF - Profic Média e DP 2022'!$E$5 -> 78.560591 | CR12: ='REF - Profic Média e DP 2022'!$D$5+3*'REF - Profic Média e DP 2022'!$E$5 -> 353.78627 | CS12: =(0.3*CU12+0.7*(CV12+CW12))/0.7 -> 0.43344156 | CT12: =VLOOKUP($A12,'2022_5ANO_MT'!$H:$AE,21,0) -> 0.30681818 | CU12: =VLOOKUP($A12,'2022_5ANO_MT'!$H:$AE,22,0) -> 0.45454545 | CV12: =VLOOKUP($A12,'2022_5ANO_MT'!$H:$AE,23,0) -> 0.18181818 | CW12: =VLOOKUP($A12,'2022_5ANO_MT'!$H:$AE,24,0) -> 0.056818182 | CX12: =VLOOKUP($A12,'2022_5ANO_MT'!$H:$AE,16,0)/100 -> 0.89795918
A13: 3200607 | B13: ARACRUZ | C13: =0.6*D13+0.4*BB13 -> 0.58100934 | D13: =0.5*G13+0.5*E13 -> 0.61757112 | E13: =(F13-MIN($F$5:$F$82))/(MAX($F$5:$F$82)-MIN($F$5:$F$82)) -> 0.54228285 | F13: =G13-AE13 -> 0.052140602 | G13: =0.6*H13+0.4*S13 -> 0.6928594 | H13: =(0.5*I13+0.25*M13+0.25*R13) -> 0.70887915 | I13: =(J13-K13)/(L13-K13) -> 0.57318681 | J13: =VLOOKUP(A13,'2023_2ANO_LP_LTR + ECT'!$H:$X,17,0) -> 666.59932 | K13: ='REF - Profic Média e DP 2022'!$D$2-3*'REF - Profic Média e DP 2022'!$E$2 -> 295.99944 | L13: ='REF - Profic Média e DP 2022'!$D$2+3*'REF - Profic Média e DP 2022'!$E$2 -> 942.55981 | M13: =(0.3*O13+0.7*(P13+Q13))/0.7 -> 0.83853541 | N13: =VLOOKUP($A13,'2023_2ANO_LP_LTR + ECT'!$H:$AE,21,0) -> 0.10672269 | O13: =VLOOKUP($A13,'2023_2ANO_LP_LTR + ECT'!$H:$AE,22,0) -> 0.095798319 | P13: =VLOOKUP($A13,'2023_2ANO_LP_LTR + ECT'!$H:$AE,23,0) -> 0.37815126 | Q13: =VLOOKUP($A13,'2023_2ANO_LP_LTR + ECT'!$H:$AE,24,0) -> 0.41932773 | R13: =VLOOKUP($A13,'2023_2ANO_LP_LTR + ECT'!$H:$AE,16,0)/100 -> 0.85060758 | S13: =(0.5*U13+0.25*Y13+0.25*AD13) -> 0.66882976 | T13: 0.66882976 | U13: =(V13-W13)/(X13-W13) -> 0.51874713 | V13: =VLOOKUP(A13,'2023_2ANO_MT'!$H:$X,17,0) -> 530.64974 | W13: ='REF - Profic Média e DP 2022'!$D$3-3*'REF - Profic Média e DP 2022'!$E$3 -> 256.66073 | X13: ='REF - Profic Média e DP 2022'!$D$3+3*'REF - Profic Média e DP 2022'!$E$3 -> 784.83525 | Y13: =(0.3*AA13+0.7*(AB13+AC13))/0.7 -> 0.78355342 | Z13: =VLOOKUP($A13,'2023_2ANO_MT'!$H:$AE,21,0) -> 0.057983193 | AA13: =VLOOKUP($A13,'2023_2ANO_MT'!$H:$AE,22,0) -> 0.27731092 | AB13: =VLOOKUP($A13,'2023_2ANO_MT'!$H:$AE,23,0) -> 0.47731092 | AC13: =VLOOKUP($A13,'2023_2ANO_MT'!$H:$AE,24,0) -> 0.18739496 | AD13: =VLOOKUP($A13,'2023_2ANO_MT'!$H:$AE,16,0)/100 -> 0.85427136 | AE13: =0.6*AF13+0.4*AQ13 -> 0.64071879 | AF13: =(0.5*AG13+0.25*AK13+0.25*AP13) -> 0.65689382 | AG13: =(AH13-AI13)/(AJ13-AI13) -> 0.5082403 | AH13: =VLOOKUP($A13,'2022_2ANO_LP_LTR + ECT'!H:X,17,0) -> 624.60748 | AI13: ='REF - Profic Média e DP 2022'!$D$2-3*'REF - Profic Média e DP 2022'!$E$2 -> 295.99944 | AJ13: ='REF - Profic Média e DP 2022'!$D$2+3*'REF - Profic Média e DP 2022'!$E$2 -> 942.55981 | AK13: =(0.3*AM13+0.7*(AN13+AO13))/0.7 -> 0.74717286 | AL13: =VLOOKUP($A13,'2022_2ANO_LP_LTR + ECT'!$H:$AE,21,0) -> 0.15266559 | AM13: =VLOOKUP($A13,'2022_2ANO_LP_LTR + ECT'!$H:$AE,22,0) -> 0.17528271 | AN13: =VLOOKUP($A13,'2022_2ANO_LP_LTR + ECT'!$H:$AE,23,0) -> 0.41437803 | AO13: =VLOOKUP($A13,'2022_2ANO_LP_LTR + ECT'!$H:$AE,24,0) -> 0.25767367 | AP13: =VLOOKUP($A13,'2022_2ANO_LP_LTR + ECT'!$H:$AE,16,0)/100 -> 0.86392184 | AQ13: =(0.5*AR13+0.25*AV13+0.25*BA13) -> 0.61645625 | AR13: =(AS13-AT13)/(AU13-AT13) -> 0.46142685 | AS13: =VLOOKUP($A13,'2022_2ANO_MT'!$H:$X,17,0) -> 500.37463 | AT13: ='REF - Profic Média e DP 2022'!$D$3-3*'REF - Profic Média e DP 2022'!$E$3 -> 256.66073 | AU13: ='REF - Profic Média e DP 2022'!$D$3+3*'REF - Profic Média e DP 2022'!$E$3 -> 784.83525 | AV13: =(0.3*AX13+0.7*(AY13+AZ13))/0.7 -> 0.67984281 | AW13: =VLOOKUP($A13,'2022_2ANO_MT'!$H:$AE,21,0) -> 0.095469256 | AX13: =VLOOKUP($A13,'2022_2ANO_MT'!$H:$AE,22,0) -> 0.39320388 | AY13: =VLOOKUP($A13,'2022_2ANO_MT'!$H:$AE,23,0) -> 0.42071197 | AZ13: =VLOOKUP($A13,'2022_2ANO_MT'!$H:$AE,24,0) -> 0.090614887 | BA13: =VLOOKUP($A13,'2022_2ANO_MT'!$H:$AE,16,0)/100 -> 0.86312849 | BB13: =0.5*BE13+0.5*BC13 -> 0.52616667 | BC13: =(BD13-MIN($BD$5:$BD$82))/(MAX($BD$5:$BD$82)-MIN($BD$5:$BD$82)) -> 0.39519086 | BD13: =BE13-CB13 -> 0.023528872 | BE13: =0.5*BF13+0.5*BQ13 -> 0.65714247 | BF13: =(0.5*BG13+0.25*BK13+0.25*BP13) -> 0.67424898 | BG13: =(BH13-BI13)/(BJ13-BI13) -> 0.54579444 | BH13: =VLOOKUP($A13,'2023_5ANO_LP'!$H:$X,17,0) -> 218.57152 | BI13: ='REF - Profic Média e DP 2022'!$D$4-3*'REF - Profic Média e DP 2022'!$E$4 -> 49.637461 | BJ13: ='REF - Profic Média e DP 2022'!$D$4+3*'REF - Profic Média e DP 2022'!$E$4 -> 359.15703 | BK13: =(0.3*BM13+0.7*(BN13+BO13))/0.7 -> 0.7518859 | BL13: =VLOOKUP($A13,'2023_5ANO_LP'!$H:$AE,21,0) -> 0.11138614 | BM13: =VLOOKUP($A13,'2023_5ANO_LP'!$H:$AE,22,0) -> 0.23927393 | BN13: =VLOOKUP($A13,'2023_5ANO_LP'!$H:$AE,23,0) -> 0.37211221 | BO13: =VLOOKUP($A13,'2023_5ANO_LP'!$H:$AE,24,0) -> 0.27722772 | BP13: =VLOOKUP($A13,'2023_5ANO_LP'!$H:$AE,16,0)/100 -> 0.85352113 | BQ13: =(0.5*BR13+0.25*BV13+0.25*CA13) -> 0.64003597 | BR13: =(BS13-BT13)/(BU13-BT13) -> 0.53520625 | BS13: =VLOOKUP($A13,'2023_5ANO_MT'!H:X,17,0) -> 225.8631 | BT13: ='REF - Profic Média e DP 2022'!$D$5-3*'REF - Profic Média e DP 2022'!$E$5 -> 78.560591 | BU13: ='REF - Profic Média e DP 2022'!$D$5+3*'REF - Profic Média e DP 2022'!$E$5 -> 353.78627 | BV13: =(0.3*BX13+0.7*(BY13+BZ13))/0.7 -> 0.63409759 | BW13: =VLOOKUP($A13,'2023_5ANO_MT'!$H:$AE,21,0) -> 0.16790123 | BX13: =VLOOKUP($A13,'2023_5ANO_MT'!$H:$AE,22,0) -> 0.34650206 | BY13: =VLOOKUP($A13,'2023_5ANO_MT'!$H:$AE,23,0) -> 0.31851852 | BZ13: =VLOOKUP($A13,'2023_5ANO_MT'!$H:$AE,24,0) -> 0.16707819 | CA13: =VLOOKUP($A13,'2023_5ANO_MT'!$H:$AE,16,0)/100 -> 0.8556338 | CB13: =0.5*CC13+0.5*CN13 -> 0.6336136 | CC13: =(0.5*CD13+0.25*CH13+0.25*CM13) -> 0.64687579 | CD13: =(CE13-CF13)/(CG13-CF13) -> 0.51336637 | CE13: =VLOOKUP($A13,'2022_5ANO_LP'!$H:$X,17,0) -> 208.5344 | CF13: ='REF - Profic Média e DP 2022'!$D$4-3*'REF - Profic Média e DP 2022'!$E$4 -> 49.637461 | CG13: ='REF - Profic Média e DP 2022'!$D$4+3*'REF - Profic Média e DP 2022'!$E$4 -> 359.15703 | CH13: =(0.3*CJ13+0.7*(CK13+CL13))/0.7 -> 0.67505613 | CI13: =VLOOKUP($A13,'2022_5ANO_LP'!$H:$AE,21,0) -> 0.17038875 | CJ13: =VLOOKUP($A13,'2022_5ANO_LP'!$H:$AE,22,0) -> 0.27047146 | CK13: =VLOOKUP($A13,'2022_5ANO_LP'!$H:$AE,23,0) -> 0.318445 | CL13: =VLOOKUP($A13,'2022_5ANO_LP'!$H:$AE,24,0) -> 0.24069479 | CM13: =VLOOKUP($A13,'2022_5ANO_LP'!$H:$AE,16,0)/100 -> 0.88571429 | CN13: =(0.5*CO13+0.25*CS13+0.25*CX13) -> 0.62035142 | CO13: =(CP13-CQ13)/(CR13-CQ13) -> 0.50374652 | CP13: =VLOOKUP($A13,'2022_5ANO_MT'!H:X,17,0) -> 217.20457 | CQ13: ='REF - Profic Média e DP 2022'!$D$5-3*'REF - Profic Média e DP 2022'!$E$5 -> 78.560591 | CR13: ='REF - Profic Média e DP 2022'!$D$5+3*'REF - Profic Média e DP 2022'!$E$5 -> 353.78627 | CS13: =(0.3*CU13+0.7*(CV13+CW13))/0.7 -> 0.58893094 | CT13: =VLOOKUP($A13,'2022_5ANO_MT'!$H:$AE,21,0) -> 0.1986755 | CU13: =VLOOKUP($A13,'2022_5ANO_MT'!$H:$AE,22,0) -> 0.37168874 | CV13: =VLOOKUP($A13,'2022_5ANO_MT'!$H:$AE,23,0) -> 0.3294702 | CW13: =VLOOKUP($A13,'2022_5ANO_MT'!$H:$AE,24,0) -> 0.10016556 | CX13: =VLOOKUP($A13,'2022_5ANO_MT'!$H:$AE,16,0)/100 -> 0.88498169
A14: 3200706 | B14: ATILIO VIVACQUA | C14: =0.6*D14+0.4*BB14 -> 0.76834954 | D14: =0.5*G14+0.5*E14 -> 0.8328749 | E14: =(F14-MIN($F$5:$F$82))/(MAX($F$5:$F$82)-MIN($F$5:$F$82)) -> 0.88699231 | F14: =G14-AE14 -> 0.10695771 | G14: =0.6*H14+0.4*S14 -> 0.77875748 | H14: =(0.5*I14+0.25*M14+0.25*R14) -> 0.75599041 | I14: =(J14-K14)/(L14-K14) -> 0.61046441 | J14: =VLOOKUP(A14,'2023_2ANO_LP_LTR + ECT'!$H:$X,17,0) -> 690.70154 | K14: ='REF - Profic Média e DP 2022'!$D$2-3*'REF - Profic Média e DP 2022'!$E$2 -> 295.99944 | L14: ='REF - Profic Média e DP 2022'!$D$2+3*'REF - Profic Média e DP 2022'!$E$2 -> 942.55981 | M14: =(0.3*O14+0.7*(P14+Q14))/0.7 -> 0.87060041 | N14: =VLOOKUP($A14,'2023_2ANO_LP_LTR + ECT'!$H:$AE,21,0) -> 0.050724638 | O14: =VLOOKUP($A14,'2023_2ANO_LP_LTR + ECT'!$H:$AE,22,0) -> 0.13768116 | P14: =VLOOKUP($A14,'2023_2ANO_LP_LTR + ECT'!$H:$AE,23,0) -> 0.33333333 | Q14: =VLOOKUP($A14,'2023_2ANO_LP_LTR + ECT'!$H:$AE,24,0) -> 0.47826087 | R14: =VLOOKUP($A14,'2023_2ANO_LP_LTR + ECT'!$H:$AE,16,0)/100 -> 0.93243243 | S14: =(0.5*U14+0.25*Y14+0.25*AD14) -> 0.81290808 | T14: 0.81290808 | U14: =(V14-W14)/(X14-W14) -> 0.68340947 | V14: =VLOOKUP(A14,'2023_2ANO_MT'!$H:$X,17,0) -> 617.6202 | W14: ='REF - Profic Média e DP 2022'!$D$3-3*'REF - Profic Média e DP 2022'!$E$3 -> 256.66073 | X14: ='REF - Profic Média e DP 2022'!$D$3+3*'REF - Profic Média e DP 2022'!$E$3 -> 784.83525 | Y14: =(0.3*AA14+0.7*(AB14+AC14))/0.7 -> 0.95238095 | Z14: =VLOOKUP($A14,'2023_2ANO_MT'!$H:$AE,21,0) -> 0.014492754 | AA14: =VLOOKUP($A14,'2023_2ANO_MT'!$H:$AE,22,0) -> 0.057971015 | AB14: =VLOOKUP($A14,'2023_2ANO_MT'!$H:$AE,23,0) -> 0.3115942 | AC14: =VLOOKUP($A14,'2023_2ANO_MT'!$H:$AE,24,0) -> 0.61594203 | AD14: =VLOOKUP($A14,'2023_2ANO_MT'!$H:$AE,16,0)/100 -> 0.93243243 | AE14: =0.6*AF14+0.4*AQ14 -> 0.67179977 | AF14: =(0.5*AG14+0.25*AK14+0.25*AP14) -> 0.63596332 | AG14: =(AH14-AI14)/(AJ14-AI14) -> 0.47808047 | AH14: =VLOOKUP($A14,'2022_2ANO_LP_LTR + ECT'!H:X,17,0) -> 605.10733 | AI14: ='REF - Profic Média e DP 2022'!$D$2-3*'REF - Profic Média e DP 2022'!$E$2 -> 295.99944 | AJ14: ='REF - Profic Média e DP 2022'!$D$2+3*'REF - Profic Média e DP 2022'!$E$2 -> 942.55981 | AK14: =(0.3*AM14+0.7*(AN14+AO14))/0.7 -> 0.66833751 | AL14: =VLOOKUP($A14,'2022_2ANO_LP_LTR + ECT'!$H:$AE,21,0) -> 0.13450292 | AM14: =VLOOKUP($A14,'2022_2ANO_LP_LTR + ECT'!$H:$AE,22,0) -> 0.34502924 | AN14: =VLOOKUP($A14,'2022_2ANO_LP_LTR + ECT'!$H:$AE,23,0) -> 0.35672515 | AO14: =VLOOKUP($A14,'2022_2ANO_LP_LTR + ECT'!$H:$AE,24,0) -> 0.16374269 | AP14: =VLOOKUP($A14,'2022_2ANO_LP_LTR + ECT'!$H:$AE,16,0)/100 -> 0.91935484 | AQ14: =(0.5*AR14+0.25*AV14+0.25*BA14) -> 0.72555444 | AR14: =(AS14-AT14)/(AU14-AT14) -> 0.57873305 | AS14: =VLOOKUP($A14,'2022_2ANO_MT'!$H:$X,17,0) -> 562.33278 | AT14: ='REF - Profic Média e DP 2022'!$D$3-3*'REF - Profic Média e DP 2022'!$E$3 -> 256.66073 | AU14: ='REF - Profic Média e DP 2022'!$D$3+3*'REF - Profic Média e DP 2022'!$E$3 -> 784.83525 | AV14: =(0.3*AX14+0.7*(AY14+AZ14))/0.7 -> 0.82539683 | AW14: =VLOOKUP($A14,'2022_2ANO_MT'!$H:$AE,21,0) -> 0.064327485 | AX14: =VLOOKUP($A14,'2022_2ANO_MT'!$H:$AE,22,0) -> 0.19298246 | AY14: =VLOOKUP($A14,'2022_2ANO_MT'!$H:$AE,23,0) -> 0.3625731 | AZ14: =VLOOKUP($A14,'2022_2ANO_MT'!$H:$AE,24,0) -> 0.38011696 | BA14: =VLOOKUP($A14,'2022_2ANO_MT'!$H:$AE,16,0)/100 -> 0.91935484 | BB14: =0.5*BE14+0.5*BC14 -> 0.67156151 | BC14: =(BD14-MIN($BD$5:$BD$82))/(MAX($BD$5:$BD$82)-MIN($BD$5:$BD$82)) -> 0.60066671 | BD14: =BE14-CB14 -> 0.049965228 | BE14: =0.5*BF14+0.5*BQ14 -> 0.74245631 | BF14: =(0.5*BG14+0.25*BK14+0.25*BP14) -> 0.73798263 | BG14: =(BH14-BI14)/(BJ14-BI14) -> 0.58261752 | BH14: =VLOOKUP($A14,'2023_5ANO_LP'!$H:$X,17,0) -> 229.96899 | BI14: ='REF - Profic Média e DP 2022'!$D$4-3*'REF - Profic Média e DP 2022'!$E$4 -> 49.637461 | BJ14: ='REF - Profic Média e DP 2022'!$D$4+3*'REF - Profic Média e DP 2022'!$E$4 -> 359.15703 | BK14: =(0.3*BM14+0.7*(BN14+BO14))/0.7 -> 0.83697479 | BL14: =VLOOKUP($A14,'2023_5ANO_LP'!$H:$AE,21,0) -> 0.058823529 | BM14: =VLOOKUP($A14,'2023_5ANO_LP'!$H:$AE,22,0) -> 0.18235294 | BN14: =VLOOKUP($A14,'2023_5ANO_LP'!$H:$AE,23,0) -> 0.42352941 | BO14: =VLOOKUP($A14,'2023_5ANO_LP'!$H:$AE,24,0) -> 0.33529412 | BP14: =VLOOKUP($A14,'2023_5ANO_LP'!$H:$AE,16,0)/100 -> 0.94972067 | BQ14: =(0.5*BR14+0.25*BV14+0.25*CA14) -> 0.74693 | BR14: =(BS14-BT14)/(BU14-BT14) -> 0.61731899 | BS14: =VLOOKUP($A14,'2023_5ANO_MT'!H:X,17,0) -> 248.46263 | BT14: ='REF - Profic Média e DP 2022'!$D$5-3*'REF - Profic Média e DP 2022'!$E$5 -> 78.560591 | BU14: ='REF - Profic Média e DP 2022'!$D$5+3*'REF - Profic Média e DP 2022'!$E$5 -> 353.78627 | BV14: =(0.3*BX14+0.7*(BY14+BZ14))/0.7 -> 0.80336134 | BW14: =VLOOKUP($A14,'2023_5ANO_MT'!$H:$AE,21,0) -> 0.058823529 | BX14: =VLOOKUP($A14,'2023_5ANO_MT'!$H:$AE,22,0) -> 0.24117647 | BY14: =VLOOKUP($A14,'2023_5ANO_MT'!$H:$AE,23,0) -> 0.4 | BZ14: =VLOOKUP($A14,'2023_5ANO_MT'!$H:$AE,24,0) -> 0.3 | CA14: =VLOOKUP($A14,'2023_5ANO_MT'!$H:$AE,16,0)/100 -> 0.94972067 | CB14: =0.5*CC14+0.5*CN14 -> 0.69249108 | CC14: =(0.5*CD14+0.25*CH14+0.25*CM14) -> 0.68280854 | CD14: =(CE14-CF14)/(CG14-CF14) -> 0.53081189 | CE14: =VLOOKUP($A14,'2022_5ANO_LP'!$H:$X,17,0) -> 213.93413 | CF14: ='REF - Profic Média e DP 2022'!$D$4-3*'REF - Profic Média e DP 2022'!$E$4 -> 49.637461 | CG14: ='REF - Profic Média e DP 2022'!$D$4+3*'REF - Profic Média e DP 2022'!$E$4 -> 359.15703 | CH14: =(0.3*CJ14+0.7*(CK14+CL14))/0.7 -> 0.71694765 | CI14: =VLOOKUP($A14,'2022_5ANO_LP'!$H:$AE,21,0) -> 0.13043478 | CJ14: =VLOOKUP($A14,'2022_5ANO_LP'!$H:$AE,22,0) -> 0.26708075 | CK14: =VLOOKUP($A14,'2022_5ANO_LP'!$H:$AE,23,0) -> 0.34161491 | CL14: =VLOOKUP($A14,'2022_5ANO_LP'!$H:$AE,24,0) -> 0.26086957 | CM14: =VLOOKUP($A14,'2022_5ANO_LP'!$H:$AE,16,0)/100 -> 0.95266272 | CN14: =(0.5*CO14+0.25*CS14+0.25*CX14) -> 0.70217363 | CO14: =(CP14-CQ14)/(CR14-CQ14) -> 0.56466187 | CP14: =VLOOKUP($A14,'2022_5ANO_MT'!H:X,17,0) -> 233.97004 | CQ14: ='REF - Profic Média e DP 2022'!$D$5-3*'REF - Profic Média e DP 2022'!$E$5 -> 78.560591 | CR14: ='REF - Profic Média e DP 2022'!$D$5+3*'REF - Profic Média e DP 2022'!$E$5 -> 353.78627 | CS14: =(0.3*CU14+0.7*(CV14+CW14))/0.7 -> 0.72670807 | CT14: =VLOOKUP($A14,'2022_5ANO_MT'!$H:$AE,21,0) -> 0.1242236 | CU14: =VLOOKUP($A14,'2022_5ANO_MT'!$H:$AE,22,0) -> 0.26086957 | CV14: =VLOOKUP($A14,'2022_5ANO_MT'!$H:$AE,23,0) -> 0.42236025 | CW14: =VLOOKUP($A14,'2022_5ANO_MT'!$H:$AE,24,0) -> 0.19254658 | CX14: =VLOOKUP($A14,'2022_5ANO_MT'!$H:$AE,16,0)/100 -> 0.95266272
A15: 3200805 | B15: BAIXO GUANDU | C15: =0.6*D15+0.4*BB15 -> 0.53006833 | D15: =0.5*G15+0.5*E15 -> 0.55500337 | E15: =(F15-MIN($F$5:$F$82))/(MAX($F$5:$F$82)-MIN($F$5:$F$82)) -> 0.40810952 | F15: =G15-AE15 -> 0.030803809 | G15: =0.6*H15+0.4*S15 -> 0.70189723 | H15: =(0.5*I15+0.25*M15+0.25*R15) -> 0.70099954 | I15: =(J15-K15)/(L15-K15) -> 0.5629543 | J15: =VLOOKUP(A15,'2023_2ANO_LP_LTR + ECT'!$H:$X,17,0) -> 659.98338 | K15: ='REF - Profic Média e DP 2022'!$D$2-3*'REF - Profic Média e DP 2022'!$E$2 -> 295.99944 | L15: ='REF - Profic Média e DP 2022'!$D$2+3*'REF - Profic Média e DP 2022'!$E$2 -> 942.55981 | M15: =(0.3*O15+0.7*(P15+Q15))/0.7 -> 0.80574913 | N15: =VLOOKUP($A15,'2023_2ANO_LP_LTR + ECT'!$H:$AE,21,0) -> 0.11585366 | O15: =VLOOKUP($A15,'2023_2ANO_LP_LTR + ECT'!$H:$AE,22,0) -> 0.13719512 | P15: =VLOOKUP($A15,'2023_2ANO_LP_LTR + ECT'!$H:$AE,23,0) -> 0.34756098 | Q15: =VLOOKUP($A15,'2023_2ANO_LP_LTR + ECT'!$H:$AE,24,0) -> 0.39939024 | R15: =VLOOKUP($A15,'2023_2ANO_LP_LTR + ECT'!$H:$AE,16,0)/100 -> 0.87234043 | S15: =(0.5*U15+0.25*Y15+0.25*AD15) -> 0.70324377 | T15: 0.70324377 | U15: =(V15-W15)/(X15-W15) -> 0.55307142 | V15: =VLOOKUP(A15,'2023_2ANO_MT'!$H:$X,17,0) -> 548.77896 | W15: ='REF - Profic Média e DP 2022'!$D$3-3*'REF - Profic Média e DP 2022'!$E$3 -> 256.66073 | X15: ='REF - Profic Média e DP 2022'!$D$3+3*'REF - Profic Média e DP 2022'!$E$3 -> 784.83525 | Y15: =(0.3*AA15+0.7*(AB15+AC15))/0.7 -> 0.82273519 | Z15: =VLOOKUP($A15,'2023_2ANO_MT'!$H:$AE,21,0) -> 0.051829268 | AA15: =VLOOKUP($A15,'2023_2ANO_MT'!$H:$AE,22,0) -> 0.2195122 | AB15: =VLOOKUP($A15,'2023_2ANO_MT'!$H:$AE,23,0) -> 0.42987805 | AC15: =VLOOKUP($A15,'2023_2ANO_MT'!$H:$AE,24,0) -> 0.29878049 | AD15: =VLOOKUP($A15,'2023_2ANO_MT'!$H:$AE,16,0)/100 -> 0.88409704 | AE15: =0.6*AF15+0.4*AQ15 -> 0.67109342 | AF15: =(0.5*AG15+0.25*AK15+0.25*AP15) -> 0.64419642 | AG15: =(AH15-AI15)/(AJ15-AI15) -> 0.49443018 | AH15: =VLOOKUP($A15,'2022_2ANO_LP_LTR + ECT'!H:X,17,0) -> 615.6784 | AI15: ='REF - Profic Média e DP 2022'!$D$2-3*'REF - Profic Média e DP 2022'!$E$2 -> 295.99944 | AJ15: ='REF - Profic Média e DP 2022'!$D$2+3*'REF - Profic Média e DP 2022'!$E$2 -> 942.55981 | AK15: =(0.3*AM15+0.7*(AN15+AO15))/0.7 -> 0.70987654 | AL15: =VLOOKUP($A15,'2022_2ANO_LP_LTR + ECT'!$H:$AE,21,0) -> 0.16666667 | AM15: =VLOOKUP($A15,'2022_2ANO_LP_LTR + ECT'!$H:$AE,22,0) -> 0.21604938 | AN15: =VLOOKUP($A15,'2022_2ANO_LP_LTR + ECT'!$H:$AE,23,0) -> 0.37962963 | AO15: =VLOOKUP($A15,'2022_2ANO_LP_LTR + ECT'!$H:$AE,24,0) -> 0.23765432 | AP15: =VLOOKUP($A15,'2022_2ANO_LP_LTR + ECT'!$H:$AE,16,0)/100 -> 0.87804878 | AQ15: =(0.5*AR15+0.25*AV15+0.25*BA15) -> 0.71143892 | AR15: =(AS15-AT15)/(AU15-AT15) -> 0.55965603 | AS15: =VLOOKUP($A15,'2022_2ANO_MT'!$H:$X,17,0) -> 552.25679 | AT15: ='REF - Profic Média e DP 2022'!$D$3-3*'REF - Profic Média e DP 2022'!$E$3 -> 256.66073 | AU15: ='REF - Profic Média e DP 2022'!$D$3+3*'REF - Profic Média e DP 2022'!$E$3 -> 784.83525 | AV15: =(0.3*AX15+0.7*(AY15+AZ15))/0.7 -> 0.8195943 | AW15: =VLOOKUP($A15,'2022_2ANO_MT'!$H:$AE,21,0) -> 0.066465257 | AX15: =VLOOKUP($A15,'2022_2ANO_MT'!$H:$AE,22,0) -> 0.19939577 | AY15: =VLOOKUP($A15,'2022_2ANO_MT'!$H:$AE,23,0) -> 0.3776435 | AZ15: =VLOOKUP($A15,'2022_2ANO_MT'!$H:$AE,24,0) -> 0.35649547 | BA15: =VLOOKUP($A15,'2022_2ANO_MT'!$H:$AE,16,0)/100 -> 0.90684932 | BB15: =0.5*BE15+0.5*BC15 -> 0.49266576 | BC15: =(BD15-MIN($BD$5:$BD$82))/(MAX($BD$5:$BD$82)-MIN($BD$5:$BD$82)) -> 0.3638768 | BD15: =BE15-CB15 -> 0.01950003 | BE15: =0.5*BF15+0.5*BQ15 -> 0.62145473 | BF15: =(0.5*BG15+0.25*BK15+0.25*BP15) -> 0.64396453 | BG15: =(BH15-BI15)/(BJ15-BI15) -> 0.51223803 | BH15: =VLOOKUP($A15,'2023_5ANO_LP'!$H:$X,17,0) -> 208.18516 | BI15: ='REF - Profic Média e DP 2022'!$D$4-3*'REF - Profic Média e DP 2022'!$E$4 -> 49.637461 | BJ15: ='REF - Profic Média e DP 2022'!$D$4+3*'REF - Profic Média e DP 2022'!$E$4 -> 359.15703 | BK15: =(0.3*BM15+0.7*(BN15+BO15))/0.7 -> 0.70790378 | BL15: =VLOOKUP($A15,'2023_5ANO_LP'!$H:$AE,21,0) -> 0.14089347 | BM15: =VLOOKUP($A15,'2023_5ANO_LP'!$H:$AE,22,0) -> 0.26460481 | BN15: =VLOOKUP($A15,'2023_5ANO_LP'!$H:$AE,23,0) -> 0.38487973 | BO15: =VLOOKUP($A15,'2023_5ANO_LP'!$H:$AE,24,0) -> 0.20962199 | BP15: =VLOOKUP($A15,'2023_5ANO_LP'!$H:$AE,16,0)/100 -> 0.84347826 | BQ15: =(0.5*BR15+0.25*BV15+0.25*CA15) -> 0.59894493 | BR15: =(BS15-BT15)/(BU15-BT15) -> 0.49166373 | BS15: =VLOOKUP($A15,'2023_5ANO_MT'!H:X,17,0) -> 213.87908 | BT15: ='REF - Profic Média e DP 2022'!$D$5-3*'REF - Profic Média e DP 2022'!$E$5 -> 78.560591 | BU15: ='REF - Profic Média e DP 2022'!$D$5+3*'REF - Profic Média e DP 2022'!$E$5 -> 353.78627 | BV15: =(0.3*BX15+0.7*(BY15+BZ15))/0.7 -> 0.56897398 | BW15: =VLOOKUP($A15,'2023_5ANO_MT'!$H:$AE,21,0) -> 0.19931271 | BX15: =VLOOKUP($A15,'2023_5ANO_MT'!$H:$AE,22,0) -> 0.40549828 | BY15: =VLOOKUP($A15,'2023_5ANO_MT'!$H:$AE,23,0) -> 0.3161512 | BZ15: =VLOOKUP($A15,'2023_5ANO_MT'!$H:$AE,24,0) -> 0.079037801 | CA15: =VLOOKUP($A15,'2023_5ANO_MT'!$H:$AE,16,0)/100 -> 0.84347826 | CB15: =0.5*CC15+0.5*CN15 -> 0.6019547 | CC15: =(0.5*CD15+0.25*CH15+0.25*CM15) -> 0.60510556 | CD15: =(CE15-CF15)/(CG15-CF15) -> 0.46836861 | CE15: =VLOOKUP($A15,'2022_5ANO_LP'!$H:$X,17,0) -> 194.60671 | CF15: ='REF - Profic Média e DP 2022'!$D$4-3*'REF - Profic Média e DP 2022'!$E$4 -> 49.637461 | CG15: ='REF - Profic Média e DP 2022'!$D$4+3*'REF - Profic Média e DP 2022'!$E$4 -> 359.15703 | CH15: =(0.3*CJ15+0.7*(CK15+CL15))/0.7 -> 0.58808063 | CI15: =VLOOKUP($A15,'2022_5ANO_LP'!$H:$AE,21,0) -> 0.23312883 | CJ15: =VLOOKUP($A15,'2022_5ANO_LP'!$H:$AE,22,0) -> 0.31288344 | CK15: =VLOOKUP($A15,'2022_5ANO_LP'!$H:$AE,23,0) -> 0.3006135 | CL15: =VLOOKUP($A15,'2022_5ANO_LP'!$H:$AE,24,0) -> 0.15337423 | CM15: =VLOOKUP($A15,'2022_5ANO_LP'!$H:$AE,16,0)/100 -> 0.8956044 | CN15: =(0.5*CO15+0.25*CS15+0.25*CX15) -> 0.59880383 | CO15: =(CP15-CQ15)/(CR15-CQ15) -> 0.48638747 | CP15: =VLOOKUP($A15,'2022_5ANO_MT'!H:X,17,0) -> 212.42691 | CQ15: ='REF - Profic Média e DP 2022'!$D$5-3*'REF - Profic Média e DP 2022'!$E$5 -> 78.560591 | CR15: ='REF - Profic Média e DP 2022'!$D$5+3*'REF - Profic Média e DP 2022'!$E$5 -> 353.78627 | CS15: =(0.3*CU15+0.7*(CV15+CW15))/0.7 -> 0.52134146 | CT15: =VLOOKUP($A15,'2022_5ANO_MT'!$H:$AE,21,0) -> 0.24695122 | CU15: =VLOOKUP($A15,'2022_5ANO_MT'!$H:$AE,22,0) -> 0.4054878 | CV15: =VLOOKUP($A15,'2022_5ANO_MT'!$H:$AE,23,0) -> 0.24390244 | CW15: =VLOOKUP($A15,'2022_5ANO_MT'!$H:$AE,24,0) -> 0.10365854 | CX15: =VLOOKUP($A15,'2022_5ANO_MT'!$H:$AE,16,0)/100 -> 0.9010989
A16: 3200904 | B16: BARRA DE SAO FRANCISCO | C16: =0.6*D16+0.4*BB16 -> 0.64321726 | D16: =0.5*G16+0.5*E16 -> 0.64541112 | E16: =(F16-MIN($F$5:$F$82))/(MAX($F$5:$F$82)-MIN($F$5:$F$82)) -> 0.53588155 | F16: =G16-AE16 -> 0.05112264 | G16: =0.6*H16+0.4*S16 -> 0.75494069 | H16: =(0.5*I16+0.25*M16+0.25*R16) -> 0.75247199 | I16: =(J16-K16)/(L16-K16) -> 0.59762988 | J16: =VLOOKUP(A16,'2023_2ANO_LP_LTR + ECT'!$H:$X,17,0) -> 682.40324 | K16: ='REF - Profic Média e DP 2022'!$D$2-3*'REF - Profic Média e DP 2022'!$E$2 -> 295.99944 | L16: ='REF - Profic Média e DP 2022'!$D$2+3*'REF - Profic Média e DP 2022'!$E$2 -> 942.55981 | M16: =(0.3*O16+0.7*(P16+Q16))/0.7 -> 0.87963774 | N16: =VLOOKUP($A16,'2023_2ANO_LP_LTR + ECT'!$H:$AE,21,0) -> 0.065439673 | O16: =VLOOKUP($A16,'2023_2ANO_LP_LTR + ECT'!$H:$AE,22,0) -> 0.096114519 | P16: =VLOOKUP($A16,'2023_2ANO_LP_LTR + ECT'!$H:$AE,23,0) -> 0.37627812 | Q16: =VLOOKUP($A16,'2023_2ANO_LP_LTR + ECT'!$H:$AE,24,0) -> 0.46216769 | R16: =VLOOKUP($A16,'2023_2ANO_LP_LTR + ECT'!$H:$AE,16,0)/100 -> 0.93499044 | S16: =(0.5*U16+0.25*Y16+0.25*AD16) -> 0.75864375 | T16: 0.75864375 | U16: =(V16-W16)/(X16-W16) -> 0.60698724 | V16: =VLOOKUP(A16,'2023_2ANO_MT'!$H:$X,17,0) -> 577.25592 | W16: ='REF - Profic Média e DP 2022'!$D$3-3*'REF - Profic Média e DP 2022'!$E$3 -> 256.66073 | X16: ='REF - Profic Média e DP 2022'!$D$3+3*'REF - Profic Média e DP 2022'!$E$3 -> 784.83525 | Y16: =(0.3*AA16+0.7*(AB16+AC16))/0.7 -> 0.88765034 | Z16: =VLOOKUP($A16,'2023_2ANO_MT'!$H:$AE,21,0) -> 0.034907597 | AA16: =VLOOKUP($A16,'2023_2ANO_MT'!$H:$AE,22,0) -> 0.13552361 | AB16: =VLOOKUP($A16,'2023_2ANO_MT'!$H:$AE,23,0) -> 0.37577002 | AC16: =VLOOKUP($A16,'2023_2ANO_MT'!$H:$AE,24,0) -> 0.45379877 | AD16: =VLOOKUP($A16,'2023_2ANO_MT'!$H:$AE,16,0)/100 -> 0.93295019 | AE16: =0.6*AF16+0.4*AQ16 -> 0.70381805 | AF16: =(0.5*AG16+0.25*AK16+0.25*AP16) -> 0.6998532 | AG16: =(AH16-AI16)/(AJ16-AI16) -> 0.52923382 | AH16: =VLOOKUP($A16,'2022_2ANO_LP_LTR + ECT'!H:X,17,0) -> 638.18106 | AI16: ='REF - Profic Média e DP 2022'!$D$2-3*'REF - Profic Média e DP 2022'!$E$2 -> 295.99944 | AJ16: ='REF - Profic Média e DP 2022'!$D$2+3*'REF - Profic Média e DP 2022'!$E$2 -> 942.55981 | AK16: =(0.3*AM16+0.7*(AN16+AO16))/0.7 -> 0.80357143 | AL16: =VLOOKUP($A16,'2022_2ANO_LP_LTR + ECT'!$H:$AE,21,0) -> 0.099137931 | AM16: =VLOOKUP($A16,'2022_2ANO_LP_LTR + ECT'!$H:$AE,22,0) -> 0.17025862 | AN16: =VLOOKUP($A16,'2022_2ANO_LP_LTR + ECT'!$H:$AE,23,0) -> 0.46982759 | AO16: =VLOOKUP($A16,'2022_2ANO_LP_LTR + ECT'!$H:$AE,24,0) -> 0.26077586 | AP16: =VLOOKUP($A16,'2022_2ANO_LP_LTR + ECT'!$H:$AE,16,0)/100 -> 0.93737374 | AQ16: =(0.5*AR16+0.25*AV16+0.25*BA16) -> 0.70976533 | AR16: =(AS16-AT16)/(AU16-AT16) -> 0.54447862 | AS16: =VLOOKUP($A16,'2022_2ANO_MT'!$H:$X,17,0) -> 544.24046 | AT16: ='REF - Profic Média e DP 2022'!$D$3-3*'REF - Profic Média e DP 2022'!$E$3 -> 256.66073 | AU16: ='REF - Profic Média e DP 2022'!$D$3+3*'REF - Profic Média e DP 2022'!$E$3 -> 784.83525 | AV16: =(0.3*AX16+0.7*(AY16+AZ16))/0.7 -> 0.81650246 | AW16: =VLOOKUP($A16,'2022_2ANO_MT'!$H:$AE,21,0) -> 0.051724138 | AX16: =VLOOKUP($A16,'2022_2ANO_MT'!$H:$AE,22,0) -> 0.23060345 | AY16: =VLOOKUP($A16,'2022_2ANO_MT'!$H:$AE,23,0) -> 0.45689655 | AZ16: =VLOOKUP($A16,'2022_2ANO_MT'!$H:$AE,24,0) -> 0.26077586 | BA16: =VLOOKUP($A16,'2022_2ANO_MT'!$H:$AE,16,0)/100 -> 0.93360161 | BB16: =0.5*BE16+0.5*BC16 -> 0.63992646 | BC16: =(BD16-MIN($BD$5:$BD$82))/(MAX($BD$5:$BD$82)-MIN($BD$5:$BD$82)) -> 0.55420924 | BD16: =BE16-CB16 -> 0.043988048 | BE16: =0.5*BF16+0.5*BQ16 -> 0.72564368 | BF16: =(0.5*BG16+0.25*BK16+0.25*BP16) -> 0.73269785 | BG16: =(BH16-BI16)/(BJ16-BI16) -> 0.58475927 | BH16: =VLOOKUP($A16,'2023_5ANO_LP'!$H:$X,17,0) -> 230.6319 | BI16: ='REF - Profic Média e DP 2022'!$D$4-3*'REF - Profic Média e DP 2022'!$E$4 -> 49.637461 | BJ16: ='REF - Profic Média e DP 2022'!$D$4+3*'REF - Profic Média e DP 2022'!$E$4 -> 359.15703 | BK16: =(0.3*BM16+0.7*(BN16+BO16))/0.7 -> 0.827654 | BL16: =VLOOKUP($A16,'2023_5ANO_LP'!$H:$AE,21,0) -> 0.050458716 | BM16: =VLOOKUP($A16,'2023_5ANO_LP'!$H:$AE,22,0) -> 0.21330275 | BN16: =VLOOKUP($A16,'2023_5ANO_LP'!$H:$AE,23,0) -> 0.37614679 | BO16: =VLOOKUP($A16,'2023_5ANO_LP'!$H:$AE,24,0) -> 0.36009174 | BP16: =VLOOKUP($A16,'2023_5ANO_LP'!$H:$AE,16,0)/100 -> 0.93361884 | BQ16: =(0.5*BR16+0.25*BV16+0.25*CA16) -> 0.71858952 | BR16: =(BS16-BT16)/(BU16-BT16) -> 0.59127394 | BS16: =VLOOKUP($A16,'2023_5ANO_MT'!H:X,17,0) -> 241.29436 | BT16: ='REF - Profic Média e DP 2022'!$D$5-3*'REF - Profic Média e DP 2022'!$E$5 -> 78.560591 | BU16: ='REF - Profic Média e DP 2022'!$D$5+3*'REF - Profic Média e DP 2022'!$E$5 -> 353.78627 | BV16: =(0.3*BX16+0.7*(BY16+BZ16))/0.7 -> 0.75819135 | BW16: =VLOOKUP($A16,'2023_5ANO_MT'!$H:$AE,21,0) -> 0.096330275 | BX16: =VLOOKUP($A16,'2023_5ANO_MT'!$H:$AE,22,0) -> 0.25458716 | BY16: =VLOOKUP($A16,'2023_5ANO_MT'!$H:$AE,23,0) -> 0.42201835 | BZ16: =VLOOKUP($A16,'2023_5ANO_MT'!$H:$AE,24,0) -> 0.22706422 | CA16: =VLOOKUP($A16,'2023_5ANO_MT'!$H:$AE,16,0)/100 -> 0.93361884 | CB16: =0.5*CC16+0.5*CN16 -> 0.68165564 | CC16: =(0.5*CD16+0.25*CH16+0.25*CM16) -> 0.68558659 | CD16: =(CE16-CF16)/(CG16-CF16) -> 0.53405529 | CE16: =VLOOKUP($A16,'2022_5ANO_LP'!$H:$X,17,0) -> 214.93803 | CF16: ='REF - Profic Média e DP 2022'!$D$4-3*'REF - Profic Média e DP 2022'!$E$4 -> 49.637461 | CG16: ='REF - Profic Média e DP 2022'!$D$4+3*'REF - Profic Média e DP 2022'!$E$4 -> 359.15703 | CH16: =(0.3*CJ16+0.7*(CK16+CL16))/0.7 -> 0.72718894 | CI16: =VLOOKUP($A16,'2022_5ANO_LP'!$H:$AE,21,0) -> 0.12043011 | CJ16: =VLOOKUP($A16,'2022_5ANO_LP'!$H:$AE,22,0) -> 0.26666667 | CK16: =VLOOKUP($A16,'2022_5ANO_LP'!$H:$AE,23,0) -> 0.35268817 | CL16: =VLOOKUP($A16,'2022_5ANO_LP'!$H:$AE,24,0) -> 0.26021505 | CM16: =VLOOKUP($A16,'2022_5ANO_LP'!$H:$AE,16,0)/100 -> 0.94704684 | CN16: =(0.5*CO16+0.25*CS16+0.25*CX16) -> 0.67772468 | CO16: =(CP16-CQ16)/(CR16-CQ16) -> 0.5470565 | CP16: =VLOOKUP($A16,'2022_5ANO_MT'!H:X,17,0) -> 229.12459 | CQ16: ='REF - Profic Média e DP 2022'!$D$5-3*'REF - Profic Média e DP 2022'!$E$5 -> 78.560591 | CR16: ='REF - Profic Média e DP 2022'!$D$5+3*'REF - Profic Média e DP 2022'!$E$5 -> 353.78627 | CS16: =(0.3*CU16+0.7*(CV16+CW16))/0.7 -> 0.66973886 | CT16: =VLOOKUP($A16,'2022_5ANO_MT'!$H:$AE,21,0) -> 0.1483871 | CU16: =VLOOKUP($A16,'2022_5ANO_MT'!$H:$AE,22,0) -> 0.31827957 | CV16: =VLOOKUP($A16,'2022_5ANO_MT'!$H:$AE,23,0) -> 0.36344086 | CW16: =VLOOKUP($A16,'2022_5ANO_MT'!$H:$AE,24,0) -> 0.16989247 | CX16: =VLOOKUP($A16,'2022_5ANO_MT'!$H:$AE,16,0)/100 -> 0.94704684
... A82: 3205309 | B82: VITORIA | C82: =0.6*D82+0.4*BB82 -> 0.67208701 | D82: =0.5*G82+0.5*E82 -> 0.68548224 | E82: =(F82-MIN($F$5:$F$82))/(MAX($F$5:$F$82)-MIN($F$5:$F$82)) -> 0.67433469 | F82: =G82-AE82 -> 0.073140026 | G82: =0.6*H82+0.4*S82 -> 0.69662978 | H82: =(0.5*I82+0.25*M82+0.25*R82) -> 0.70619356 | I82: =(J82-K82)/(L82-K82) -> 0.55101966 | J82: =VLOOKUP(A82,'2023_2ANO_LP_LTR + ECT'!$H:$X,17,0) -> 652.26692 | K82: ='REF - Profic Média e DP 2022'!$D$2-3*'REF - Profic Média e DP 2022'!$E$2 -> 295.99944 | L82: ='REF - Profic Média e DP 2022'!$D$2+3*'REF - Profic Média e DP 2022'!$E$2 -> 942.55981 | M82: =(0.3*O82+0.7*(P82+Q82))/0.7 -> 0.80720093 | N82: =VLOOKUP($A82,'2023_2ANO_LP_LTR + ECT'!$H:$AE,21,0) -> 0.10109579 | O82: =VLOOKUP($A82,'2023_2ANO_LP_LTR + ECT'!$H:$AE,22,0) -> 0.15800636 | P82: =VLOOKUP($A82,'2023_2ANO_LP_LTR + ECT'!$H:$AE,23,0) -> 0.39483917 | Q82: =VLOOKUP($A82,'2023_2ANO_LP_LTR + ECT'!$H:$AE,24,0) -> 0.34464475 | R82: =VLOOKUP($A82,'2023_2ANO_LP_LTR + ECT'!$H:$AE,16,0)/100 -> 0.91553398 | S82: =(0.5*U82+0.25*Y82+0.25*AD82) -> 0.68228411 | T82: 0.68228411 | U82: =(V82-W82)/(X82-W82) -> 0.51970619 | V82: =VLOOKUP(A82,'2023_2ANO_MT'!$H:$X,17,0) -> 531.15629 | W82: ='REF - Profic Média e DP 2022'!$D$3-3*'REF - Profic Média e DP 2022'!$E$3 -> 256.66073 | X82: ='REF - Profic Média e DP 2022'!$D$3+3*'REF - Profic Média e DP 2022'!$E$3 -> 784.83525 | Y82: =(0.3*AA82+0.7*(AB82+AC82))/0.7 -> 0.78211716 | Z82: =VLOOKUP($A82,'2023_2ANO_MT'!$H:$AE,21,0) -> 0.067625899 | AA82: =VLOOKUP($A82,'2023_2ANO_MT'!$H:$AE,22,0) -> 0.26043165 | AB82: =VLOOKUP($A82,'2023_2ANO_MT'!$H:$AE,23,0) -> 0.46978417 | AC82: =VLOOKUP($A82,'2023_2ANO_MT'!$H:$AE,24,0) -> 0.20071942 | AD82: =VLOOKUP($A82,'2023_2ANO_MT'!$H:$AE,16,0)/100 -> 0.90760692 | AE82: =0.6*AF82+0.4*AQ82 -> 0.62348975 | AF82: =(0.5*AG82+0.25*AK82+0.25*AP82) -> 0.63669866 | AG82: =(AH82-AI82)/(AJ82-AI82) -> 0.48744759 | AH82: =VLOOKUP($A82,'2022_2ANO_LP_LTR + ECT'!H:X,17,0) -> 611.16374 | AI82: ='REF - Profic Média e DP 2022'!$D$2-3*'REF - Profic Média e DP 2022'!$E$2 -> 295.99944 | AJ82: ='REF - Profic Média e DP 2022'!$D$2+3*'REF - Profic Média e DP 2022'!$E$2 -> 942.55981 | AK82: =(0.3*AM82+0.7*(AN82+AO82))/0.7 -> 0.70942339 | AL82: =VLOOKUP($A82,'2022_2ANO_LP_LTR + ECT'!$H:$AE,21,0) -> 0.17240104 | AM82: =VLOOKUP($A82,'2022_2ANO_LP_LTR + ECT'!$H:$AE,22,0) -> 0.20680725 | AN82: =VLOOKUP($A82,'2022_2ANO_LP_LTR + ECT'!$H:$AE,23,0) -> 0.42249353 | AO82: =VLOOKUP($A82,'2022_2ANO_LP_LTR + ECT'!$H:$AE,24,0) -> 0.19829819 | AP82: =VLOOKUP($A82,'2022_2ANO_LP_LTR + ECT'!$H:$AE,16,0)/100 -> 0.86247607 | AQ82: =(0.5*AR82+0.25*AV82+0.25*BA82) -> 0.60367639 | AR82: =(AS82-AT82)/(AU82-AT82) -> 0.4558172 | AS82: =VLOOKUP($A82,'2022_2ANO_MT'!$H:$X,17,0) -> 497.41176 | AT82: ='REF - Profic Média e DP 2022'!$D$3-3*'REF - Profic Média e DP 2022'!$E$3 -> 256.66073 | AU82: ='REF - Profic Média e DP 2022'!$D$3+3*'REF - Profic Média e DP 2022'!$E$3 -> 784.83525 | AV82: =(0.3*AX82+0.7*(AY82+AZ82))/0.7 -> 0.65551605 | AW82: =VLOOKUP($A82,'2022_2ANO_MT'!$H:$AE,21,0) -> 0.11199095 | AX82: =VLOOKUP($A82,'2022_2ANO_MT'!$H:$AE,22,0) -> 0.40686275 | AY82: =VLOOKUP($A82,'2022_2ANO_MT'!$H:$AE,23,0) -> 0.37254902 | AZ82: =VLOOKUP($A82,'2022_2ANO_MT'!$H:$AE,24,0) -> 0.10859729 | BA82: =VLOOKUP($A82,'2022_2ANO_MT'!$H:$AE,16,0)/100 -> 0.84755513 | BB82: =0.5*BE82+0.5*BC82 -> 0.65199418 | BC82: =(BD82-MIN($BD$5:$BD$82))/(MAX($BD$5:$BD$82)-MIN($BD$5:$BD$82)) -> 0.64028916 | BD82: =BE82-CB82 -> 0.05506302 | BE82: =0.5*BF82+0.5*BQ82 -> 0.6636992 | BF82: =(0.5*BG82+0.25*BK82+0.25*BP82) -> 0.68325145 | BG82: =(BH82-BI82)/(BJ82-BI82) -> 0.53970678 | BH82: =VLOOKUP($A82,'2023_5ANO_LP'!$H:$X,17,0) -> 216.68727 | BI82: ='REF - Profic Média e DP 2022'!$D$4-3*'REF - Profic Média e DP 2022'!$E$4 -> 49.637461 | BJ82: ='REF - Profic Média e DP 2022'!$D$4+3*'REF - Profic Média e DP 2022'!$E$4 -> 359.15703 | BK82: =(0.3*BM82+0.7*(BN82+BO82))/0.7 -> 0.73701177 | BL82: =VLOOKUP($A82,'2023_5ANO_LP'!$H:$AE,21,0) -> 0.10793531 | BM82: =VLOOKUP($A82,'2023_5ANO_LP'!$H:$AE,22,0) -> 0.27002633 | BN82: =VLOOKUP($A82,'2023_5ANO_LP'!$H:$AE,23,0) -> 0.35953366 | BO82: =VLOOKUP($A82,'2023_5ANO_LP'!$H:$AE,24,0) -> 0.26175254 | BP82: =VLOOKUP($A82,'2023_5ANO_LP'!$H:$AE,16,0)/100 -> 0.91658049 | BQ82: =(0.5*BR82+0.25*BV82+0.25*CA82) -> 0.64414695 | BR82: =(BS82-BT82)/(BU82-BT82) -> 0.52269455 | BS82: =VLOOKUP($A82,'2023_5ANO_MT'!H:X,17,0) -> 222.41955 | BT82: ='REF - Profic Média e DP 2022'!$D$5-3*'REF - Profic Média e DP 2022'!$E$5 -> 78.560591 | BU82: ='REF - Profic Média e DP 2022'!$D$5+3*'REF - Profic Média e DP 2022'!$E$5 -> 353.78627 | BV82: =(0.3*BX82+0.7*(BY82+BZ82))/0.7 -> 0.61496292 | BW82: =VLOOKUP($A82,'2023_5ANO_MT'!$H:$AE,21,0) -> 0.17983446 | BX82: =VLOOKUP($A82,'2023_5ANO_MT'!$H:$AE,22,0) -> 0.35778781 | BY82: =VLOOKUP($A82,'2023_5ANO_MT'!$H:$AE,23,0) -> 0.31941309 | BZ82: =VLOOKUP($A82,'2023_5ANO_MT'!$H:$AE,24,0) -> 0.14221219 | CA82: =VLOOKUP($A82,'2023_5ANO_MT'!$H:$AE,16,0)/100 -> 0.91623578 | CB82: =0.5*CC82+0.5*CN82 -> 0.60863618 | CC82: =(0.5*CD82+0.25*CH82+0.25*CM82) -> 0.61830988 | CD82: =(CE82-CF82)/(CG82-CF82) -> 0.48374148 | CE82: =VLOOKUP($A82,'2022_5ANO_LP'!$H:$X,17,0) -> 199.36492 | CF82: ='REF - Profic Média e DP 2022'!$D$4-3*'REF - Profic Média e DP 2022'!$E$4 -> 49.637461 | CG82: ='REF - Profic Média e DP 2022'!$D$4+3*'REF - Profic Média e DP 2022'!$E$4 -> 359.15703 | CH82: =(0.3*CJ82+0.7*(CK82+CL82))/0.7 -> 0.62470359 | CI82: =VLOOKUP($A82,'2022_5ANO_LP'!$H:$AE,21,0) -> 0.19254887 | CJ82: =VLOOKUP($A82,'2022_5ANO_LP'!$H:$AE,22,0) -> 0.31980819 | CK82: =VLOOKUP($A82,'2022_5ANO_LP'!$H:$AE,23,0) -> 0.31538178 | CL82: =VLOOKUP($A82,'2022_5ANO_LP'!$H:$AE,24,0) -> 0.17226116 | CM82: =VLOOKUP($A82,'2022_5ANO_LP'!$H:$AE,16,0)/100 -> 0.88105297 | CN82: =(0.5*CO82+0.25*CS82+0.25*CX82) -> 0.59896248 | CO82: =(CP82-CQ82)/(CR82-CQ82) -> 0.48490137 | CP82: =VLOOKUP($A82,'2022_5ANO_MT'!H:X,17,0) -> 212.0179 | CQ82: ='REF - Profic Média e DP 2022'!$D$5-3*'REF - Profic Média e DP 2022'!$E$5 -> 78.560591 | CR82: ='REF - Profic Média e DP 2022'!$D$5+3*'REF - Profic Média e DP 2022'!$E$5 -> 353.78627 | CS82: =(0.3*CU82+0.7*(CV82+CW82))/0.7 -> 0.5446692 | CT82: =VLOOKUP($A82,'2022_5ANO_MT'!$H:$AE,21,0) -> 0.22713864 | CU82: =VLOOKUP($A82,'2022_5ANO_MT'!$H:$AE,22,0) -> 0.39933628 | CV82: =VLOOKUP($A82,'2022_5ANO_MT'!$H:$AE,23,0) -> 0.28134218 | CW82: =VLOOKUP($A82,'2022_5ANO_MT'!$H:$AE,24,0) -> 0.092182891 | CX82: =VLOOKUP($A82,'2022_5ANO_MT'!$H:$AE,16,0)/100 -> 0.88137797

Sheet P
A1: Código município | B1: Município | C1: TAXA DE APROVAÇÃO - ANOS INICIAIS
A2: 3200102 | B2: AFONSO CLAUDIO | C2: 0.982 | D2: Já atualizado com dados finais de 2023 - Publicado no Educacenso - Extraido em 13/03/2024
A3: 3200169 | B3: AGUA DOCE DO NORTE | C3: 0.996
A4: 3200136 | B4: AGUIA BRANCA | C4: 1
A5: 3200201 | B5: ALEGRE | C5: 0.963
A6: 3200300 | B6: ALFREDO CHAVES | C6: 0.971
A7: 3200359 | B7: ALTO RIO NOVO | C7: 0.976
A8: 3200409 | B8: ANCHIETA | C8: 0.972
A9: 3200508 | B9: APIACA | C9: 0.967
A10: 3200607 | B10: ARACRUZ | C10: 0.98
A11: 3200706 | B11: ATILIO VIVACQUA | C11: 0.984
A12: 3200805 | B12: BAIXO GUANDU | C12: 0.967
A13: 3200904 | B13: BARRA DE SAO FRANCISCO | C13: 0.98
A14: 3201001 | B14: BOA ESPERANCA | C14: 0.986
... A79: 3205309 | B79: VITORIA | C79: 0.97

Sheet IQE
A1: Código município | B1: Município | C1: IQEF | D1: P | E1: IMEG | F1: IQE | G1: IQE_IPM | H1: Ranking
A2: 3200102 | B2: AFONSO CLAUDIO | C2: =VLOOKUP(A2,IQEF!A:C,3,0) -> 0.66016135 | D2: =VLOOKUP(B2,P!B:C,2,0) -> 0.982 | E2: =VLOOKUP(B2,IMEG!B:C,2,0) -> 0.30269756 | F2: =C2*0.7+D2*0.15+E2*0.15 -> 0.65481758 | G2: =F2/(SUM($F$2:$F$79))*10 -> 0.12839431 | H2: =RANK(F2,$F$2:$F$79,0) -> 45
A3: 3200169 | B3: AGUA DOCE DO NORTE | C3: =VLOOKUP(A3,IQEF!A:C,3,0) -> 0.73192125 | D3: =VLOOKUP(B3,P!B:C,2,0) -> 0.996 | E3: =VLOOKUP(B3,IMEG!B:C,2,0) -> 0.27101123 | F3: =C3*0.7+D3*0.15+E3*0.15 -> 0.70239656 | G3: =F3/(SUM($F$2:$F$79))*10 -> 0.13772343 | H3: =RANK(F3,$F$2:$F$79,0) -> 21
A4: 3200136 | B4: AGUIA BRANCA | C4: =VLOOKUP(A4,IQEF!A:C,3,0) -> 0.71596432 | D4: =VLOOKUP(B4,P!B:C,2,0) -> 1 | E4: =VLOOKUP(B4,IMEG!B:C,2,0) -> 0.79483324 | F4: =C4*0.7+D4*0.15+E4*0.15 -> 0.77040001 | G4: =F4/(SUM($F$2:$F$79))*10 -> 0.15105731 | H4: =RANK(F4,$F$2:$F$79,0) -> 7
A5: 3200201 | B5: ALEGRE | C5: =VLOOKUP(A5,IQEF!A:C,3,0) -> 0.38980252 | D5: =VLOOKUP(B5,P!B:C,2,0) -> 0.963 | E5: =VLOOKUP(B5,IMEG!B:C,2,0) -> 0.75 | F5: =C5*0.7+D5*0.15+E5*0.15 -> 0.52981176 | G5: =F5/(SUM($F$2:$F$79))*10 -> 0.10388361 | H5: =RANK(F5,$F$2:$F$79,0) -> 69
A6: 3200300 | B6: ALFREDO CHAVES | C6: =VLOOKUP(A6,IQEF!A:C,3,0) -> 0.53587705 | D6: =VLOOKUP(B6,P!B:C,2,0) -> 0.971 | E6: =VLOOKUP(B6,IMEG!B:C,2,0) -> 1 | F6: =C6*0.7+D6*0.15+E6*0.15 -> 0.67076394 | G6: =F6/(SUM($F$2:$F$79))*10 -> 0.13152102 | H6: =RANK(F6,$F$2:$F$79,0) -> 40
A7: 3200359 | B7: ALTO RIO NOVO | C7: =VLOOKUP(A7,IQEF!A:C,3,0) -> 0.60444242 | D7: =VLOOKUP(B7,P!B:C,2,0) -> 0.976 | E7: =VLOOKUP(B7,IMEG!B:C,2,0) -> 0.37297136 | F7: =C7*0.7+D7*0.15+E7*0.15 -> 0.6254554 | G7: =F7/(SUM($F$2:$F$79))*10 -> 0.12263708 | H7: =RANK(F7,$F$2:$F$79,0) -> 53
A8: 3200409 | B8: ANCHIETA | C8: =VLOOKUP(A8,IQEF!A:C,3,0) -> 0.63466425 | D8: =VLOOKUP(B8,P!B:C,2,0) -> 0.972 | E8: =VLOOKUP(B8,IMEG!B:C,2,0) -> 0.25 | F8: =C8*0.7+D8*0.15+E8*0.15 -> 0.62756497 | G8: =F8/(SUM($F$2:$F$79))*10 -> 0.12305072 | H8: =RANK(F8,$F$2:$F$79,0) -> 52
A9: 3200508 | B9: APIACA | C9: =VLOOKUP(A9,IQEF!A:C,3,0) -> 0.60824779 | D9: =VLOOKUP(B9,P!B:C,2,0) -> 0.967 | E9: =VLOOKUP(B9,IMEG!B:C,2,0) -> 0.5 | F9: =C9*0.7+D9*0.15+E9*0.15 -> 0.64582345 | G9: =F9/(SUM($F$2:$F$79))*10 -> 0.12663077 | H9: =RANK(F9,$F$2:$F$79,0) -> 48
A10: 3200607 | B10: ARACRUZ | C10: =VLOOKUP(A10,IQEF!A:C,3,0) -> 0.58100934 | D10: =VLOOKUP(B10,P!B:C,2,0) -> 0.98 | E10: =VLOOKUP(B10,IMEG!B:C,2,0) -> 0.62054453 | F10: =C10*0.7+D10*0.15+E10*0.15 -> 0.64678822 | G10: =F10/(SUM($F$2:$F$79))*10 -> 0.12681994 | H10: =RANK(F10,$F$2:$F$79,0) -> 47
A11: 3200706 | B11: ATILIO VIVACQUA | C11: =VLOOKUP(A11,IQEF!A:C,3,0) -> 0.76834954 | D11: =VLOOKUP(B11,P!B:C,2,0) -> 0.984 | E11: =VLOOKUP(B11,IMEG!B:C,2,0) -> 1 | F11: =C11*0.7+D11*0.15+E11*0.15 -> 0.83544468 | G11: =F11/(SUM($F$2:$F$79))*10 -> 0.16381103 | H11: =RANK(F11,$F$2:$F$79,0) -> 1
A12: 3200805 | B12: BAIXO GUANDU | C12: =VLOOKUP(A12,IQEF!A:C,3,0) -> 0.53006833 | D12: =VLOOKUP(B12,P!B:C,2,0) -> 0.967 | E12: =VLOOKUP(B12,IMEG!B:C,2,0) -> 0.5 | F12: =C12*0.7+D12*0.15+E12*0.15 -> 0.59109783 | G12: =F12/(SUM($F$2:$F$79))*10 -> 0.11590037 | H12: =RANK(F12,$F$2:$F$79,0) -> 59
A13: 3200904 | B13: BARRA DE SAO FRANCISCO | C13: =VLOOKUP(A13,IQEF!A:C,3,0) -> 0.64321726 | D13: =VLOOKUP(B13,P!B:C,2,0) -> 0.98 | E13: =VLOOKUP(B13,IMEG!B:C,2,0) -> 0.62138886 | F13: =C13*0.7+D13*0.15+E13*0.15 -> 0.69046041 | G13: =F13/(SUM($F$2:$F$79))*10 -> 0.13538303 | H13: =RANK(F13,$F$2:$F$79,0) -> 33
... A79: 3205309 | B79: VITORIA | C79: =VLOOKUP(A79,IQEF!A:C,3,0) -> 0.67208701 | D79: =VLOOKUP(B79,P!B:C,2,0) -> 0.97 | E79: =VLOOKUP(B79,IMEG!B:C,2,0) -> 0.3010606 | F79: =C79*0.7+D79*0.15+E79*0.15 -> 0.66112 | G79: =F79/(SUM($F$2:$F$79))*10 -> 0.12963007 | H79: =RANK(F79,$F$2:$F$79,0) -> 43

Sheet IMEG
A1: Código município | B1: Município | C1: IMEG | D1: IVEC | E1: 2º ANO - LÍNGUA PORTUGUESA | N1: 2º ANO - MATEMÁTICA | W1: 5º ANO - LÍNGUA PORTUGUESA | AF1: 5º ANO - MATEMÁTICA
E2: Proficiência1QLP22022 | F2: Proficiência3QLP22022 | G2: IEQFSEt-1 | H2: DESVt-1 = |(IEQFSEt-1)-1| | I2: Proficiência 1QLP22023 | J2: Proficiência 3QLP22023 | K2: IEQFSEt | L2: DESVt = |(IEQFSEt)-1| | M2: ΔDESVFSEtLP2 | N2: Proficiência 1QLP22022 | O2: Proficiência 3QLP22022 | P2: IEQFSEt-1 | Q2: DESVt-1 = |(IEQFSEt-1)-1| | R2: Proficiência 1QLP22023 | S2: Proficiência 3QLP22023 | T2: IEQFSEt | U2: DESVt = |(IEQFSEt)-1| | V2: ΔDESVFSEtLP2 | W2: Proficiência 1QLP52022 | X2: Proficiência 3QLP52022 | Y2: IEQFSEt-1 | Z2: DESVt-1 = |(IEQFSEt-1)-1| | AA2: Proficiência 1QLP52023 | AB2: Proficiência 3QLP52023 | AC2: IEQFSEt | AD2: DESVt = |(IEQFSEt)-1| | AE2: ΔDESVFSEtLP5 | AF2: Proficiência 1QLP52022 | AG2: Proficiência 3QLP52022 | AH2: IEQFSEt-1 | AI2: DESVt-1 = |(IEQFSEt-1)-1| | AJ2: Proficiência 1QLP52023 | AK2: Proficiência 3QLP52023 | AL2: IEQFSEt | AM2: DESVt = |(IEQFSEt)-1| | AN2: ΔDESVFSEtLP5
A3: 3200102 | B3: AFONSO CLAUDIO | C3: =(D3-MIN($D$3:$D$80))/(MAX($D$3:$D$80)-MIN($D$3:$D$80)) -> 0.30269756 | D3: =(0.25*M3+0.25*V3+0.25*AE3+0.25*AN3) -> 0.30269756 | E3: 667.53006 | F3: 727.23317 | G3: =IFERROR(E3/F3,0) -> 0.91790376 | H3: =ABS(G3-1) -> 0.082096244 | I3: 717.28212 | J3: 783.51575 | K3: =I3/J3 -> 0.91546611 | L3: =ABS(K3-1) -> 0.084533885 | M3: =IF(L3<=0.1,1,IF(L3>H3,0,(H3-L3)/H3)) -> 1 | N3: 552.59008 | O3: 596.16814 | P3: =IFERROR(N3/O3,0) -> 0.92690307 | Q3: =ABS(P3-1) -> 0.073096926 | R3: 548.72026 | S3: 630.63681 | T3: =R3/S3 -> 0.87010504 | U3: =ABS(T3-1) -> 0.12989496 | V3: =IF(U3<=0.1,1,IF(U3>Q3,0,(Q3-U3)/Q3)) -> 0 | W3: 206.60348 | X3: 233.05624 | Y3: =W3/X3 -> 0.88649627 | Z3: =ABS(Y3-1) -> 0.11350373 | AA3: 217.12279 | AB3: 250.34522 | AC3: =AA3/AB3 -> 0.86729356 | AD3: =ABS(AC3-1) -> 0.13270644 | AE3: =IF(AD3<=0.1,1,IF(AD3>Z3,0,(Z3-AD3)/Z3)) -> 0 | AF3: 216.33818 | AG3: 258.96088 | AH3: =AF3/AG3 -> 0.83540873 | AI3: =ABS(AH3-1) -> 0.16459127 | AJ3: 233.7477 | AK3: 268.64372 | AL3: =AJ3/AK3 -> 0.87010297 | AM3: =ABS(AL3-1) -> 0.12989703 | AN3: =IF(AM3<=0.1,1,IF(AM3>AI3,0,(AI3-AM3)/AI3)) -> 0.21079025
A4: 3200169 | B4: AGUA DOCE DO NORTE | C4: =(D4-MIN($D$3:$D$80))/(MAX($D$3:$D$80)-MIN($D$3:$D$80)) -> 0.27101123 | D4: =(0.25*M4+0.25*V4+0.25*AE4+0.25*AN4) -> 0.27101123 | E4: 597.14695 | F4: 647.97173 | G4: =IFERROR(E4/F4,0) -> 0.92156326 | H4: =ABS(G4-1) -> 0.078436736 | I4: 646.299 | J4: 725.40139 | K4: =I4/J4 -> 0.89095363 | L4: =ABS(K4-1) -> 0.10904637 | M4: =IF(L4<=0.1,1,IF(L4>H4,0,(H4-L4)/H4)) -> 0 | N4: 458.22226 | O4: 524.15364 | P4: =IFERROR(N4/O4,0) -> 0.87421364 | Q4: =ABS(P4-1) -> 0.12578636 | R4: 580.65138 | S4: 605.56684 | T4: =R4/S4 -> 0.95885598 | U4: =ABS(T4-1) -> 0.041144017 | V4: =IF(U4<=0.1,1,IF(U4>Q4,0,(Q4-U4)/Q4)) -> 1 | W4: 197.47412 | X4: 240.18545 | Y4: =W4/X4 -> 0.82217351 | Z4: =ABS(Y4-1) -> 0.17782649 | AA4: 193.62682 | AB4: 236.42174 | AC4: =AA4/AB4 -> 0.81898905 | AD4: =ABS(AC4-1) -> 0.18101095 | AE4: =IF(AD4<=0.1,1,IF(AD4>Z4,0,(Z4-AD4)/Z4)) -> 0 | AF4: 206.77925 | AG4: 254.81528 | AH4: =AF4/AG4 -> 0.81148686 | AI4: =ABS(AH4-1) -> 0.18851314 | AJ4: 211.22276 | AK4: 255.3064 | AL4: =AJ4/AK4 -> 0.82733044 | AM4: =ABS(AL4-1) -> 0.17266956 | AN4: =IF(AM4<=0.1,1,IF(AM4>AI4,0,(AI4-AM4)/AI4)) -> 0.084044919
